{
  "global": [
    {
      "type": "SET_MODEL_NAME",
      "input": {
        "name": "ActiveData"
      },
      "scope": "global",
      "id": "d5108738-78a1-49c8-bcd7-5a164507ecfe",
      "index": 0,
      "timestamp": "2024-12-13T08:40:15.921Z",
      "hash": "QSLWT2w4JWTL+JQUc7mBd0u2MzU=",
      "skip": 0
    },
    {
      "type": "SET_STATE_SCHEMA",
      "input": {
        "schema": "type ActiveDataState {\n  \"Add your global state fields here\"\n  _placeholder: String\n}",
        "scope": "global"
      },
      "scope": "global",
      "id": "13270ff6-617a-49fc-9165-7af7d0f6c6de",
      "index": 1,
      "timestamp": "2024-12-13T08:40:15.938Z",
      "hash": "qvm4y7AmZNrEgQX75MYO1pnLl1o=",
      "skip": 0
    },
    {
      "type": "SET_MODEL_NAME",
      "input": {
        "name": "AtlasActiveData"
      },
      "scope": "global",
      "id": "cc235939-6c1f-4afc-883a-6002b7de92b5",
      "index": 2,
      "timestamp": "2024-12-13T08:40:19.348Z",
      "hash": "y3UMkBo27zAAjN9/nxu3dLnGqEI=",
      "skip": 0
    },
    {
      "type": "SET_STATE_SCHEMA",
      "input": {
        "schema": "type AtlasActiveDataState {\n  \"Add your global state fields here\"\n  _placeholder: String\n}",
        "scope": "global"
      },
      "scope": "global",
      "id": "8359f2fb-c749-45c6-a807-994e16f3c4e9",
      "index": 3,
      "timestamp": "2024-12-13T08:40:19.349Z",
      "hash": "OOWhb6P2DzrR84cnwjTgGE5WYtE=",
      "skip": 0
    },
    {
      "type": "SET_STATE_SCHEMA",
      "input": {
        "schema": "type AtlasActiveDataState {\n  \"Add your global state fields here\"\n  _placeholder: String\n}",
        "scope": "global"
      },
      "scope": "global",
      "id": "e2ec2499-93db-43b2-b732-86743c8ba222",
      "index": 4,
      "timestamp": "2024-12-13T08:40:19.349Z",
      "hash": "OOWhb6P2DzrR84cnwjTgGE5WYtE=",
      "skip": 0
    },
    {
      "type": "SET_MODEL_ID",
      "input": {
        "id": "sky/atlas-activedata"
      },
      "scope": "global",
      "id": "52c37327-232d-41e2-865d-19328b628063",
      "index": 5,
      "timestamp": "2024-12-13T08:40:28.577Z",
      "hash": "w4FdPOB9pD61WfrKG3nvkGHJRA4=",
      "skip": 0
    },
    {
      "type": "SET_STATE_SCHEMA",
      "input": {
        "schema": "type ActiveDataState {\n  name: String\n  docNo: String\n  type: AtlasType!\n  parent: PHID! \n  content: String\n  masterStatus: Status! # \n  globalTags: [GlobalTag!]!\n  references: [PHID!]!\n  provenance: URL\n  notionId: String # verify if this can be changed to UUID type\n}\n\n\nenum AtlasType {\nARTICLE\nSECTION\nCORE\nACTIVE_DATA_CONTROLLER\nTENET\nORIGINAL_CONTEXT_DATA\nACTIVE_DATA\n}\n\n\nenum Status {\n  PLACEHOLDER\n  PROVISIONAL # enables ecosystem participants to interact with the material in a practical context, resulting in valuable feedback or other data concerning the Document's appropriateness.\n  APPROVED # material instance can be integrated into the Atlas\n  DEFERRED\n  ARCHIVED\n  \n}\n\nenum GlobalTag {\n    SCOPE_ADVISOR_,\n    AVC_,\n    CAIS_,\n    ML___LOW_PRIORITY_,\n    EXTERNAL_REFERENCE_,\n    DAO_TOOLKIT_,\n    ML___DEFER_,\n    PURPOSE_SYSTEM_,\n    NEWCHAIN_,\n    ML___SUPPORT._DOCS_NEEDED_,\n    TWO_STAGE_BRIDGE_,\n    ECOSYSTEM_INTELLIGENCE_,\n    RECURSIVE_IMPROVEMENT_,\n    LEGACY_TERM___USE_APPROVED_,\n}",
        "scope": "global"
      },
      "scope": "global",
      "id": "c06da2d1-4e33-4a8d-b120-af8aec7ec780",
      "index": 6,
      "timestamp": "2024-12-13T08:40:33.068Z",
      "hash": "OBAMYemk2QzPB/tIsD7ZbR6oUZ4=",
      "skip": 0
    },
    {
      "type": "SET_STATE_SCHEMA",
      "input": {
        "schema": "type ActiveDataState {\n  name: String\n  docNo: String\n  type: AtlasType!\n  parent: PHID! \n  content: String\n  masterStatus: Status! # \n  globalTags: [GlobalTag!]!\n  references: [PHID!]!\n  provenance: URL\n  notionId: String # verify if this can be changed to UUID type\n}\n\n\nenum AtlasType {\nARTICLE\nSECTION\nCORE\nACTIVE_DATA_CONTROLLER\nTENET\nORIGINAL_CONTEXT_DATA\nACTIVE_DATA\n}\n\n\nenum Status {\n  PLACEHOLDER\n  PROVISIONAL # enables ecosystem participants to interact with the material in a practical context, resulting in valuable feedback or other data concerning the Document's appropriateness.\n  APPROVED # material instance can be integrated into the Atlas\n  DEFERRED\n  ARCHIVED\n  \n}\n\nenum GlobalTag {\n    SCOPE_ADVISOR_,\n    AVC_,\n    CAIS_,\n    ML___LOW_PRIORITY_,\n    EXTERNAL_REFERENCE_,\n    DAO_TOOLKIT_,\n    ML___DEFER_,\n    PURPOSE_SYSTEM_,\n    NEWCHAIN_,\n    ML___SUPPORT_DOCS_NEEDED_,\n    TWO_STAGE_BRIDGE_,\n    ECOSYSTEM_INTELLIGENCE_,\n    RECURSIVE_IMPROVEMENT_,\n    LEGACY_TERM___USE_APPROVED_,\n}",
        "scope": "global"
      },
      "scope": "global",
      "id": "aea24c56-ea67-49e8-8e75-9edd0e5b09b4",
      "index": 7,
      "timestamp": "2024-12-13T08:40:35.869Z",
      "hash": "rWAaXa695yH11iIY5S+LGGBbnkU=",
      "skip": 0
    },
    {
      "type": "SET_STATE_SCHEMA",
      "input": {
        "schema": "type ActiveDataState {\n  name: String\n  docNo: String\n  parent: PHID! \n  content: String\n  masterStatus: Status! # \n  globalTags: [GlobalTag!]!\n  references: [PHID!]!\n  provenance: URL\n  notionId: String # verify if this can be changed to UUID type\n}\n\n\nenum AtlasType {\nARTICLE\nSECTION\nCORE\nACTIVE_DATA_CONTROLLER\nTENET\nORIGINAL_CONTEXT_DATA\nACTIVE_DATA\n}\n\n\nenum Status {\n  PLACEHOLDER\n  PROVISIONAL # enables ecosystem participants to interact with the material in a practical context, resulting in valuable feedback or other data concerning the Document's appropriateness.\n  APPROVED # material instance can be integrated into the Atlas\n  DEFERRED\n  ARCHIVED\n  \n}\n\nenum GlobalTag {\n    SCOPE_ADVISOR_,\n    AVC_,\n    CAIS_,\n    ML___LOW_PRIORITY_,\n    EXTERNAL_REFERENCE_,\n    DAO_TOOLKIT_,\n    ML___DEFER_,\n    PURPOSE_SYSTEM_,\n    NEWCHAIN_,\n    ML___SUPPORT_DOCS_NEEDED_,\n    TWO_STAGE_BRIDGE_,\n    ECOSYSTEM_INTELLIGENCE_,\n    RECURSIVE_IMPROVEMENT_,\n    LEGACY_TERM___USE_APPROVED_,\n}",
        "scope": "global"
      },
      "scope": "global",
      "id": "4b6ec223-ed76-4a00-a109-0ce493f783ab",
      "index": 8,
      "timestamp": "2024-12-13T08:40:40.931Z",
      "hash": "/CQwCUD4nhOImYsdtWjdAxqcXuU=",
      "skip": 0
    },
    {
      "type": "SET_STATE_SCHEMA",
      "input": {
        "schema": "type ActiveDataState {\n  name: String\n  docNo: String\n  parent: PHID! \n  content: String\n  masterStatus: Status! # \n  globalTags: [GlobalTag!]!\n  references: [PHID!]!\n  provenance: URL\n  notionId: String # verify if this can be changed to UUID type\n}\n\n\nenum Status {\n  PLACEHOLDER\n  PROVISIONAL # enables ecosystem participants to interact with the material in a practical context, resulting in valuable feedback or other data concerning the Document's appropriateness.\n  APPROVED # material instance can be integrated into the Atlas\n  DEFERRED\n  ARCHIVED\n  \n}\n\nenum GlobalTag {\n    SCOPE_ADVISOR_,\n    AVC_,\n    CAIS_,\n    ML___LOW_PRIORITY_,\n    EXTERNAL_REFERENCE_,\n    DAO_TOOLKIT_,\n    ML___DEFER_,\n    PURPOSE_SYSTEM_,\n    NEWCHAIN_,\n    ML___SUPPORT_DOCS_NEEDED_,\n    TWO_STAGE_BRIDGE_,\n    ECOSYSTEM_INTELLIGENCE_,\n    RECURSIVE_IMPROVEMENT_,\n    LEGACY_TERM___USE_APPROVED_,\n}",
        "scope": "global"
      },
      "scope": "global",
      "id": "9c3578d0-02e8-4e5a-97ef-8486af2ae31b",
      "index": 9,
      "timestamp": "2024-12-13T08:40:43.425Z",
      "hash": "CMAUAXTqFScq4l9NtZqudlQ7f/0=",
      "skip": 0
    },
    {
      "type": "SET_STATE_SCHEMA",
      "input": {
        "schema": "type ActiveDataState {\n  name: String\n  docNo: String\n  parent: PHID! \n  content: String\n  masterStatus: Status! # \n  globalTags: [GlobalTag!]!\n  references: [PHID!]!\n  provenance: URL\n  notionId: String # verify if this can be changed to UUID type\n}\n\nenum Status {\n  PLACEHOLDER\n  PROVISIONAL # enables ecosystem participants to interact with the material in a practical context, resulting in valuable feedback or other data concerning the Document's appropriateness.\n  APPROVED # material instance can be integrated into the Atlas\n  DEFERRED\n  ARCHIVED\n  \n}\n\nenum GlobalTag {\n    SCOPE_ADVISOR_,\n    AVC_,\n    CAIS_,\n    ML___LOW_PRIORITY_,\n    EXTERNAL_REFERENCE_,\n    DAO_TOOLKIT_,\n    ML___DEFER_,\n    PURPOSE_SYSTEM_,\n    NEWCHAIN_,\n    ML___SUPPORT_DOCS_NEEDED_,\n    TWO_STAGE_BRIDGE_,\n    ECOSYSTEM_INTELLIGENCE_,\n    RECURSIVE_IMPROVEMENT_,\n    LEGACY_TERM___USE_APPROVED_,\n}",
        "scope": "global"
      },
      "scope": "global",
      "id": "63d51616-466c-4e50-a9f3-34d0976b175c",
      "index": 10,
      "timestamp": "2024-12-13T08:40:44.090Z",
      "hash": "X4yL71jdDt40zhcKAIb8Hg2XozY=",
      "skip": 0
    },
    {
      "type": "SET_STATE_SCHEMA",
      "input": {
        "schema": "type AtlasActiveDataState {\n  name: String\n  docNo: String\n  parent: PHID! \n  content: String\n  masterStatus: Status! # \n  globalTags: [GlobalTag!]!\n  references: [PHID!]!\n  provenance: URL\n  notionId: String # verify if this can be changed to UUID type\n}\n\nenum Status {\n  PLACEHOLDER\n  PROVISIONAL # enables ecosystem participants to interact with the material in a practical context, resulting in valuable feedback or other data concerning the Document's appropriateness.\n  APPROVED # material instance can be integrated into the Atlas\n  DEFERRED\n  ARCHIVED\n  \n}\n\nenum GlobalTag {\n    SCOPE_ADVISOR_,\n    AVC_,\n    CAIS_,\n    ML___LOW_PRIORITY_,\n    EXTERNAL_REFERENCE_,\n    DAO_TOOLKIT_,\n    ML___DEFER_,\n    PURPOSE_SYSTEM_,\n    NEWCHAIN_,\n    ML___SUPPORT_DOCS_NEEDED_,\n    TWO_STAGE_BRIDGE_,\n    ECOSYSTEM_INTELLIGENCE_,\n    RECURSIVE_IMPROVEMENT_,\n    LEGACY_TERM___USE_APPROVED_,\n}",
        "scope": "global"
      },
      "scope": "global",
      "id": "613ea8db-8c47-440b-bb56-e0e0c4a27886",
      "index": 11,
      "timestamp": "2024-12-13T08:40:47.189Z",
      "hash": "EEtPoTd28DGV5NBYaNRlEkWac28=",
      "skip": 0
    },
    {
      "type": "SET_INITIAL_STATE",
      "input": {
        "initialValue": "{\n  \"name\": \"\",\n  \"docNo\": \"\",\n  \"parent\": \"\",\n  \"content\": \"\",\n  \"masterStatus\": \"PLACEHOLDER\",\n  \"globalTags\": [],\n  \"references\": [],\n  \"provenance\": \"\",\n  \"notionId\": \"\"\n}",
        "scope": "global"
      },
      "scope": "global",
      "id": "b6b42e6b-470e-49b6-bafe-908baaeb00c8",
      "index": 12,
      "timestamp": "2024-12-13T08:40:47.761Z",
      "hash": "KG4cDWzvCK9SoB2NqE44OkVvf4U=",
      "skip": 0
    },
    {
      "type": "ADD_MODULE",
      "input": {
        "id": "14AevDGHVD0d+hMD7nNOJ+esyxE=",
        "name": "active_data"
      },
      "scope": "global",
      "id": "5d98315c-2873-456b-a46d-71777a1a8cdd",
      "index": 13,
      "timestamp": "2024-12-13T08:40:55.439Z",
      "hash": "uz5B7fHW1eOfvxdTpCpKOvibzbs=",
      "skip": 0
    },
    {
      "type": "ADD_OPERATION",
      "input": {
        "id": "aT+yznwJsZP6Appdv9Oki/tN40I=",
        "moduleId": "14AevDGHVD0d+hMD7nNOJ+esyxE=",
        "name": "UPDATE_ACTIVE_DATA"
      },
      "scope": "global",
      "id": "8ed75a23-c375-4a95-87df-f171b3f5d7ce",
      "index": 14,
      "timestamp": "2024-12-13T08:41:01.671Z",
      "hash": "+FL9qw/lndJPJTRc2Gl1MCowTT8=",
      "skip": 0
    },
    {
      "type": "SET_OPERATION_SCHEMA",
      "input": {
        "id": "aT+yznwJsZP6Appdv9Oki/tN40I=",
        "schema": "input UpdateActiveDataInput {\n  \"Add your inputs here\"\n  _placeholder: String\n}"
      },
      "scope": "global",
      "id": "386bfe46-e0ef-422b-a1d2-1c034b2306c9",
      "index": 15,
      "timestamp": "2024-12-13T08:41:01.687Z",
      "hash": "ajQTyP0Kx/qoRZoDQ8nquqeUll8=",
      "skip": 0
    },
    {
      "type": "SET_OPERATION_SCHEMA",
      "input": {
        "id": "aT+yznwJsZP6Appdv9Oki/tN40I=",
        "schema": "input UpdateActiveData {\n  id: OID!\n  content: String\n  internalLink: String\n  globalTags: [String]\n  parent: ParentRefInput\n  masterStatus: MasterStatusInput\n  provenance: String\n  version: Int\n}\n"
      },
      "scope": "global",
      "id": "24dd0d61-f5b1-45a2-94a8-75da182decb2",
      "index": 16,
      "timestamp": "2024-12-13T08:41:11.116Z",
      "hash": "J93ft+dJG/TxB2XXu1FpYcu52a8=",
      "skip": 0
    },
    {
      "type": "SET_OPERATION_SCHEMA",
      "input": {
        "id": "aT+yznwJsZP6Appdv9Oki/tN40I=",
        "schema": "input UpdateActiveDataiNP {\n  id: OID!\n  content: String\n  internalLink: String\n  globalTags: [String]\n  parent: ParentRefInput\n  masterStatus: MasterStatusInput\n  provenance: String\n  version: Int\n}\n"
      },
      "scope": "global",
      "id": "dcf93351-c7e1-461a-8ae2-181bd2f9e784",
      "index": 17,
      "timestamp": "2024-12-13T08:41:13.589Z",
      "hash": "D5UxKzRLwoux5b8XdMsWwbb91dc=",
      "skip": 0
    },
    {
      "type": "SET_OPERATION_SCHEMA",
      "input": {
        "id": "aT+yznwJsZP6Appdv9Oki/tN40I=",
        "schema": "input UpdateActiveData {\n  id: OID!\n  content: String\n  internalLink: String\n  globalTags: [String]\n  parent: ParentRefInput\n  masterStatus: MasterStatusInput\n  provenance: String\n  version: Int\n}\n"
      },
      "scope": "global",
      "id": "b341659b-561b-4dc1-a0db-b66509331a76",
      "index": 18,
      "timestamp": "2024-12-13T08:41:14.454Z",
      "hash": "J93ft+dJG/TxB2XXu1FpYcu52a8=",
      "skip": 0
    },
    {
      "type": "SET_OPERATION_SCHEMA",
      "input": {
        "id": "aT+yznwJsZP6Appdv9Oki/tN40I=",
        "schema": "input UpdateActiveDataInput {\n  id: OID!\n  content: String\n  internalLink: String\n  globalTags: [String]\n  parent: ParentRefInput\n  masterStatus: MasterStatusInput\n  provenance: String\n  version: Int\n}\n"
      },
      "scope": "global",
      "id": "d7d23bdb-4499-4d65-b8bc-a97d923349f8",
      "index": 19,
      "timestamp": "2024-12-13T08:41:15.839Z",
      "hash": "CrSiJgAC/tR6H8dof9XbrORHfe8=",
      "skip": 0
    },
    {
      "type": "SET_OPERATION_SCHEMA",
      "input": {
        "id": "aT+yznwJsZP6Appdv9Oki/tN40I=",
        "schema": "input UpdateActiveDataInput {\n  name: String\n  content: String\n  masterStatus: [Status!]!\n  globalTags: [String]\n  references: [PHID!]!\n}\n"
      },
      "scope": "global",
      "id": "54f5c8bd-3e3e-4a94-88be-5a1c9b05176e",
      "index": 20,
      "timestamp": "2024-12-13T08:41:27.614Z",
      "hash": "fZ/Xp1odoWuKxSQbOEsZJOLQOXY=",
      "skip": 0
    }
  ],
  "local": []
}