{
  "global": {
    "id": "powerhouse/atlasarticle",
    "name": "atlas-article",
    "extension": "",
    "description": "",
    "author": {
      "name": "",
      "website": ""
    },
    "specifications": [
      {
        "version": 1,
        "changeLog": [],
        "state": {
          "global": {
            "schema": "# Articles hold sections and primary docs\n\ntype AtlasArticleState {\n  name: String \n  docNo: String\n  parent: PHID! # parent can only be a scope document\n  content: String # change to markdown later (includes links, tables...)\n  masterStatus: Status!\n  globalTags: [GlobalTag!]!\n  references: [PHID!]!\n  originalContextData: [PHID!]!\n  provenance: URL\n  notionId: String # verify if this can be changed to UUID type\n}\n\nenum Status {\n  PLACEHOLDER\n  PROVISIONAL # enables ecosystem participants to interact with the material in a practical context, resulting in valuable feedback or other data concerning the Document's appropriateness.\n  APPROVED # material instance can be integrated into the Atlas\n  DEFERRED\n  ARCHIVED \n}\n\nenum GlobalTag {\n    SCOPE_ADVISOR_,\n    AVC_,\n    CAIS_,\n    ML___LOW_PRIORITY_,\n    EXTERNAL_REFERENCE_,\n    DAO_TOOLKIT_,\n    ML___DEFER_,\n    PURPOSE_SYSTEM_,\n    NEWCHAIN_,\n    ML___SUPPORT_DOCS_NEEDED_,\n    TWO_STAGE_BRIDGE_,\n    ECOSYSTEM_INTELLIGENCE_,\n    RECURSIVE_IMPROVEMENT_,\n    LEGACY_TERM___USE_APPROVED_,\n}\n",
            "initialValue": "{\n  \"name\": \"\",\n  \"docNo\": \"\",\n  \"type\": \"ARTICLE\",\n  \"parent\": \"\",\n  \"content\": \"\",\n  \"masterStatus\": \"PLACEHOLDER\",\n  \"globalTags\": [],\n  \"references\": [],\n  \"originalContextData\": [],\n  \"provenance\": \"\",\n  \"notionId\": \"\"\n}",
            "examples": []
          },
          "local": {
            "schema": "",
            "initialValue": "",
            "examples": []
          }
        },
        "modules": [
          {
            "id": "THXKMH+rMTFVYACP1MCOK1iqnA4=",
            "name": "article",
            "description": "",
            "operations": [
              {
                "id": "z9UQKN1s753NPXQTW3m3GhhxtHQ=",
                "name": "UPDATE_ARTICLE",
                "description": "Updates an existing Article in the AtlasArticleState.",
                "schema": "input UpdateArticleInput {\n  name: String\n  content: String\n  masterStatus: [Status!]!\n  globalTags: [String]\n  references: [PHID!]!\n}",
                "template": "",
                "reducer": "",
                "errors": [
                  {
                    "id": "nnNk3sgLAyqAZcrc4VIGAd8y3sY=",
                    "name": "ArticleNotFoundException",
                    "code": "",
                    "description": "",
                    "template": ""
                  },
                  {
                    "id": "4MiYrRD/SJrBj6mw8iktKFg390A=",
                    "name": "InvalidMasterStatusException",
                    "code": "",
                    "description": "",
                    "template": ""
                  },
                  {
                    "id": "TM6CL35N8+BcERkXOQLYZL4l4qE=",
                    "name": "InvalidAnnotationReferencesException",
                    "code": "",
                    "description": "",
                    "template": ""
                  }
                ],
                "examples": [],
                "scope": "global"
              }
            ]
          }
        ]
      }
    ]
  },
  "local": {}
}