{
  "global": {
    "id": "sky/atlas-article",
    "name": "atlas_article",
    "extension": "",
    "description": "",
    "author": {
      "name": "",
      "website": ""
    },
    "specifications": [
      {
        "version": 1,
        "changeLog": [],
        "state": {
          "global": {
            "schema": "# Articles hold sections and primary docs\n\ntype AtlasArticleState {\n  name: String \n  docNo: String\n  content: String\n  globalTags: [GlobalTag!]!\n  masterStatus: Status!\n  parentScope: PHID!\n  internalLink: URL\n  provenance: URL\n  notionId: String\n}\n\nenum Status {\n  PLACEHOLDER\n  PROVISIONAL # enables ecosystem participants to interact with the material in a practical context, resulting in valuable feedback or other data concerning the Document's appropriateness.\n  APPROVED # material instance can be integrated into the Atlas\n  DEFERRED\n  ARCHIVED \n}\n\nenum GlobalTag {\n    SCOPE_ADVISOR_,\n    AVC_,\n    CAIS_,\n    ML___LOW_PRIORITY_,\n    EXTERNAL_REFERENCE_,\n    DAO_TOOLKIT_,\n    ML___DEFER_,\n    PURPOSE_SYSTEM_,\n    NEWCHAIN_,\n    ML___SUPPORT_DOCS_NEEDED_,\n    TWO_STAGE_BRIDGE_,\n    ECOSYSTEM_INTELLIGENCE_,\n    RECURSIVE_IMPROVEMENT_,\n    LEGACY_TERM___USE_APPROVED_,\n}\n",
            "initialValue": "{\n  \"name\": \"\",\n  \"docNo\": \"\",\n  \"content\": \"\",\n  \"globalTags\": [],\n  \"masterStatus\": \"PLACEHOLDER\",\n  \"parentScope\": \"\",\n  \"internalLink\": \"\",\n  \"provenance\": \"\",\n  \"notionId\": \"\"\n}",
            "examples": []
          },
          "local": {
            "schema": "",
            "initialValue": "",
            "examples": []
          }
        },
        "modules": [
          {
            "id": "jNuqZpBIC9Tsi88hkWaJSTlfqz8=",
            "name": "article_operations",
            "description": "",
            "operations": [
              {
                "id": "YGEwL6zzp0e5393XCpxRPdTyJy8=",
                "name": "UPDATE_ARTICLE",
                "description": "",
                "schema": "input UpdateArticleInput {\n  id: OID!\n  name: String\n  docNo: String\n  content: String\n  globalTags: GlobalTag\n  masterStatus: Status\n  parentScope: PHID\n  internalLink: URL\n  provenance: URL\n  notionId: String\n}\n",
                "template": "",
                "reducer": "",
                "errors": [
                  {
                    "id": "U1CRe++V5h/4dzWYeLXqXZxqiHQ=",
                    "name": "InvalidMasterStatusException",
                    "code": "",
                    "description": "",
                    "template": ""
                  },
                  {
                    "id": "stw9WrHHZDLgrmB/a7x4W7tAn8Q=",
                    "name": "NoFieldsToUpdateException",
                    "code": "",
                    "description": "",
                    "template": ""
                  }
                ],
                "examples": [],
                "scope": "global"
              }
            ]
          }
        ]
      }
    ]
  },
  "local": {}
}