{
  "global": [
    {
      "type": "SET_MODEL_NAME",
      "input": {
        "name": "atlas_article"
      },
      "scope": "global",
      "id": "b8dec2f3-5f03-494d-8a4d-3272b9464ee7",
      "index": 0,
      "timestamp": "2024-11-28T14:36:43.414Z",
      "hash": "kZC+pEMkaCZQhkJgnO1fn4e3eig=",
      "skip": 0
    },
    {
      "type": "SET_STATE_SCHEMA",
      "input": {
        "schema": "type AtlasArticleState {\n  \"Add your global state fields here\"\n  _placeholder: String\n}",
        "scope": "global"
      },
      "scope": "global",
      "id": "afc39eab-7e90-46ae-aede-21dc1cf98426",
      "index": 1,
      "timestamp": "2024-11-28T14:36:43.425Z",
      "hash": "JWB9UKTXfx0JzRTAtTWFi/rAz8Q=",
      "skip": 0
    },
    {
      "type": "SET_MODEL_ID",
      "input": {
        "id": "sky/atlas-article"
      },
      "scope": "global",
      "id": "580ee21a-0930-4168-baff-d681e3dd1dfb",
      "index": 2,
      "timestamp": "2024-11-28T14:36:54.807Z",
      "hash": "L6RVFXFhggEzfifjgs8wfuEzGlE=",
      "skip": 0
    },
    {
      "type": "SET_STATE_SCHEMA",
      "input": {
        "schema": "# Articles hold sections and primary docs\n\ntype ArticleState {\n  name: String \n  docNo: String\n  content: String\n  globalTags: [GlobalTag!]!\n  masterStatus: Status!\n  parentScope: PHID!\n  internalLink: URL\n  provenance: URL\n  notionId: String\n}\n\nenum Status {\n  PLACEHOLDER\n  PROVISIONAL # enables ecosystem participants to interact with the material in a practical context, resulting in valuable feedback or other data concerning the Document's appropriateness.\n  APPROVED # material instance can be integrated into the Atlas\n  DEFERRED\n  ARCHIVED \n}\n\nenum GlobalTags {\n    SCOPE_ADVISOR_,\n    AVC_,\n    CAIS_,\n    ML___LOW_PRIORITY_,\n    EXTERNAL_REFERENCE_,\n    DAO_TOOLKIT_,\n    ML___DEFER_,\n    PURPOSE_SYSTEM_,\n    NEWCHAIN_,\n    ML___SUPPORT._DOCS_NEEDED_,\n    TWO_STAGE_BRIDGE_,\n    ECOSYSTEM_INTELLIGENCE_,\n    RECURSIVE_IMPROVEMENT_,\n    LEGACY_TERM___USE_APPROVED_,\n}\n",
        "scope": "global"
      },
      "scope": "global",
      "id": "1afd5f15-0f90-4a19-9854-bb1f5225b74f",
      "index": 3,
      "timestamp": "2024-11-28T14:36:56.929Z",
      "hash": "6VI5EP7ZOZjM/Ax50m3jvf0kJoY=",
      "skip": 0
    },
    {
      "type": "SET_STATE_SCHEMA",
      "input": {
        "schema": "# Articles hold sections and primary docs\n\ntype ArticleState {\n  name: String \n  docNo: String\n  content: String\n  globalTags: [GlobalTag!]!\n  masterStatus: Status!\n  parentScope: PHID!\n  internalLink: URL\n  provenance: URL\n  notionId: String\n}\n\nenum Status {\n  PLACEHOLDER\n  PROVISIONAL # enables ecosystem participants to interact with the material in a practical context, resulting in valuable feedback or other data concerning the Document's appropriateness.\n  APPROVED # material instance can be integrated into the Atlas\n  DEFERRED\n  ARCHIVED \n}\n\nenum GlobalTags {\n    SCOPE_ADVISOR_,\n    AVC_,\n    CAIS_,\n    ML___LOW_PRIORITY_,\n    EXTERNAL_REFERENCE_,\n    DAO_TOOLKIT_,\n    ML___DEFER_,\n    PURPOSE_SYSTEM_,\n    NEWCHAIN_,\n    ML___SUPPORT.DOCS_NEEDED_,\n    TWO_STAGE_BRIDGE_,\n    ECOSYSTEM_INTELLIGENCE_,\n    RECURSIVE_IMPROVEMENT_,\n    LEGACY_TERM___USE_APPROVED_,\n}\n",
        "scope": "global"
      },
      "scope": "global",
      "id": "e8a98a66-b532-4612-880f-b465ae1c07ea",
      "index": 4,
      "timestamp": "2024-11-28T14:37:03.195Z",
      "hash": "8qDA1TPXPN41tn5cC12tfpUWPMU=",
      "skip": 0
    },
    {
      "type": "SET_STATE_SCHEMA",
      "input": {
        "schema": "# Articles hold sections and primary docs\n\ntype ArticleState {\n  name: String \n  docNo: String\n  content: String\n  globalTags: [GlobalTag!]!\n  masterStatus: Status!\n  parentScope: PHID!\n  internalLink: URL\n  provenance: URL\n  notionId: String\n}\n\nenum Status {\n  PLACEHOLDER\n  PROVISIONAL # enables ecosystem participants to interact with the material in a practical context, resulting in valuable feedback or other data concerning the Document's appropriateness.\n  APPROVED # material instance can be integrated into the Atlas\n  DEFERRED\n  ARCHIVED \n}\n\nenum GlobalTags {\n    SCOPE_ADVISOR_,\n    AVC_,\n    CAIS_,\n    ML___LOW_PRIORITY_,\n    EXTERNAL_REFERENCE_,\n    DAO_TOOLKIT_,\n    ML___DEFER_,\n    PURPOSE_SYSTEM_,\n    NEWCHAIN_,\n    ML___SUPPORTDOCS_NEEDED_,\n    TWO_STAGE_BRIDGE_,\n    ECOSYSTEM_INTELLIGENCE_,\n    RECURSIVE_IMPROVEMENT_,\n    LEGACY_TERM___USE_APPROVED_,\n}\n",
        "scope": "global"
      },
      "scope": "global",
      "id": "98b1c43a-8201-4e5e-83e0-71da253e4835",
      "index": 5,
      "timestamp": "2024-11-28T14:37:08.759Z",
      "hash": "fyQrSQtHMx50McwZcbqlqqklLrc=",
      "skip": 0
    },
    {
      "type": "SET_STATE_SCHEMA",
      "input": {
        "schema": "# Articles hold sections and primary docs\n\ntype ArticleState {\n  name: String \n  docNo: String\n  content: String\n  globalTags: [GlobalTag!]!\n  masterStatus: Status!\n  parentScope: PHID!\n  internalLink: URL\n  provenance: URL\n  notionId: String\n}\n\nenum Status {\n  PLACEHOLDER\n  PROVISIONAL # enables ecosystem participants to interact with the material in a practical context, resulting in valuable feedback or other data concerning the Document's appropriateness.\n  APPROVED # material instance can be integrated into the Atlas\n  DEFERRED\n  ARCHIVED \n}\n\nenum GlobalTags {\n    SCOPE_ADVISOR_,\n    AVC_,\n    CAIS_,\n    ML___LOW_PRIORITY_,\n    EXTERNAL_REFERENCE_,\n    DAO_TOOLKIT_,\n    ML___DEFER_,\n    PURPOSE_SYSTEM_,\n    NEWCHAIN_,\n    ML___SUPPORT_DOCS_NEEDED_,\n    TWO_STAGE_BRIDGE_,\n    ECOSYSTEM_INTELLIGENCE_,\n    RECURSIVE_IMPROVEMENT_,\n    LEGACY_TERM___USE_APPROVED_,\n}\n",
        "scope": "global"
      },
      "scope": "global",
      "id": "8ad57f00-2a61-4e02-829c-f033b1f6e864",
      "index": 6,
      "timestamp": "2024-11-28T14:37:10.008Z",
      "hash": "KIRengMGn3J156eBK0Mck9I4zSs=",
      "skip": 0
    },
    {
      "type": "SET_STATE_SCHEMA",
      "input": {
        "schema": "# Articles hold sections and primary docs\n\ntype AtlasArticleState {\n  name: String \n  docNo: String\n  content: String\n  globalTags: [GlobalTag!]!\n  masterStatus: Status!\n  parentScope: PHID!\n  internalLink: URL\n  provenance: URL\n  notionId: String\n}\n\nenum Status {\n  PLACEHOLDER\n  PROVISIONAL # enables ecosystem participants to interact with the material in a practical context, resulting in valuable feedback or other data concerning the Document's appropriateness.\n  APPROVED # material instance can be integrated into the Atlas\n  DEFERRED\n  ARCHIVED \n}\n\nenum GlobalTags {\n    SCOPE_ADVISOR_,\n    AVC_,\n    CAIS_,\n    ML___LOW_PRIORITY_,\n    EXTERNAL_REFERENCE_,\n    DAO_TOOLKIT_,\n    ML___DEFER_,\n    PURPOSE_SYSTEM_,\n    NEWCHAIN_,\n    ML___SUPPORT_DOCS_NEEDED_,\n    TWO_STAGE_BRIDGE_,\n    ECOSYSTEM_INTELLIGENCE_,\n    RECURSIVE_IMPROVEMENT_,\n    LEGACY_TERM___USE_APPROVED_,\n}\n",
        "scope": "global"
      },
      "scope": "global",
      "id": "b91e403e-f02c-41c3-8c1d-5bb0c6848961",
      "index": 7,
      "timestamp": "2024-11-28T14:37:17.257Z",
      "hash": "nRI7nhuJZ2dWDfu2YCay2PoOhH4=",
      "skip": 0
    },
    {
      "type": "SET_STATE_SCHEMA",
      "input": {
        "schema": "# Articles hold sections and primary docs\n\ntype AtlasArticleState {\n  name: String \n  docNo: String\n  content: String\n  globalTags: [GlobalTag!]!\n  masterStatus: Status!\n  parentScope: PHID!\n  internalLink: URL\n  provenance: URL\n  notionId: String\n}\n\nenum Status {\n  PLACEHOLDER\n  PROVISIONAL # enables ecosystem participants to interact with the material in a practical context, resulting in valuable feedback or other data concerning the Document's appropriateness.\n  APPROVED # material instance can be integrated into the Atlas\n  DEFERRED\n  ARCHIVED \n}\n\nenum GlobalTag {\n    SCOPE_ADVISOR_,\n    AVC_,\n    CAIS_,\n    ML___LOW_PRIORITY_,\n    EXTERNAL_REFERENCE_,\n    DAO_TOOLKIT_,\n    ML___DEFER_,\n    PURPOSE_SYSTEM_,\n    NEWCHAIN_,\n    ML___SUPPORT_DOCS_NEEDED_,\n    TWO_STAGE_BRIDGE_,\n    ECOSYSTEM_INTELLIGENCE_,\n    RECURSIVE_IMPROVEMENT_,\n    LEGACY_TERM___USE_APPROVED_,\n}\n",
        "scope": "global"
      },
      "scope": "global",
      "id": "3b61a5dc-0f58-4f29-a8d9-1c24b1f1cac4",
      "index": 8,
      "timestamp": "2024-11-28T14:37:21.705Z",
      "hash": "a1CxnMJSb5Jm7TV/60XwCxFUtdM=",
      "skip": 0
    },
    {
      "type": "SET_STATE_SCHEMA",
      "input": {
        "schema": "# Articles hold sections and primary docs\n\ntype ArticleState {\n  name: String \n  docNo: String\n  content: String\n  globalTags: [GlobalTag!]!\n  masterStatus: Status!\n  parentScope: PHID!\n  internalLink: URL\n  provenance: URL\n  notionId: String\n}\n\nenum Status {\n  PLACEHOLDER\n  PROVISIONAL # enables ecosystem participants to interact with the material in a practical context, resulting in valuable feedback or other data concerning the Document's appropriateness.\n  APPROVED # material instance can be integrated into the Atlas\n  DEFERRED\n  ARCHIVED \n}\n\nenum GlobalTag {\n    SCOPE_ADVISOR_,\n    AVC_,\n    CAIS_,\n    ML___LOW_PRIORITY_,\n    EXTERNAL_REFERENCE_,\n    DAO_TOOLKIT_,\n    ML___DEFER_,\n    PURPOSE_SYSTEM_,\n    NEWCHAIN_,\n    ML___SUPPORT_DOCS_NEEDED_,\n    TWO_STAGE_BRIDGE_,\n    ECOSYSTEM_INTELLIGENCE_,\n    RECURSIVE_IMPROVEMENT_,\n    LEGACY_TERM___USE_APPROVED_,\n}\n",
        "scope": "global"
      },
      "scope": "global",
      "id": "a6920c3d-a424-400f-94f3-fa89c3b6c8dd",
      "index": 9,
      "timestamp": "2024-11-28T14:37:33.412Z",
      "hash": "cP5kOS2xd2vnJ6RDB18ZKBOlzAA=",
      "skip": 0
    },
    {
      "type": "SET_INITIAL_STATE",
      "input": {
        "initialValue": "{\n  \"name\": \"\",\n  \"docNo\": \"\",\n  \"content\": \"\",\n  \"globalTags\": [],\n  \"masterStatus\": \"PLACEHOLDER\",\n  \"parentScope\": \"\",\n  \"internalLink\": \"\",\n  \"provenance\": \"\",\n  \"notionId\": \"\"\n}",
        "scope": "global"
      },
      "scope": "global",
      "id": "817779f8-afef-4fda-80df-59d2c8369b57",
      "index": 10,
      "timestamp": "2024-11-28T14:37:33.757Z",
      "hash": "GBH5mljLlmaVSPqIhf83GrCBPkQ=",
      "skip": 0
    },
    {
      "type": "SET_STATE_SCHEMA",
      "input": {
        "schema": "# Articles hold sections and primary docs\n\ntype AtlasArticleState {\n  name: String \n  docNo: String\n  content: String\n  globalTags: [GlobalTag!]!\n  masterStatus: Status!\n  parentScope: PHID!\n  internalLink: URL\n  provenance: URL\n  notionId: String\n}\n\nenum Status {\n  PLACEHOLDER\n  PROVISIONAL # enables ecosystem participants to interact with the material in a practical context, resulting in valuable feedback or other data concerning the Document's appropriateness.\n  APPROVED # material instance can be integrated into the Atlas\n  DEFERRED\n  ARCHIVED \n}\n\nenum GlobalTag {\n    SCOPE_ADVISOR_,\n    AVC_,\n    CAIS_,\n    ML___LOW_PRIORITY_,\n    EXTERNAL_REFERENCE_,\n    DAO_TOOLKIT_,\n    ML___DEFER_,\n    PURPOSE_SYSTEM_,\n    NEWCHAIN_,\n    ML___SUPPORT_DOCS_NEEDED_,\n    TWO_STAGE_BRIDGE_,\n    ECOSYSTEM_INTELLIGENCE_,\n    RECURSIVE_IMPROVEMENT_,\n    LEGACY_TERM___USE_APPROVED_,\n}\n",
        "scope": "global"
      },
      "scope": "global",
      "id": "9355625b-1a2a-48a2-8796-2f66b04e64ab",
      "index": 11,
      "timestamp": "2024-11-28T14:37:37.236Z",
      "hash": "VvDx7b8ZPgVO0TBgX9g9HId+VW8=",
      "skip": 0
    },
    {
      "type": "ADD_MODULE",
      "input": {
        "id": "jNuqZpBIC9Tsi88hkWaJSTlfqz8=",
        "name": "article_operations"
      },
      "scope": "global",
      "id": "12a8f9fa-18c7-4f61-bf46-0342488d40a7",
      "index": 12,
      "timestamp": "2024-11-28T14:37:50.668Z",
      "hash": "MJ0vUmQlwhja3LLpWN+7oSsOFf8=",
      "skip": 0
    },
    {
      "type": "ADD_OPERATION",
      "input": {
        "id": "YGEwL6zzp0e5393XCpxRPdTyJy8=",
        "moduleId": "jNuqZpBIC9Tsi88hkWaJSTlfqz8=",
        "name": "UPDATE_ARTICLE"
      },
      "scope": "global",
      "id": "b434a165-342c-41ff-8c42-2125b9a9a168",
      "index": 13,
      "timestamp": "2024-11-28T14:38:22.259Z",
      "hash": "GhNNztiaheMgQhrXg/VQggZ6r/E=",
      "skip": 0
    },
    {
      "type": "SET_OPERATION_SCHEMA",
      "input": {
        "id": "YGEwL6zzp0e5393XCpxRPdTyJy8=",
        "schema": "input UpdateArticleInput {\n  \"Add your inputs here\"\n  _placeholder: String\n}"
      },
      "scope": "global",
      "id": "7e502136-555b-4f78-bf9b-0fae9cd83eb1",
      "index": 14,
      "timestamp": "2024-11-28T14:38:22.275Z",
      "hash": "hxoiB/CYxnc4LmP/MAF9/kHpsbs=",
      "skip": 0
    },
    {
      "type": "SET_OPERATION_SCHEMA",
      "input": {
        "id": "YGEwL6zzp0e5393XCpxRPdTyJy8=",
        "schema": "input UpdateArticle {\n  id: OID!\n  name: String\n  docNo: String\n  content: String\n  globalTags: String\n  masterStatus: MasterStatusInput\n  parentScope: ScopeRefInput\n  sections: [SectionRefInput]\n  primaryDocs: [PrimaryDocRefInput]\n  annotations: [AnnotationRefInput]\n  tenets: [TenetRefInput]\n  originalContextData: [OriginalContextDataRefInput]\n  contingencies: String\n  internalLink: String\n  provenance: String\n}\n"
      },
      "scope": "global",
      "id": "94607522-f286-4ccd-bb10-c804b5f8c1e5",
      "index": 15,
      "timestamp": "2024-11-28T14:38:32.083Z",
      "hash": "sn0Zcq4ERBjVe3+LNFHw4E/XWsU=",
      "skip": 0
    },
    {
      "type": "SET_OPERATION_SCHEMA",
      "input": {
        "id": "YGEwL6zzp0e5393XCpxRPdTyJy8=",
        "schema": "input UpdateArticleInm {\n  id: OID!\n  name: String\n  docNo: String\n  content: String\n  globalTags: String\n  masterStatus: MasterStatusInput\n  parentScope: ScopeRefInput\n  sections: [SectionRefInput]\n  primaryDocs: [PrimaryDocRefInput]\n  annotations: [AnnotationRefInput]\n  tenets: [TenetRefInput]\n  originalContextData: [OriginalContextDataRefInput]\n  contingencies: String\n  internalLink: String\n  provenance: String\n}\n"
      },
      "scope": "global",
      "id": "af07baba-d799-4040-a3ea-57705b006222",
      "index": 16,
      "timestamp": "2024-11-28T14:38:35.660Z",
      "hash": "J/9ENs+4GFbfykg5uU4ZQHYlCag=",
      "skip": 0
    },
    {
      "type": "SET_OPERATION_SCHEMA",
      "input": {
        "id": "YGEwL6zzp0e5393XCpxRPdTyJy8=",
        "schema": "input UpdateArticleIn {\n  id: OID!\n  name: String\n  docNo: String\n  content: String\n  globalTags: String\n  masterStatus: MasterStatusInput\n  parentScope: ScopeRefInput\n  sections: [SectionRefInput]\n  primaryDocs: [PrimaryDocRefInput]\n  annotations: [AnnotationRefInput]\n  tenets: [TenetRefInput]\n  originalContextData: [OriginalContextDataRefInput]\n  contingencies: String\n  internalLink: String\n  provenance: String\n}\n"
      },
      "scope": "global",
      "id": "a821c1e5-c584-4e21-a461-4e76b7ba544a",
      "index": 17,
      "timestamp": "2024-11-28T14:38:36.242Z",
      "hash": "LhBHD9MKQZDyxQXcdf+iM/PQ4Kw=",
      "skip": 0
    },
    {
      "type": "SET_OPERATION_SCHEMA",
      "input": {
        "id": "YGEwL6zzp0e5393XCpxRPdTyJy8=",
        "schema": "input UpdateArticleInput {\n  id: OID!\n  name: String\n  docNo: String\n  content: String\n  globalTags: String\n  masterStatus: MasterStatusInput\n  parentScope: ScopeRefInput\n  sections: [SectionRefInput]\n  primaryDocs: [PrimaryDocRefInput]\n  annotations: [AnnotationRefInput]\n  tenets: [TenetRefInput]\n  originalContextData: [OriginalContextDataRefInput]\n  contingencies: String\n  internalLink: String\n  provenance: String\n}\n"
      },
      "scope": "global",
      "id": "7cf5ebfb-a595-48ff-8ed9-837713e83f16",
      "index": 18,
      "timestamp": "2024-11-28T14:38:37.500Z",
      "hash": "PzIMTUFoVI/k21JEaFsrP9Eew48=",
      "skip": 0
    },
    {
      "type": "SET_OPERATION_SCHEMA",
      "input": {
        "id": "YGEwL6zzp0e5393XCpxRPdTyJy8=",
        "schema": "input UpdateArticleInput {\n  id: OID!\n  name: String\n  docNo: String\n  content: String\n  globalTags: \n  masterStatus: MasterStatusInput\n  parentScope: ScopeRefInput\n  sections: [SectionRefInput]\n  primaryDocs: [PrimaryDocRefInput]\n  annotations: [AnnotationRefInput]\n  tenets: [TenetRefInput]\n  originalContextData: [OriginalContextDataRefInput]\n  contingencies: String\n  internalLink: String\n  provenance: String\n}\n"
      },
      "scope": "global",
      "id": "a64b744d-b1dd-4f5e-b98e-676943475001",
      "index": 19,
      "timestamp": "2024-11-28T14:38:43.262Z",
      "hash": "sVnmbgnCOtvO0tvvrOdWcMQplho=",
      "skip": 0
    },
    {
      "type": "SET_OPERATION_SCHEMA",
      "input": {
        "id": "YGEwL6zzp0e5393XCpxRPdTyJy8=",
        "schema": "input UpdateArticleInput {\n  id: OID!\n  name: String\n  docNo: String\n  content: String\n  globalTags: []\n  masterStatus: MasterStatusInput\n  parentScope: ScopeRefInput\n  sections: [SectionRefInput]\n  primaryDocs: [PrimaryDocRefInput]\n  annotations: [AnnotationRefInput]\n  tenets: [TenetRefInput]\n  originalContextData: [OriginalContextDataRefInput]\n  contingencies: String\n  internalLink: String\n  provenance: String\n}\n"
      },
      "scope": "global",
      "id": "b06b03e0-0f2b-4096-9b28-3ee33e37e425",
      "index": 20,
      "timestamp": "2024-11-28T14:38:44.591Z",
      "hash": "MfgI0USYj2QRI55Js7PZyktI1b8=",
      "skip": 0
    },
    {
      "type": "SET_OPERATION_SCHEMA",
      "input": {
        "id": "YGEwL6zzp0e5393XCpxRPdTyJy8=",
        "schema": "input UpdateArticleInput {\n  id: OID!\n  name: String\n  docNo: String\n  content: String\n  globalTags: [Globa]\n  masterStatus: MasterStatusInput\n  parentScope: ScopeRefInput\n  sections: [SectionRefInput]\n  primaryDocs: [PrimaryDocRefInput]\n  annotations: [AnnotationRefInput]\n  tenets: [TenetRefInput]\n  originalContextData: [OriginalContextDataRefInput]\n  contingencies: String\n  internalLink: String\n  provenance: String\n}\n"
      },
      "scope": "global",
      "id": "1b3fb9d0-3e5d-44d7-a7ab-32c9504074f9",
      "index": 21,
      "timestamp": "2024-11-28T14:38:46.278Z",
      "hash": "pyiu4IFT9yf7jGhwdFFSptAYcZA=",
      "skip": 0
    },
    {
      "type": "SET_OPERATION_SCHEMA",
      "input": {
        "id": "YGEwL6zzp0e5393XCpxRPdTyJy8=",
        "schema": "input UpdateArticleInput {\n  id: OID!\n  name: String\n  docNo: String\n  content: String\n  globalTags: [GlobalTag]\n  masterStatus: MasterStatusInput\n  parentScope: ScopeRefInput\n  sections: [SectionRefInput]\n  primaryDocs: [PrimaryDocRefInput]\n  annotations: [AnnotationRefInput]\n  tenets: [TenetRefInput]\n  originalContextData: [OriginalContextDataRefInput]\n  contingencies: String\n  internalLink: String\n  provenance: String\n}\n"
      },
      "scope": "global",
      "id": "dceb821d-6049-4651-b45a-fc30ab653d23",
      "index": 22,
      "timestamp": "2024-11-28T14:38:48.430Z",
      "hash": "wYzSjaj66RbhlNa6qXXK232cwqY=",
      "skip": 0
    },
    {
      "type": "SET_OPERATION_SCHEMA",
      "input": {
        "id": "YGEwL6zzp0e5393XCpxRPdTyJy8=",
        "schema": "input UpdateArticleInput {\n  id: OID!\n  name: String\n  docNo: String\n  content: String\n  globalTags: [GlobalTag]\n  masterStatus: Status\n  parentScope: ScopeRefInput\n  sections: [SectionRefInput]\n  primaryDocs: [PrimaryDocRefInput]\n  annotations: [AnnotationRefInput]\n  tenets: [TenetRefInput]\n  originalContextData: [OriginalContextDataRefInput]\n  contingencies: String\n  internalLink: String\n  provenance: String\n}\n"
      },
      "scope": "global",
      "id": "8a56f1f1-3b6c-45fa-a1f6-af53ad99a163",
      "index": 23,
      "timestamp": "2024-11-28T14:38:53.666Z",
      "hash": "IG6fXG/1bP7y8AyYWQ72M3aYKAc=",
      "skip": 0
    },
    {
      "type": "SET_OPERATION_SCHEMA",
      "input": {
        "id": "YGEwL6zzp0e5393XCpxRPdTyJy8=",
        "schema": "input UpdateArticleInput {\n  id: OID!\n  name: String\n  docNo: String\n  content: String\n  globalTags: [GlobalTag]\n  masterStatus: Status\n  parentScope: ScopeRefInput\n  sections: [SectionRefInput]\n  primaryDocs: [PrimaryDocRefInput]\n  annotations: [AnnotationRefInput]\n  tenets: [TenetRefInput]\n  originalContextData: [OriginalContextDataRefInput]\n  contingencies: String\n  internalLink: String\n  provenance: String\n}\n"
      },
      "scope": "global",
      "id": "4d50546d-9c17-4a7f-b877-441dbb448c3a",
      "index": 24,
      "timestamp": "2024-11-28T14:38:54.526Z",
      "hash": "IG6fXG/1bP7y8AyYWQ72M3aYKAc=",
      "skip": 0
    },
    {
      "type": "SET_OPERATION_SCHEMA",
      "input": {
        "id": "YGEwL6zzp0e5393XCpxRPdTyJy8=",
        "schema": "input UpdateArticleInput {\n  id: OID!\n  name: String\n  docNo: String\n  content: String\n  globalTags: GlobalTag\n  masterStatus: Status\n  parentScope: ScopeRefInput\n  sections: [SectionRefInput]\n  primaryDocs: [PrimaryDocRefInput]\n  annotations: [AnnotationRefInput]\n  tenets: [TenetRefInput]\n  originalContextData: [OriginalContextDataRefInput]\n  contingencies: String\n  internalLink: String\n  provenance: String\n}\n"
      },
      "scope": "global",
      "id": "939df8f7-39cc-48f3-859b-439f8fd3917f",
      "index": 25,
      "timestamp": "2024-11-28T14:38:56.558Z",
      "hash": "+A7ukLdZCYy1spoBFIRDAA6ovJU=",
      "skip": 0
    },
    {
      "type": "SET_OPERATION_SCHEMA",
      "input": {
        "id": "YGEwL6zzp0e5393XCpxRPdTyJy8=",
        "schema": "input UpdateArticleInput {\n  id: OID!\n  name: String\n  docNo: String\n  content: String\n  globalTags: GlobalTag\n  masterStatus: Status\n  parentScope: PHID\n  sections: [SectionRefInput]\n  primaryDocs: [PrimaryDocRefInput]\n  annotations: [AnnotationRefInput]\n  tenets: [TenetRefInput]\n  originalContextData: [OriginalContextDataRefInput]\n  contingencies: String\n  internalLink: String\n  provenance: String\n}\n"
      },
      "scope": "global",
      "id": "1ebc5c4d-f8c3-482d-bd82-93b8bd0cc5d4",
      "index": 26,
      "timestamp": "2024-11-28T14:39:10.167Z",
      "hash": "w8bbazCqiXCu9GiBjh+vfYRYFfk=",
      "skip": 0
    },
    {
      "type": "SET_OPERATION_SCHEMA",
      "input": {
        "id": "YGEwL6zzp0e5393XCpxRPdTyJy8=",
        "schema": "input UpdateArticleInput {\n  id: OID!\n  name: String\n  docNo: String\n  content: String\n  globalTags: GlobalTag\n  masterStatus: Status\n  parentScope: PHID\n  sections: [SectionRefInput]\n  primaryDocs: [PrimaryDocRefInput]\n  annotations: [AnnotationRefInput]\n  tenets: [TenetRefInput]\n  originalContextData: [OriginalContextDataRefInput]\n  contingencies: String\n  internalLink: String\n  provenance: String\n}\n"
      },
      "scope": "global",
      "id": "7df20cca-84f5-4b6f-a387-7f23fa87f1d1",
      "index": 27,
      "timestamp": "2024-11-28T14:39:11.065Z",
      "hash": "w8bbazCqiXCu9GiBjh+vfYRYFfk=",
      "skip": 0
    },
    {
      "type": "SET_OPERATION_SCHEMA",
      "input": {
        "id": "YGEwL6zzp0e5393XCpxRPdTyJy8=",
        "schema": "input UpdateArticleInput {\n  id: OID!\n  name: String\n  docNo: String\n  content: String\n  globalTags: GlobalTag\n  masterStatus: Status\n  parentScope: PHID\n  sections: [SectionRefInput]\n \n  tenets: [TenetRefInput]\n  originalContextData: [OriginalContextDataRefInput]\n  contingencies: String\n  internalLink: String\n  provenance: String\n}\n"
      },
      "scope": "global",
      "id": "1ec44378-525d-4e12-a47b-845f64c163e7",
      "index": 28,
      "timestamp": "2024-11-28T14:39:12.705Z",
      "hash": "i2FZUVbZXPq6SSpUeK1vCZhEYVE=",
      "skip": 0
    },
    {
      "type": "SET_OPERATION_SCHEMA",
      "input": {
        "id": "YGEwL6zzp0e5393XCpxRPdTyJy8=",
        "schema": "input UpdateArticleInput {\n  id: OID!\n  name: String\n  docNo: String\n  content: String\n  globalTags: GlobalTag\n  masterStatus: Status\n  parentScope: PHID\n  sections: [SectionRefInput]\n \n  originalContextData: [OriginalContextDataRefInput]\n  contingencies: String\n  internalLink: String\n  provenance: String\n}\n"
      },
      "scope": "global",
      "id": "1fcf93bf-e9de-4820-ba72-374d9f66b061",
      "index": 29,
      "timestamp": "2024-11-28T14:39:13.572Z",
      "hash": "lWD9/4SAWpfvl5V/qrIdd2F+o3M=",
      "skip": 0
    },
    {
      "type": "SET_OPERATION_SCHEMA",
      "input": {
        "id": "YGEwL6zzp0e5393XCpxRPdTyJy8=",
        "schema": "input UpdateArticleInput {\n  id: OID!\n  name: String\n  docNo: String\n  content: String\n  globalTags: GlobalTag\n  masterStatus: Status\n  parentScope: PHID\n  s\n  internalLink: String\n  provenance: String\n}\n"
      },
      "scope": "global",
      "id": "f955b144-624b-497e-b10d-06c14c5a7998",
      "index": 30,
      "timestamp": "2024-11-28T14:39:49.770Z",
      "hash": "5/khLT33bNZg+Kd4Y9dWHxU9bVk=",
      "skip": 0
    },
    {
      "type": "SET_OPERATION_SCHEMA",
      "input": {
        "id": "YGEwL6zzp0e5393XCpxRPdTyJy8=",
        "schema": "input UpdateArticleInput {\n  id: OID!\n  name: String\n  docNo: String\n  content: String\n  globalTags: GlobalTag\n  masterStatus: Status\n  parentScope: PHID\n  internalLink: String\n  provenance: String\n}\n"
      },
      "scope": "global",
      "id": "795bff50-4428-4cb9-8719-130f3e615548",
      "index": 31,
      "timestamp": "2024-11-28T14:39:50.939Z",
      "hash": "1hOFblhVYkrajZ1qzlv8yTAqLGE=",
      "skip": 0
    },
    {
      "type": "SET_OPERATION_SCHEMA",
      "input": {
        "id": "YGEwL6zzp0e5393XCpxRPdTyJy8=",
        "schema": "input UpdateArticleInput {\n  id: OID!\n  name: String\n  docNo: String\n  content: String\n  globalTags: GlobalTag\n  masterStatus: Status\n  parentScope: PHID\n  internalLink: URL\n  provenance: String\n}\n"
      },
      "scope": "global",
      "id": "6a9c0228-7a6c-4751-b97e-923fd71d2159",
      "index": 32,
      "timestamp": "2024-11-28T14:39:53.435Z",
      "hash": "AZrGLCKRbhy9w5xAZR0QfLWsfbY=",
      "skip": 0
    },
    {
      "type": "SET_OPERATION_SCHEMA",
      "input": {
        "id": "YGEwL6zzp0e5393XCpxRPdTyJy8=",
        "schema": "input UpdateArticleInput {\n  id: OID!\n  name: String\n  docNo: String\n  content: String\n  globalTags: GlobalTag\n  masterStatus: Status\n  parentScope: PHID\n  internalLink: URL\n  provenance: String\n}\n"
      },
      "scope": "global",
      "id": "f249f318-a3b0-4d14-a602-0406d4d30aea",
      "index": 33,
      "timestamp": "2024-11-28T14:39:54.485Z",
      "hash": "AZrGLCKRbhy9w5xAZR0QfLWsfbY=",
      "skip": 0
    },
    {
      "type": "SET_OPERATION_SCHEMA",
      "input": {
        "id": "YGEwL6zzp0e5393XCpxRPdTyJy8=",
        "schema": "input UpdateArticleInput {\n  id: OID!\n  name: String\n  docNo: String\n  content: String\n  globalTags: GlobalTag\n  masterStatus: Status\n  parentScope: PHID\n  internalLink: URL\n  provenance: URL\n}\n"
      },
      "scope": "global",
      "id": "ac7e2c68-e8ae-4c99-805a-0c801fcc8795",
      "index": 34,
      "timestamp": "2024-11-28T14:39:56.187Z",
      "hash": "XolCJMygXTQY9p6K6AK602OCyoQ=",
      "skip": 0
    },
    {
      "type": "SET_OPERATION_SCHEMA",
      "input": {
        "id": "YGEwL6zzp0e5393XCpxRPdTyJy8=",
        "schema": "input UpdateArticleInput {\n  id: OID!\n  name: String\n  docNo: String\n  content: String\n  globalTags: GlobalTag\n  masterStatus: Status\n  parentScope: PHID\n  internalLink: URL\n  provenance: URL\n}\n"
      },
      "scope": "global",
      "id": "dc1bfbce-439c-4df5-91ab-2c0e033b3f0e",
      "index": 35,
      "timestamp": "2024-11-28T14:39:57.155Z",
      "hash": "XolCJMygXTQY9p6K6AK602OCyoQ=",
      "skip": 0
    },
    {
      "type": "SET_OPERATION_SCHEMA",
      "input": {
        "id": "YGEwL6zzp0e5393XCpxRPdTyJy8=",
        "schema": "input UpdateArticleInput {\n  id: OID!\n  name: String\n  docNo: String\n  content: String\n  globalTags: GlobalTag\n  masterStatus: Status\n  parentScope: PHID\n  internalLink: URL\n  provenance: URL\n  notion\n}\n"
      },
      "scope": "global",
      "id": "aa27981d-9ed6-4275-8f8f-804f110d1c26",
      "index": 36,
      "timestamp": "2024-11-28T14:40:01.827Z",
      "hash": "22Wr1lQ8v3MizczvgUH1/iwwFNc=",
      "skip": 0
    },
    {
      "type": "SET_OPERATION_SCHEMA",
      "input": {
        "id": "YGEwL6zzp0e5393XCpxRPdTyJy8=",
        "schema": "input UpdateArticleInput {\n  id: OID!\n  name: String\n  docNo: String\n  content: String\n  globalTags: GlobalTag\n  masterStatus: Status\n  parentScope: PHID\n  internalLink: URL\n  provenance: URL\n  notion\n}\n"
      },
      "scope": "global",
      "id": "836ecce6-915e-48b2-aa1d-a4b3c0bc3dbc",
      "index": 37,
      "timestamp": "2024-11-28T14:40:02.900Z",
      "hash": "22Wr1lQ8v3MizczvgUH1/iwwFNc=",
      "skip": 0
    },
    {
      "type": "SET_OPERATION_SCHEMA",
      "input": {
        "id": "YGEwL6zzp0e5393XCpxRPdTyJy8=",
        "schema": "input UpdateArticleInput {\n  id: OID!\n  name: String\n  docNo: String\n  content: String\n  globalTags: GlobalTag\n  masterStatus: Status\n  parentScope: PHID\n  internalLink: URL\n  provenance: URL\n  notionId:\n}\n"
      },
      "scope": "global",
      "id": "881d872d-9db9-403e-a3b4-93f1fb0f047e",
      "index": 38,
      "timestamp": "2024-11-28T14:40:04.168Z",
      "hash": "1XV76+6UU95eCjOFePLUyixtSYc=",
      "skip": 0
    },
    {
      "type": "SET_OPERATION_SCHEMA",
      "input": {
        "id": "YGEwL6zzp0e5393XCpxRPdTyJy8=",
        "schema": "input UpdateArticleInput {\n  id: OID!\n  name: String\n  docNo: String\n  content: String\n  globalTags: GlobalTag\n  masterStatus: Status\n  parentScope: PHID\n  internalLink: URL\n  provenance: URL\n  notionId: String\n}\n"
      },
      "scope": "global",
      "id": "02234cab-069b-4c40-a3b2-85d6aff82e6e",
      "index": 39,
      "timestamp": "2024-11-28T14:40:05.821Z",
      "hash": "6QCiMwYo38EJXnMcCGdoMacYlOY=",
      "skip": 0
    },
    {
      "type": "SET_OPERATION_SCHEMA",
      "input": {
        "id": "YGEwL6zzp0e5393XCpxRPdTyJy8=",
        "schema": "input UpdateArticleInput {\n  id: OID!\n  name: String\n  docNo: String\n  content: String\n  globalTags: GlobalTag\n  masterStatus: Status\n  parentScope: PHID\n  internalLink: URL\n  provenance: URL\n  notionId: String\n}\n"
      },
      "scope": "global",
      "id": "76025812-a1fd-4bf9-bee7-a94bd964f45e",
      "index": 40,
      "timestamp": "2024-11-28T14:40:07.306Z",
      "hash": "6QCiMwYo38EJXnMcCGdoMacYlOY=",
      "skip": 0
    },
    {
      "type": "ADD_OPERATION_ERROR",
      "input": {
        "id": "U1CRe++V5h/4dzWYeLXqXZxqiHQ=",
        "operationId": "YGEwL6zzp0e5393XCpxRPdTyJy8=",
        "errorName": "InvalidMasterStatusException"
      },
      "scope": "global",
      "id": "f50d2343-653a-43e3-a85d-3c15e3fb5ff4",
      "index": 41,
      "timestamp": "2024-11-28T14:40:24.823Z",
      "hash": "dI9Ah0JdoN/uIcjOGlHuEHYbcVM=",
      "skip": 0
    },
    {
      "type": "ADD_OPERATION_ERROR",
      "input": {
        "id": "stw9WrHHZDLgrmB/a7x4W7tAn8Q=",
        "operationId": "YGEwL6zzp0e5393XCpxRPdTyJy8=",
        "errorName": "NoFieldsToUpdateException"
      },
      "scope": "global",
      "id": "dddf3b39-469b-46de-acf7-5269a3b3d675",
      "index": 42,
      "timestamp": "2024-11-28T14:40:42.846Z",
      "hash": "qAYVIB3RuEi/5WPu6ba9hzBik4g=",
      "skip": 0
    }
  ],
  "local": []
}