{
  "global": [
    {
      "type": "SET_MODEL_NAME",
      "input": {
        "name": "AtlasAnnotation"
      },
      "scope": "global",
      "id": "425a0d37-9138-477a-ad85-2788ab4b212b",
      "index": 0,
      "timestamp": "2024-12-13T08:44:34.774Z",
      "hash": "O/6+ymXztVFGwUzvAARaRaselEA=",
      "skip": 0
    },
    {
      "type": "SET_STATE_SCHEMA",
      "input": {
        "schema": "type AtlasAnnotationState {\n  \"Add your global state fields here\"\n  _placeholder: String\n}",
        "scope": "global"
      },
      "scope": "global",
      "id": "ce26d142-195f-4036-a07c-c65207f12664",
      "index": 1,
      "timestamp": "2024-12-13T08:44:34.797Z",
      "hash": "XMe5zypZ6AnUj5TZjsR/DbxOe1o=",
      "skip": 0
    },
    {
      "type": "SET_MODEL_ID",
      "input": {
        "id": "sky/atlas-annotation"
      },
      "scope": "global",
      "id": "5820e7b1-c05b-44bf-9d28-fc3a9861f347",
      "index": 2,
      "timestamp": "2024-12-13T08:44:43.124Z",
      "hash": "CKKnn2i34w/xtX7wE+o1Z/lWydc=",
      "skip": 0
    },
    {
      "type": "SET_STATE_SCHEMA",
      "input": {
        "schema": "type AtlasAnnotationState {\n   name: String! # Default value = \"\"\n  docNo: String! \n  parent: PHID! # can have multiple parents\n  content: String\n  masterStatus: Status! # \n  globalTags: [GlobalTag!]!\n  references: [PHID!]!\n  provenance: URL\n  notionId: String # verify if this can be changed to UUID type\n}",
        "scope": "global"
      },
      "scope": "global",
      "id": "4f6044eb-7754-40e4-a0b8-6d89c55b77bb",
      "index": 3,
      "timestamp": "2024-12-13T08:44:48.966Z",
      "hash": "kdXWoUptL1t7AQPIHa4EL+RAanA=",
      "skip": 0
    },
    {
      "type": "SET_STATE_SCHEMA",
      "input": {
        "schema": "type AtlasAnnotationState {\n   name: String! # Default value = \"\"\n  docNo: String! \n  parent: PHID! # can have multiple parents\n  content: String\n  masterStatus: Status! # \n  globalTags: [GlobalTag!]!\n  references: [PHID!]!\n  provenance: URL\n  notionId: String # verify if this can be changed to UUID type\n}\n\nenum Status {\n  PLACEHOLDER\n  PROVISIONAL # enables ecosystem participants to interact with the material in a practical context, resulting in valuable feedback or other data concerning the Document's appropriateness.\n  APPROVED # material instance can be integrated into the Atlas\n  DEFERRED\n  ARCHIVED\n  \n}\n\nenum GlobalTag {\n    SCOPE_ADVISOR_,\n    AVC_,\n    CAIS_,\n    ML___LOW_PRIORITY_,\n    EXTERNAL_REFERENCE_,\n    DAO_TOOLKIT_,\n    ML___DEFER_,\n    PURPOSE_SYSTEM_,\n    NEWCHAIN_,\n    ML___SUPPORT._DOCS_NEEDED_,\n    TWO_STAGE_BRIDGE_,\n    ECOSYSTEM_INTELLIGENCE_,\n    RECURSIVE_IMPROVEMENT_,\n    LEGACY_TERM___USE_APPROVED_,\n}\n",
        "scope": "global"
      },
      "scope": "global",
      "id": "2f929816-8502-421f-b672-b2632bf0c683",
      "index": 4,
      "timestamp": "2024-12-13T08:44:57.550Z",
      "hash": "1Oi45LmGeU7xmX+/Muq1n5BTeOo=",
      "skip": 0
    },
    {
      "type": "SET_STATE_SCHEMA",
      "input": {
        "schema": "type AtlasAnnotationState {\n   name: String! # Default value = \"\"\n  docNo: String! \n  parent: [PHID! # can have multiple parents\n  content: String\n  masterStatus: Status! # \n  globalTags: [GlobalTag!]!\n  references: [PHID!]!\n  provenance: URL\n  notionId: String # verify if this can be changed to UUID type\n}\n\nenum Status {\n  PLACEHOLDER\n  PROVISIONAL # enables ecosystem participants to interact with the material in a practical context, resulting in valuable feedback or other data concerning the Document's appropriateness.\n  APPROVED # material instance can be integrated into the Atlas\n  DEFERRED\n  ARCHIVED\n  \n}\n\nenum GlobalTag {\n    SCOPE_ADVISOR_,\n    AVC_,\n    CAIS_,\n    ML___LOW_PRIORITY_,\n    EXTERNAL_REFERENCE_,\n    DAO_TOOLKIT_,\n    ML___DEFER_,\n    PURPOSE_SYSTEM_,\n    NEWCHAIN_,\n    ML___SUPPORT._DOCS_NEEDED_,\n    TWO_STAGE_BRIDGE_,\n    ECOSYSTEM_INTELLIGENCE_,\n    RECURSIVE_IMPROVEMENT_,\n    LEGACY_TERM___USE_APPROVED_,\n}\n",
        "scope": "global"
      },
      "scope": "global",
      "id": "8c9148ce-b9e8-41c5-9dcd-bec002f4b0d9",
      "index": 5,
      "timestamp": "2024-12-13T08:45:09.703Z",
      "hash": "XmpdRWjwy4vmxqYr394el0IFO1Y=",
      "skip": 0
    },
    {
      "type": "SET_STATE_SCHEMA",
      "input": {
        "schema": "type AtlasAnnotationState {\n   name: String! # Default value = \"\"\n  docNo: String! \n  parent: [PHID]! # can have multiple parents\n  content: String\n  masterStatus: Status! # \n  globalTags: [GlobalTag!]!\n  references: [PHID!]!\n  provenance: URL\n  notionId: String # verify if this can be changed to UUID type\n}\n\nenum Status {\n  PLACEHOLDER\n  PROVISIONAL # enables ecosystem participants to interact with the material in a practical context, resulting in valuable feedback or other data concerning the Document's appropriateness.\n  APPROVED # material instance can be integrated into the Atlas\n  DEFERRED\n  ARCHIVED\n  \n}\n\nenum GlobalTag {\n    SCOPE_ADVISOR_,\n    AVC_,\n    CAIS_,\n    ML___LOW_PRIORITY_,\n    EXTERNAL_REFERENCE_,\n    DAO_TOOLKIT_,\n    ML___DEFER_,\n    PURPOSE_SYSTEM_,\n    NEWCHAIN_,\n    ML___SUPPORT._DOCS_NEEDED_,\n    TWO_STAGE_BRIDGE_,\n    ECOSYSTEM_INTELLIGENCE_,\n    RECURSIVE_IMPROVEMENT_,\n    LEGACY_TERM___USE_APPROVED_,\n}\n",
        "scope": "global"
      },
      "scope": "global",
      "id": "8cdf2d8f-d6e3-4969-9770-ee896c3bf037",
      "index": 6,
      "timestamp": "2024-12-13T08:45:13.084Z",
      "hash": "jXdyp/+jAMTX/czjTlUspEqon0U=",
      "skip": 0
    },
    {
      "type": "SET_STATE_SCHEMA",
      "input": {
        "schema": "type AtlasAnnotationState {\n   name: String! # Default value = \"\"\n  docNo: String! \n  parent: [PHID!]! # can have multiple parents\n  content: String\n  masterStatus: Status! # \n  globalTags: [GlobalTag!]!\n  references: [PHID!]!\n  provenance: URL\n  notionId: String # verify if this can be changed to UUID type\n}\n\nenum Status {\n  PLACEHOLDER\n  PROVISIONAL # enables ecosystem participants to interact with the material in a practical context, resulting in valuable feedback or other data concerning the Document's appropriateness.\n  APPROVED # material instance can be integrated into the Atlas\n  DEFERRED\n  ARCHIVED\n  \n}\n\nenum GlobalTag {\n    SCOPE_ADVISOR_,\n    AVC_,\n    CAIS_,\n    ML___LOW_PRIORITY_,\n    EXTERNAL_REFERENCE_,\n    DAO_TOOLKIT_,\n    ML___DEFER_,\n    PURPOSE_SYSTEM_,\n    NEWCHAIN_,\n    ML___SUPPORT._DOCS_NEEDED_,\n    TWO_STAGE_BRIDGE_,\n    ECOSYSTEM_INTELLIGENCE_,\n    RECURSIVE_IMPROVEMENT_,\n    LEGACY_TERM___USE_APPROVED_,\n}\n",
        "scope": "global"
      },
      "scope": "global",
      "id": "3dcb9c1e-135e-4f1a-bdde-2d06bc4529e9",
      "index": 7,
      "timestamp": "2024-12-13T08:45:15.591Z",
      "hash": "gvM0lnSNrwm4p0jrSny30yDCJPg=",
      "skip": 0
    },
    {
      "type": "SET_STATE_SCHEMA",
      "input": {
        "schema": "type AtlasAnnotationState {\n   name: String! # Default value = \"\"\n  docNo: String! \n  parent: [PHID!]! # can have multiple parents\n  content: String\n  masterStatus: Status! # \n  globalTags: [GlobalTag!]!\n  references: [PHID!]!\n  provenance: URL\n  notionId: String # verify if this can be changed to UUID type\n}\n\nenum Status {\n  PLACEHOLDER\n  PROVISIONAL # enables ecosystem participants to interact with the material in a practical context, resulting in valuable feedback or other data concerning the Document's appropriateness.\n  APPROVED # material instance can be integrated into the Atlas\n  DEFERRED\n  ARCHIVED\n  \n}\n\nenum GlobalTag {\n    SCOPE_ADVISOR_,\n    AVC_,\n    CAIS_,\n    ML___LOW_PRIORITY_,\n    EXTERNAL_REFERENCE_,\n    DAO_TOOLKIT_,\n    ML___DEFER_,\n    PURPOSE_SYSTEM_,\n    NEWCHAIN_,\n    ML___SUPPORT_DOCS_NEEDED_,\n    TWO_STAGE_BRIDGE_,\n    ECOSYSTEM_INTELLIGENCE_,\n    RECURSIVE_IMPROVEMENT_,\n    LEGACY_TERM___USE_APPROVED_,\n}\n",
        "scope": "global"
      },
      "scope": "global",
      "id": "abf000c7-7100-4667-bc95-2f032d78dbe2",
      "index": 8,
      "timestamp": "2024-12-13T08:45:20.299Z",
      "hash": "NfBOT9ecyR5DC3nyzPfyvG0ZkDo=",
      "skip": 0
    },
    {
      "type": "SET_STATE_SCHEMA",
      "input": {
        "schema": "type AnnotationState {\n   name: String! # Default value = \"\"\n  docNo: String! \n  parent: [PHID!]! # can have multiple parents\n  content: String\n  masterStatus: Status! # \n  globalTags: [GlobalTag!]!\n  references: [PHID!]!\n  provenance: URL\n  notionId: String # verify if this can be changed to UUID type\n}\n\nenum Status {\n  PLACEHOLDER\n  PROVISIONAL # enables ecosystem participants to interact with the material in a practical context, resulting in valuable feedback or other data concerning the Document's appropriateness.\n  APPROVED # material instance can be integrated into the Atlas\n  DEFERRED\n  ARCHIVED\n  \n}\n\nenum GlobalTag {\n    SCOPE_ADVISOR_,\n    AVC_,\n    CAIS_,\n    ML___LOW_PRIORITY_,\n    EXTERNAL_REFERENCE_,\n    DAO_TOOLKIT_,\n    ML___DEFER_,\n    PURPOSE_SYSTEM_,\n    NEWCHAIN_,\n    ML___SUPPORT_DOCS_NEEDED_,\n    TWO_STAGE_BRIDGE_,\n    ECOSYSTEM_INTELLIGENCE_,\n    RECURSIVE_IMPROVEMENT_,\n    LEGACY_TERM___USE_APPROVED_,\n}\n",
        "scope": "global"
      },
      "scope": "global",
      "id": "52149268-47d6-41db-b372-0a15f5e73581",
      "index": 9,
      "timestamp": "2024-12-13T08:45:26.143Z",
      "hash": "y/e39rm3iIQcGWjQCoxx6eRCo18=",
      "skip": 0
    },
    {
      "type": "SET_INITIAL_STATE",
      "input": {
        "initialValue": "{\n  \"name\": \"\",\n  \"docNo\": \"\",\n  \"parent\": [],\n  \"content\": \"\",\n  \"masterStatus\": \"PLACEHOLDER\",\n  \"globalTags\": [],\n  \"references\": [],\n  \"provenance\": \"\",\n  \"notionId\": \"\"\n}",
        "scope": "global"
      },
      "scope": "global",
      "id": "89c2f282-a918-4f65-84b6-1652de7a225d",
      "index": 10,
      "timestamp": "2024-12-13T08:45:26.469Z",
      "hash": "yioMEkX+cDo0QyZV/cQin3YYwVg=",
      "skip": 0
    },
    {
      "type": "SET_STATE_SCHEMA",
      "input": {
        "schema": "type ATlasAnnotationState {\n   name: String! # Default value = \"\"\n  docNo: String! \n  parent: [PHID!]! # can have multiple parents\n  content: String\n  masterStatus: Status! # \n  globalTags: [GlobalTag!]!\n  references: [PHID!]!\n  provenance: URL\n  notionId: String # verify if this can be changed to UUID type\n}\n\nenum Status {\n  PLACEHOLDER\n  PROVISIONAL # enables ecosystem participants to interact with the material in a practical context, resulting in valuable feedback or other data concerning the Document's appropriateness.\n  APPROVED # material instance can be integrated into the Atlas\n  DEFERRED\n  ARCHIVED\n  \n}\n\nenum GlobalTag {\n    SCOPE_ADVISOR_,\n    AVC_,\n    CAIS_,\n    ML___LOW_PRIORITY_,\n    EXTERNAL_REFERENCE_,\n    DAO_TOOLKIT_,\n    ML___DEFER_,\n    PURPOSE_SYSTEM_,\n    NEWCHAIN_,\n    ML___SUPPORT_DOCS_NEEDED_,\n    TWO_STAGE_BRIDGE_,\n    ECOSYSTEM_INTELLIGENCE_,\n    RECURSIVE_IMPROVEMENT_,\n    LEGACY_TERM___USE_APPROVED_,\n}\n",
        "scope": "global"
      },
      "scope": "global",
      "id": "31d04bb9-0c55-4885-81ea-c013bee0ebff",
      "index": 11,
      "timestamp": "2024-12-13T08:45:29.363Z",
      "hash": "eUhNyGeLiodWJHZbwpboPcBuQ3c=",
      "skip": 0
    },
    {
      "type": "ADD_MODULE",
      "input": {
        "id": "8wUEnHUoeLzFxrspo0XR+TrLc2M=",
        "name": "annotation"
      },
      "scope": "global",
      "id": "765d7db3-2c5f-48e8-a3bb-7adf4d1507d5",
      "index": 12,
      "timestamp": "2024-12-13T08:45:34.221Z",
      "hash": "y8/q46MTqgkvKymCGBERsQ/LFlY=",
      "skip": 0
    },
    {
      "type": "ADD_OPERATION",
      "input": {
        "id": "vqGMWmKKYjjYT63VVJx2DVWDPpQ=",
        "moduleId": "8wUEnHUoeLzFxrspo0XR+TrLc2M=",
        "name": "UPDATE_ANNOTATION"
      },
      "scope": "global",
      "id": "85ecb941-eed8-480e-b60c-ae451d5f529b",
      "index": 13,
      "timestamp": "2024-12-13T08:45:40.117Z",
      "hash": "aYe8k2/0Qt0CGO7yhlxryAHjaFs=",
      "skip": 0
    },
    {
      "type": "SET_OPERATION_SCHEMA",
      "input": {
        "id": "vqGMWmKKYjjYT63VVJx2DVWDPpQ=",
        "schema": "input UpdateAnnotationInput {\n  \"Add your inputs here\"\n  _placeholder: String\n}"
      },
      "scope": "global",
      "id": "7b2cf49e-9650-4b1d-aed9-f20f6cbeeed6",
      "index": 14,
      "timestamp": "2024-12-13T08:45:40.134Z",
      "hash": "kXs8mm/6uNDma+jQ+raKLp6fzkw=",
      "skip": 0
    },
    {
      "type": "SET_OPERATION_SCHEMA",
      "input": {
        "id": "vqGMWmKKYjjYT63VVJx2DVWDPpQ=",
        "schema": "input UpdateAnnotationInput {\n  name: String\n  content: String\n  masterStatus: [Status!]!\n  globalTags: [String]\n  references: [PHID!]!\n}"
      },
      "scope": "global",
      "id": "877b623a-4c9b-473c-afc2-54747cbaa653",
      "index": 15,
      "timestamp": "2024-12-13T08:45:58.844Z",
      "hash": "GHBpc+Co5u0qkj5TpwiGbBMdx+o=",
      "skip": 0
    },
    {
      "type": "SET_STATE_SCHEMA",
      "input": {
        "schema": "type AtlasAnnotationState {\n   name: String! # Default value = \"\"\n  docNo: String! \n  parent: [PHID!]! # can have multiple parents\n  content: String\n  masterStatus: Status! # \n  globalTags: [GlobalTag!]!\n  references: [PHID!]!\n  provenance: URL\n  notionId: String # verify if this can be changed to UUID type\n}\n\nenum Status {\n  PLACEHOLDER\n  PROVISIONAL # enables ecosystem participants to interact with the material in a practical context, resulting in valuable feedback or other data concerning the Document's appropriateness.\n  APPROVED # material instance can be integrated into the Atlas\n  DEFERRED\n  ARCHIVED\n  \n}\n\nenum GlobalTag {\n    SCOPE_ADVISOR_,\n    AVC_,\n    CAIS_,\n    ML___LOW_PRIORITY_,\n    EXTERNAL_REFERENCE_,\n    DAO_TOOLKIT_,\n    ML___DEFER_,\n    PURPOSE_SYSTEM_,\n    NEWCHAIN_,\n    ML___SUPPORT_DOCS_NEEDED_,\n    TWO_STAGE_BRIDGE_,\n    ECOSYSTEM_INTELLIGENCE_,\n    RECURSIVE_IMPROVEMENT_,\n    LEGACY_TERM___USE_APPROVED_,\n}\n",
        "scope": "global"
      },
      "scope": "global",
      "id": "4a1c01ef-4183-4f92-bff9-b7414790b88b",
      "index": 16,
      "timestamp": "2024-12-13T08:46:04.297Z",
      "hash": "dQSwWqM4VK525WA4/cggoMKf3GA=",
      "skip": 0
    },
    {
      "type": "SET_OPERATION_SCHEMA",
      "input": {
        "id": "vqGMWmKKYjjYT63VVJx2DVWDPpQ=",
        "schema": "input UpdateAnnotationInput {\n  name: String\n   parent: [PHID!]! # can have multiple parents\n  content: String\n  masterStatus: [Status!]!\n  globalTags: [String]\n  references: [PHID!]!\n}"
      },
      "scope": "global",
      "id": "929c7b5c-617e-4e08-9a64-bd504a041181",
      "index": 17,
      "timestamp": "2024-12-13T08:46:14.930Z",
      "hash": "dM7YA6oAl0RbeBd0T23QNRj3jU4=",
      "skip": 0
    }
  ],
  "local": []
}