{
  "global": [
    {
      "type": "SET_MODEL_NAME",
      "input": {
        "name": "atlas_scope"
      },
      "scope": "global",
      "id": "5eba842b-aa5e-4276-9cb1-397c42babe51",
      "index": 0,
      "timestamp": "2024-11-28T13:17:56.460Z",
      "hash": "36MXw5krFovf+4h+SZQuoKlUbpQ=",
      "skip": 0
    },
    {
      "type": "SET_STATE_SCHEMA",
      "input": {
        "schema": "type AtlasScopeState {\n  \"Add your global state fields here\"\n  _placeholder: String\n}",
        "scope": "global"
      },
      "scope": "global",
      "id": "0b13ceba-b0ea-45de-837f-56d57e55b0de",
      "index": 1,
      "timestamp": "2024-11-28T13:17:56.475Z",
      "hash": "q+NGGT+NFslsEA7WfKvQDj05+QU=",
      "skip": 0
    },
    {
      "type": "SET_STATE_SCHEMA",
      "input": {
        "schema": "type ScopeState {\n  name: String\n  docNo: String # e.g, A.1\n  content: String\n  masterStatus: [Status!]! # Aggregation: MasterStatus can exist independently of Scope\n  globalTags: [GlobalTag!]!\n\toriginalContextData: [PHID!]!\n\tprovenance: URL # p0Hub backlink\n\tnotionId: String # the same value as the one form the screenshot\n}\n\n\nenum Status {\n  PLACEHOLDER\n  PROVISIONAL # enables ecosystem participants to interact with the material in a practical context, resulting in valuable feedback or other data concerning the Document's appropriateness.\n  APPROVED # material instance can be integrated into the Atlas\n  DEFERRED\n  ARCHIVED\n}\n\nenum GlobalTags {\n    RECURSIVE_IMPROVEMENT,\n    SCOPE_ADVISOR,\n    DAO_TOOLKIT,\n    PURPOSE_SYSTEM,\n    ML_-_LOW_PRIORITY,\n    EXTERNAL_REFERENCE,\n    ML_-_DEFER,\n    SUBDAO_INCUBATION,\n    V1_-_MIP,\n    ML_-__HIGH_PRIORITY,\n    ECOSYSTEM_INTELLIGENCE,\n    LEGACY_TERM_-_USE_APPROVED,\n    CAIS,\n    INTERNAL_REFERENCE,\n    FACILITATORDAO,\n    ML_-__MED_PRIORITY,\n    AVC,\n    P0_HUB_ENTRY_NEEDED,\n    ANON_WORKFORCE,\n    NEWCHAIN,\n    ML_-_SUPPORT._DOCS_NEEDED,\n    SUBDAO_REWARDS,\n    TWO-STAGE_BRIDGE,\n}\n",
        "scope": "global"
      },
      "scope": "global",
      "id": "096e13e0-5c54-4d6e-b960-2fae1a40367d",
      "index": 2,
      "timestamp": "2024-11-28T13:18:03.537Z",
      "hash": "0Oqu5fL2ABWusdStcHceB6S76Qg=",
      "skip": 0
    },
    {
      "type": "SET_STATE_SCHEMA",
      "input": {
        "schema": "type AtlasScopeState {\n  name: String\n  docNo: String # e.g, A.1\n  content: String\n  masterStatus: [Status!]! # Aggregation: MasterStatus can exist independently of Scope\n  globalTags: [GlobalTag!]!\n\toriginalContextData: [PHID!]!\n\tprovenance: URL # p0Hub backlink\n\tnotionId: String # the same value as the one form the screenshot\n}\n\n\nenum Status {\n  PLACEHOLDER\n  PROVISIONAL # enables ecosystem participants to interact with the material in a practical context, resulting in valuable feedback or other data concerning the Document's appropriateness.\n  APPROVED # material instance can be integrated into the Atlas\n  DEFERRED\n  ARCHIVED\n}\n\nenum GlobalTags {\n    RECURSIVE_IMPROVEMENT,\n    SCOPE_ADVISOR,\n    DAO_TOOLKIT,\n    PURPOSE_SYSTEM,\n    ML_-_LOW_PRIORITY,\n    EXTERNAL_REFERENCE,\n    ML_-_DEFER,\n    SUBDAO_INCUBATION,\n    V1_-_MIP,\n    ML_-__HIGH_PRIORITY,\n    ECOSYSTEM_INTELLIGENCE,\n    LEGACY_TERM_-_USE_APPROVED,\n    CAIS,\n    INTERNAL_REFERENCE,\n    FACILITATORDAO,\n    ML_-__MED_PRIORITY,\n    AVC,\n    P0_HUB_ENTRY_NEEDED,\n    ANON_WORKFORCE,\n    NEWCHAIN,\n    ML_-_SUPPORT._DOCS_NEEDED,\n    SUBDAO_REWARDS,\n    TWO-STAGE_BRIDGE,\n}\n",
        "scope": "global"
      },
      "scope": "global",
      "id": "a6086cb1-34a6-4b56-b7ec-1fb0d299f671",
      "index": 3,
      "timestamp": "2024-11-28T13:18:07.163Z",
      "hash": "Cqj7q6neL7lGZWFDd/6xhM6136Y=",
      "skip": 0
    },
    {
      "type": "SET_STATE_SCHEMA",
      "input": {
        "schema": "type AtlasScopeState {\n  name: String\n  docNo: String # e.g, A.1\n  content: String\n  masterStatus: [Status!]! # Aggregation: MasterStatus can exist independently of Scope\n  globalTags: [GlobalTag!]!\n\toriginalContextData: [PHID!]!\n\tprovenance: URL # p0Hub backlink\n\tnotionId: String # the same value as the one form the screenshot\n}\n\n\nenum Status {\n  PLACEHOLDER\n  PROVISIONAL # enables ecosystem participants to interact with the material in a practical context, resulting in valuable feedback or other data concerning the Document's appropriateness.\n  APPROVED # material instance can be integrated into the Atlas\n  DEFERRED\n  ARCHIVED\n}\n\nenum GlobalTags {\n    RECURSIVE_IMPROVEMENT,\n    SCOPE_ADVISOR,\n    DAO_TOOLKIT,\n    PURPOSE_SYSTEM,\n    ML_LOW_PRIORITY,\n    EXTERNAL_REFERENCE,\n    ML_-_DEFER,\n    SUBDAO_INCUBATION,\n    V1_-_MIP,\n    ML_-__HIGH_PRIORITY,\n    ECOSYSTEM_INTELLIGENCE,\n    LEGACY_TERM_-_USE_APPROVED,\n    CAIS,\n    INTERNAL_REFERENCE,\n    FACILITATORDAO,\n    ML_-__MED_PRIORITY,\n    AVC,\n    P0_HUB_ENTRY_NEEDED,\n    ANON_WORKFORCE,\n    NEWCHAIN,\n    ML_-_SUPPORT._DOCS_NEEDED,\n    SUBDAO_REWARDS,\n    TWO-STAGE_BRIDGE,\n}\n",
        "scope": "global"
      },
      "scope": "global",
      "id": "a3f9304e-c76c-4343-8e0a-42392c8fb2ae",
      "index": 4,
      "timestamp": "2024-11-28T13:18:10.988Z",
      "hash": "bl2iJtisxgldpkVKM9zG2OEtL+I=",
      "skip": 0
    },
    {
      "type": "SET_STATE_SCHEMA",
      "input": {
        "schema": "type AtlasScopeState {\n  name: String\n  docNo: String # e.g, A.1\n  content: String\n  masterStatus: [Status!]! # Aggregation: MasterStatus can exist independently of Scope\n  globalTags: [GlobalTag!]!\n\toriginalContextData: [PHID!]!\n\tprovenance: URL # p0Hub backlink\n\tnotionId: String # the same value as the one form the screenshot\n}\n\n\nenum Status {\n  PLACEHOLDER\n  PROVISIONAL # enables ecosystem participants to interact with the material in a practical context, resulting in valuable feedback or other data concerning the Document's appropriateness.\n  APPROVED # material instance can be integrated into the Atlas\n  DEFERRED\n  ARCHIVED\n}\n\nenum GlobalTags {\n    RECURSIVE_IMPROVEMENT,\n    SCOPE_ADVISOR,\n    DAO_TOOLKIT,\n    PURPOSE_SYSTEM,\n    ML_LOW_PRIORITY,\n    EXTERNAL_REFERENCE,\n    ML_DEFER,\n    SUBDAO_INCUBATION,\n    V1_-_MIP,\n    ML_-__HIGH_PRIORITY,\n    ECOSYSTEM_INTELLIGENCE,\n    LEGACY_TERM_-_USE_APPROVED,\n    CAIS,\n    INTERNAL_REFERENCE,\n    FACILITATORDAO,\n    ML_-__MED_PRIORITY,\n    AVC,\n    P0_HUB_ENTRY_NEEDED,\n    ANON_WORKFORCE,\n    NEWCHAIN,\n    ML_-_SUPPORT._DOCS_NEEDED,\n    SUBDAO_REWARDS,\n    TWO-STAGE_BRIDGE,\n}\n",
        "scope": "global"
      },
      "scope": "global",
      "id": "43b3c5f8-89c1-46f3-9045-52c32904ccec",
      "index": 5,
      "timestamp": "2024-11-28T13:18:12.951Z",
      "hash": "9zP7LktqyIFJdCkxrq4XM/19YZY=",
      "skip": 0
    },
    {
      "type": "SET_STATE_SCHEMA",
      "input": {
        "schema": "type AtlasScopeState {\n  name: String\n  docNo: String # e.g, A.1\n  content: String\n  masterStatus: [Status!]! # Aggregation: MasterStatus can exist independently of Scope\n  globalTags: [GlobalTag!]!\n\toriginalContextData: [PHID!]!\n\tprovenance: URL # p0Hub backlink\n\tnotionId: String # the same value as the one form the screenshot\n}\n\n\nenum Status {\n  PLACEHOLDER\n  PROVISIONAL # enables ecosystem participants to interact with the material in a practical context, resulting in valuable feedback or other data concerning the Document's appropriateness.\n  APPROVED # material instance can be integrated into the Atlas\n  DEFERRED\n  ARCHIVED\n}\n\nenum GlobalTags {\n    RECURSIVE_IMPROVEMENT,\n    SCOPE_ADVISOR,\n    DAO_TOOLKIT,\n    PURPOSE_SYSTEM,\n    ML_LOW_PRIORITY,\n    EXTERNAL_REFERENCE,\n    ML_DEFER,\n    SUBDAO_INCUBATION,\n    V1_MIP,\n    ML_-__HIGH_PRIORITY,\n    ECOSYSTEM_INTELLIGENCE,\n    LEGACY_TERM_-_USE_APPROVED,\n    CAIS,\n    INTERNAL_REFERENCE,\n    FACILITATORDAO,\n    ML_-__MED_PRIORITY,\n    AVC,\n    P0_HUB_ENTRY_NEEDED,\n    ANON_WORKFORCE,\n    NEWCHAIN,\n    ML_-_SUPPORT._DOCS_NEEDED,\n    SUBDAO_REWARDS,\n    TWO-STAGE_BRIDGE,\n}\n",
        "scope": "global"
      },
      "scope": "global",
      "id": "33d563ea-a3b2-4812-a437-20a0d72fb5b2",
      "index": 6,
      "timestamp": "2024-11-28T13:18:14.968Z",
      "hash": "GjN4fu3bnbQ57RFKHX9WV4Y7Pp8=",
      "skip": 0
    },
    {
      "type": "SET_STATE_SCHEMA",
      "input": {
        "schema": "type AtlasScopeState {\n  name: String\n  docNo: String # e.g, A.1\n  content: String\n  masterStatus: [Status!]! # Aggregation: MasterStatus can exist independently of Scope\n  globalTags: [GlobalTag!]!\n\toriginalContextData: [PHID!]!\n\tprovenance: URL # p0Hub backlink\n\tnotionId: String # the same value as the one form the screenshot\n}\n\n\nenum Status {\n  PLACEHOLDER\n  PROVISIONAL # enables ecosystem participants to interact with the material in a practical context, resulting in valuable feedback or other data concerning the Document's appropriateness.\n  APPROVED # material instance can be integrated into the Atlas\n  DEFERRED\n  ARCHIVED\n}\n\nenum GlobalTags {\n    RECURSIVE_IMPROVEMENT,\n    SCOPE_ADVISOR,\n    DAO_TOOLKIT,\n    PURPOSE_SYSTEM,\n    ML_LOW_PRIORITY,\n    EXTERNAL_REFERENCE,\n    ML_DEFER,\n    SUBDAO_INCUBATION,\n    V1_MIP,\n    ML_-_HIGH_PRIORITY,\n    ECOSYSTEM_INTELLIGENCE,\n    LEGACY_TERM_-_USE_APPROVED,\n    CAIS,\n    INTERNAL_REFERENCE,\n    FACILITATORDAO,\n    ML_-__MED_PRIORITY,\n    AVC,\n    P0_HUB_ENTRY_NEEDED,\n    ANON_WORKFORCE,\n    NEWCHAIN,\n    ML_-_SUPPORT._DOCS_NEEDED,\n    SUBDAO_REWARDS,\n    TWO-STAGE_BRIDGE,\n}\n",
        "scope": "global"
      },
      "scope": "global",
      "id": "c720f025-865b-490d-a367-1db816dd085d",
      "index": 7,
      "timestamp": "2024-11-28T13:18:16.280Z",
      "hash": "d1+63jkkhOE3v/X9t+cLfLSk+ys=",
      "skip": 0
    },
    {
      "type": "SET_STATE_SCHEMA",
      "input": {
        "schema": "type AtlasScopeState {\n  name: String\n  docNo: String # e.g, A.1\n  content: String\n  masterStatus: [Status!]! # Aggregation: MasterStatus can exist independently of Scope\n  globalTags: [GlobalTag!]!\n\toriginalContextData: [PHID!]!\n\tprovenance: URL # p0Hub backlink\n\tnotionId: String # the same value as the one form the screenshot\n}\n\n\nenum Status {\n  PLACEHOLDER\n  PROVISIONAL # enables ecosystem participants to interact with the material in a practical context, resulting in valuable feedback or other data concerning the Document's appropriateness.\n  APPROVED # material instance can be integrated into the Atlas\n  DEFERRED\n  ARCHIVED\n}\n\nenum GlobalTags {\n    RECURSIVE_IMPROVEMENT,\n    SCOPE_ADVISOR,\n    DAO_TOOLKIT,\n    PURPOSE_SYSTEM,\n    ML_LOW_PRIORITY,\n    EXTERNAL_REFERENCE,\n    ML_DEFER,\n    SUBDAO_INCUBATION,\n    V1_MIP,\n    ML_-HIGH_PRIORITY,\n    ECOSYSTEM_INTELLIGENCE,\n    LEGACY_TERM_-_USE_APPROVED,\n    CAIS,\n    INTERNAL_REFERENCE,\n    FACILITATORDAO,\n    ML_-__MED_PRIORITY,\n    AVC,\n    P0_HUB_ENTRY_NEEDED,\n    ANON_WORKFORCE,\n    NEWCHAIN,\n    ML_-_SUPPORT._DOCS_NEEDED,\n    SUBDAO_REWARDS,\n    TWO-STAGE_BRIDGE,\n}\n",
        "scope": "global"
      },
      "scope": "global",
      "id": "cd91a3be-bea4-4aca-ac26-917db2ca681f",
      "index": 8,
      "timestamp": "2024-11-28T13:18:17.164Z",
      "hash": "0/0eji/A5D/EEhFWEfOM6x/zEFA=",
      "skip": 0
    },
    {
      "type": "SET_STATE_SCHEMA",
      "input": {
        "schema": "type AtlasScopeState {\n  name: String\n  docNo: String # e.g, A.1\n  content: String\n  masterStatus: [Status!]! # Aggregation: MasterStatus can exist independently of Scope\n  globalTags: [GlobalTag!]!\n\toriginalContextData: [PHID!]!\n\tprovenance: URL # p0Hub backlink\n\tnotionId: String # the same value as the one form the screenshot\n}\n\n\nenum Status {\n  PLACEHOLDER\n  PROVISIONAL # enables ecosystem participants to interact with the material in a practical context, resulting in valuable feedback or other data concerning the Document's appropriateness.\n  APPROVED # material instance can be integrated into the Atlas\n  DEFERRED\n  ARCHIVED\n}\n\nenum GlobalTags {\n    RECURSIVE_IMPROVEMENT,\n    SCOPE_ADVISOR,\n    DAO_TOOLKIT,\n    PURPOSE_SYSTEM,\n    ML_LOW_PRIORITY,\n    EXTERNAL_REFERENCE,\n    ML_DEFER,\n    SUBDAO_INCUBATION,\n    V1_MIP,\n    ML_HIGH_PRIORITY,\n    ECOSYSTEM_INTELLIGENCE,\n    LEGACY_TERM_-_USE_APPROVED,\n    CAIS,\n    INTERNAL_REFERENCE,\n    FACILITATORDAO,\n    ML_-__MED_PRIORITY,\n    AVC,\n    P0_HUB_ENTRY_NEEDED,\n    ANON_WORKFORCE,\n    NEWCHAIN,\n    ML_-_SUPPORT._DOCS_NEEDED,\n    SUBDAO_REWARDS,\n    TWO-STAGE_BRIDGE,\n}\n",
        "scope": "global"
      },
      "scope": "global",
      "id": "e89f8915-8078-4267-b86b-e6dccfb8ff4b",
      "index": 9,
      "timestamp": "2024-11-28T13:18:18.376Z",
      "hash": "aAvstl3NZUpDYm4SGuDA/vAPWKA=",
      "skip": 0
    },
    {
      "type": "SET_STATE_SCHEMA",
      "input": {
        "schema": "type AtlasScopeState {\n  name: String\n  docNo: String # e.g, A.1\n  content: String\n  masterStatus: [Status!]! # Aggregation: MasterStatus can exist independently of Scope\n  globalTags: [GlobalTag!]!\n\toriginalContextData: [PHID!]!\n\tprovenance: URL # p0Hub backlink\n\tnotionId: String # the same value as the one form the screenshot\n}\n\n\nenum Status {\n  PLACEHOLDER\n  PROVISIONAL # enables ecosystem participants to interact with the material in a practical context, resulting in valuable feedback or other data concerning the Document's appropriateness.\n  APPROVED # material instance can be integrated into the Atlas\n  DEFERRED\n  ARCHIVED\n}\n\nenum GlobalTags {\n    RECURSIVE_IMPROVEMENT,\n    SCOPE_ADVISOR,\n    DAO_TOOLKIT,\n    PURPOSE_SYSTEM,\n    ML_LOW_PRIORITY,\n    EXTERNAL_REFERENCE,\n    ML_DEFER,\n    SUBDAO_INCUBATION,\n    V1_MIP,\n    ML_HIGH_PRIORITY,\n    ECOSYSTEM_INTELLIGENCE,\n    LEGACY_TERM_USE_APPROVED,\n    CAIS,\n    INTERNAL_REFERENCE,\n    FACILITATORDAO,\n    ML_-__MED_PRIORITY,\n    AVC,\n    P0_HUB_ENTRY_NEEDED,\n    ANON_WORKFORCE,\n    NEWCHAIN,\n    ML_-_SUPPORT._DOCS_NEEDED,\n    SUBDAO_REWARDS,\n    TWO-STAGE_BRIDGE,\n}\n",
        "scope": "global"
      },
      "scope": "global",
      "id": "8438b082-5630-417c-b909-01cb126a0db6",
      "index": 10,
      "timestamp": "2024-11-28T13:18:20.600Z",
      "hash": "iTHW2dECjW0QgcVXE2aBv6hnVBk=",
      "skip": 0
    },
    {
      "type": "SET_STATE_SCHEMA",
      "input": {
        "schema": "type AtlasScopeState {\n  name: String\n  docNo: String # e.g, A.1\n  content: String\n  masterStatus: [Status!]! # Aggregation: MasterStatus can exist independently of Scope\n  globalTags: [GlobalTag!]!\n\toriginalContextData: [PHID!]!\n\tprovenance: URL # p0Hub backlink\n\tnotionId: String # the same value as the one form the screenshot\n}\n\n\nenum Status {\n  PLACEHOLDER\n  PROVISIONAL # enables ecosystem participants to interact with the material in a practical context, resulting in valuable feedback or other data concerning the Document's appropriateness.\n  APPROVED # material instance can be integrated into the Atlas\n  DEFERRED\n  ARCHIVED\n}\n\nenum GlobalTags {\n    RECURSIVE_IMPROVEMENT,\n    SCOPE_ADVISOR,\n    DAO_TOOLKIT,\n    PURPOSE_SYSTEM,\n    ML_LOW_PRIORITY,\n    EXTERNAL_REFERENCE,\n    ML_DEFER,\n    SUBDAO_INCUBATION,\n    V1_MIP,\n    ML_HIGH_PRIORITY,\n    ECOSYSTEM_INTELLIGENCE,\n    LEGACY_TERM_USE_APPROVED,\n    CAIS,\n    INTERNAL_REFERENCE,\n    FACILITATORDAO,\n    ML_MED_PRIORITY,\n    AVC,\n    P0_HUB_ENTRY_NEEDED,\n    ANON_WORKFORCE,\n    NEWCHAIN,\n    ML_-_SUPPORT._DOCS_NEEDED,\n    SUBDAO_REWARDS,\n    TWO-STAGE_BRIDGE,\n}\n",
        "scope": "global"
      },
      "scope": "global",
      "id": "5e75797a-9d13-40eb-8a2f-eb22811ff268",
      "index": 11,
      "timestamp": "2024-11-28T13:18:23.261Z",
      "hash": "QLMCCELlHqaQZ7rJPgc4sFFyFIM=",
      "skip": 0
    },
    {
      "type": "SET_STATE_SCHEMA",
      "input": {
        "schema": "type AtlasScopeState {\n  name: String\n  docNo: String # e.g, A.1\n  content: String\n  masterStatus: [Status!]! # Aggregation: MasterStatus can exist independently of Scope\n  globalTags: [GlobalTag!]!\n\toriginalContextData: [PHID!]!\n\tprovenance: URL # p0Hub backlink\n\tnotionId: String # the same value as the one form the screenshot\n}\n\n\nenum Status {\n  PLACEHOLDER\n  PROVISIONAL # enables ecosystem participants to interact with the material in a practical context, resulting in valuable feedback or other data concerning the Document's appropriateness.\n  APPROVED # material instance can be integrated into the Atlas\n  DEFERRED\n  ARCHIVED\n}\n\nenum GlobalTags {\n    RECURSIVE_IMPROVEMENT,\n    SCOPE_ADVISOR,\n    DAO_TOOLKIT,\n    PURPOSE_SYSTEM,\n    ML_LOW_PRIORITY,\n    EXTERNAL_REFERENCE,\n    ML_DEFER,\n    SUBDAO_INCUBATION,\n    V1_MIP,\n    ML_HIGH_PRIORITY,\n    ECOSYSTEM_INTELLIGENCE,\n    LEGACY_TERM_USE_APPROVED,\n    CAIS,\n    INTERNAL_REFERENCE,\n    FACILITATORDAO,\n    ML_MED_PRIORITY,\n    AVC,\n    P0_HUB_ENTRY_NEEDED,\n    ANON_WORKFORCE,\n    NEWCHAIN,\n    ML_SUPPORT._DOCS_NEEDED,\n    SUBDAO_REWARDS,\n    TWO-STAGE_BRIDGE,\n}\n",
        "scope": "global"
      },
      "scope": "global",
      "id": "29d274d8-3450-47b2-ab67-97ec17bd65c4",
      "index": 12,
      "timestamp": "2024-11-28T13:18:25.339Z",
      "hash": "p40DhLgf92B8Q97pkwUx3KdPNW8=",
      "skip": 0
    },
    {
      "type": "SET_STATE_SCHEMA",
      "input": {
        "schema": "type AtlasScopeState {\n  name: String\n  docNo: String # e.g, A.1\n  content: String\n  masterStatus: [Status!]! # Aggregation: MasterStatus can exist independently of Scope\n  globalTags: [GlobalTag!]!\n\toriginalContextData: [PHID!]!\n\tprovenance: URL # p0Hub backlink\n\tnotionId: String # the same value as the one form the screenshot\n}\n\n\nenum Status {\n  PLACEHOLDER\n  PROVISIONAL # enables ecosystem participants to interact with the material in a practical context, resulting in valuable feedback or other data concerning the Document's appropriateness.\n  APPROVED # material instance can be integrated into the Atlas\n  DEFERRED\n  ARCHIVED\n}\n\nenum GlobalTags {\n    RECURSIVE_IMPROVEMENT,\n    SCOPE_ADVISOR,\n    DAO_TOOLKIT,\n    PURPOSE_SYSTEM,\n    ML_LOW_PRIORITY,\n    EXTERNAL_REFERENCE,\n    ML_DEFER,\n    SUBDAO_INCUBATION,\n    V1_MIP,\n    ML_HIGH_PRIORITY,\n    ECOSYSTEM_INTELLIGENCE,\n    LEGACY_TERM_USE_APPROVED,\n    CAIS,\n    INTERNAL_REFERENCE,\n    FACILITATORDAO,\n    ML_MED_PRIORITY,\n    AVC,\n    P0_HUB_ENTRY_NEEDED,\n    ANON_WORKFORCE,\n    NEWCHAIN,\n    ML_SUPPORT_DOCS_NEEDED,\n    SUBDAO_REWARDS,\n    TWO-STAGE_BRIDGE,\n}\n",
        "scope": "global"
      },
      "scope": "global",
      "id": "babfd9d0-b3f9-4834-9949-1173e1f42e94",
      "index": 13,
      "timestamp": "2024-11-28T13:18:27.031Z",
      "hash": "MWebhJAMWxbDIdoOlH914nkJdeI=",
      "skip": 0
    },
    {
      "type": "SET_STATE_SCHEMA",
      "input": {
        "schema": "type AtlasScopeState {\n  name: String\n  docNo: String # e.g, A.1\n  content: String\n  masterStatus: [Status!]! # Aggregation: MasterStatus can exist independently of Scope\n  globalTags: [GlobalTag!]!\n\toriginalContextData: [PHID!]!\n\tprovenance: URL # p0Hub backlink\n\tnotionId: String # the same value as the one form the screenshot\n}\n\n\nenum Status {\n  PLACEHOLDER\n  PROVISIONAL # enables ecosystem participants to interact with the material in a practical context, resulting in valuable feedback or other data concerning the Document's appropriateness.\n  APPROVED # material instance can be integrated into the Atlas\n  DEFERRED\n  ARCHIVED\n}\n\nenum GlobalTags {\n    RECURSIVE_IMPROVEMENT,\n    SCOPE_ADVISOR,\n    DAO_TOOLKIT,\n    PURPOSE_SYSTEM,\n    ML_LOW_PRIORITY,\n    EXTERNAL_REFERENCE,\n    ML_DEFER,\n    SUBDAO_INCUBATION,\n    V1_MIP,\n    ML_HIGH_PRIORITY,\n    ECOSYSTEM_INTELLIGENCE,\n    LEGACY_TERM_USE_APPROVED,\n    CAIS,\n    INTERNAL_REFERENCE,\n    FACILITATORDAO,\n    ML_MED_PRIORITY,\n    AVC,\n    P0_HUB_ENTRY_NEEDED,\n    ANON_WORKFORCE,\n    NEWCHAIN,\n    ML_SUPPORT_DOCS_NEEDED,\n    SUBDAO_REWARDS,\n    TWOSTAGE_BRIDGE,\n}\n",
        "scope": "global"
      },
      "scope": "global",
      "id": "feea0648-e49d-4368-800b-15683ab1e9b9",
      "index": 14,
      "timestamp": "2024-11-28T13:18:30.963Z",
      "hash": "uDnqhtI27i02xRnPRbkz+ucVZ4o=",
      "skip": 0
    },
    {
      "type": "SET_STATE_SCHEMA",
      "input": {
        "schema": "type AtlasScopeState {\n  name: String\n  docNo: String # e.g, A.1\n  content: String\n  masterStatus: [Status!]! # Aggregation: MasterStatus can exist independently of Scope\n  globalTags: [GlobalTag!]!\n\toriginalContextData: [PHID!]!\n\tprovenance: URL # p0Hub backlink\n\tnotionId: String # the same value as the one form the screenshot\n}\n\n\nenum Status {\n  PLACEHOLDER\n  PROVISIONAL # enables ecosystem participants to interact with the material in a practical context, resulting in valuable feedback or other data concerning the Document's appropriateness.\n  APPROVED # material instance can be integrated into the Atlas\n  DEFERRED\n  ARCHIVED\n}\n\nenum GlobalTags {\n    RECURSIVE_IMPROVEMENT,\n    SCOPE_ADVISOR,\n    DAO_TOOLKIT,\n    PURPOSE_SYSTEM,\n    ML_LOW_PRIORITY,\n    EXTERNAL_REFERENCE,\n    ML_DEFER,\n    SUBDAO_INCUBATION,\n    V1_MIP,\n    ML_HIGH_PRIORITY,\n    ECOSYSTEM_INTELLIGENCE,\n    LEGACY_TERM_USE_APPROVED,\n    CAIS,\n    INTERNAL_REFERENCE,\n    FACILITATORDAO,\n    ML_MED_PRIORITY,\n    AVC,\n    P0_HUB_ENTRY_NEEDED,\n    ANON_WORKFORCE,\n    NEWCHAIN,\n    ML_SUPPORT_DOCS_NEEDED,\n    SUBDAO_REWARDS,\n    TWO_STAGE_BRIDGE,\n}\n",
        "scope": "global"
      },
      "scope": "global",
      "id": "709ec6f0-150c-4905-b444-8f058879c083",
      "index": 15,
      "timestamp": "2024-11-28T13:18:31.730Z",
      "hash": "yIgDDT0N1Weyu+t3+jSPo66wBxE=",
      "skip": 0
    },
    {
      "type": "SET_STATE_SCHEMA",
      "input": {
        "schema": "type AtlasScopeState {\n  name: String\n  docNo: String # e.g, A.1\n  content: String\n  masterStatus: [Status!]! # Aggregation: MasterStatus can exist independently of Scope\n  globalTags: [GlobalTag!]!\n\toriginalContextData: [PHID!]!\n\tprovenance: URL # p0Hub backlink\n\tnotionId: String # the same value as the one form the screenshot\n}\n\n\nenum Status {\n  PLACEHOLDER\n  PROVISIONAL # enables ecosystem participants to interact with the material in a practical context, resulting in valuable feedback or other data concerning the Document's appropriateness.\n  APPROVED # material instance can be integrated into the Atlas\n  DEFERRED\n  ARCHIVED\n}\n\nenum GlobalTag {\n    RECURSIVE_IMPROVEMENT,\n    SCOPE_ADVISOR,\n    DAO_TOOLKIT,\n    PURPOSE_SYSTEM,\n    ML_LOW_PRIORITY,\n    EXTERNAL_REFERENCE,\n    ML_DEFER,\n    SUBDAO_INCUBATION,\n    V1_MIP,\n    ML_HIGH_PRIORITY,\n    ECOSYSTEM_INTELLIGENCE,\n    LEGACY_TERM_USE_APPROVED,\n    CAIS,\n    INTERNAL_REFERENCE,\n    FACILITATORDAO,\n    ML_MED_PRIORITY,\n    AVC,\n    P0_HUB_ENTRY_NEEDED,\n    ANON_WORKFORCE,\n    NEWCHAIN,\n    ML_SUPPORT_DOCS_NEEDED,\n    SUBDAO_REWARDS,\n    TWO_STAGE_BRIDGE,\n}\n",
        "scope": "global"
      },
      "scope": "global",
      "id": "ef3496aa-8678-475c-94c0-a20619c52831",
      "index": 16,
      "timestamp": "2024-11-28T13:18:37.296Z",
      "hash": "h/egrvy49M9+pf0LdLEqCmTFdXI=",
      "skip": 0
    },
    {
      "type": "SET_MODEL_ID",
      "input": {
        "id": "sky/atlas-scope"
      },
      "scope": "global",
      "id": "cd98ecba-4097-4255-87a9-4f2d7643a044",
      "index": 17,
      "timestamp": "2024-11-28T13:18:59.636Z",
      "hash": "/rISTG8SI5/y5hE0EEiGeP4S3Js=",
      "skip": 0
    },
    {
      "type": "SET_STATE_SCHEMA",
      "input": {
        "schema": "type ScopeState {\n  name: String\n  docNo: String # e.g, A.1\n  content: String\n  masterStatus: [Status!]! # Aggregation: MasterStatus can exist independently of Scope\n  globalTags: [GlobalTag!]!\n\toriginalContextData: [PHID!]!\n\tprovenance: URL # p0Hub backlink\n\tnotionId: String # the same value as the one form the screenshot\n}\n\n\nenum Status {\n  PLACEHOLDER\n  PROVISIONAL # enables ecosystem participants to interact with the material in a practical context, resulting in valuable feedback or other data concerning the Document's appropriateness.\n  APPROVED # material instance can be integrated into the Atlas\n  DEFERRED\n  ARCHIVED\n}\n\nenum GlobalTag {\n    RECURSIVE_IMPROVEMENT,\n    SCOPE_ADVISOR,\n    DAO_TOOLKIT,\n    PURPOSE_SYSTEM,\n    ML_LOW_PRIORITY,\n    EXTERNAL_REFERENCE,\n    ML_DEFER,\n    SUBDAO_INCUBATION,\n    V1_MIP,\n    ML_HIGH_PRIORITY,\n    ECOSYSTEM_INTELLIGENCE,\n    LEGACY_TERM_USE_APPROVED,\n    CAIS,\n    INTERNAL_REFERENCE,\n    FACILITATORDAO,\n    ML_MED_PRIORITY,\n    AVC,\n    P0_HUB_ENTRY_NEEDED,\n    ANON_WORKFORCE,\n    NEWCHAIN,\n    ML_SUPPORT_DOCS_NEEDED,\n    SUBDAO_REWARDS,\n    TWO_STAGE_BRIDGE,\n}\n",
        "scope": "global"
      },
      "scope": "global",
      "id": "1400eeca-2dda-4d85-82e4-eeb1214ec9c1",
      "index": 18,
      "timestamp": "2024-11-28T13:19:11.486Z",
      "hash": "bjPH4GEp8l5K0r0Svffvc9a8GYs=",
      "skip": 0
    },
    {
      "type": "SET_INITIAL_STATE",
      "input": {
        "initialValue": "{\n  \"name\": \"\",\n  \"docNo\": \"\",\n  \"content\": \"\",\n  \"masterStatus\": [],\n  \"globalTags\": [],\n  \"originalContextData\": [],\n  \"provenance\": \"\",\n  \"notionId\": \"\"\n}",
        "scope": "global"
      },
      "scope": "global",
      "id": "2549e7dd-0a55-4699-91ca-93a6189672e2",
      "index": 19,
      "timestamp": "2024-11-28T13:19:12.083Z",
      "hash": "JuJllfoIPEFfOYPSbiDEDtP6kqc=",
      "skip": 0
    },
    {
      "type": "SET_STATE_SCHEMA",
      "input": {
        "schema": "type AtlasScopeState {\n  name: String\n  docNo: String # e.g, A.1\n  content: String\n  masterStatus: [Status!]! # Aggregation: MasterStatus can exist independently of Scope\n  globalTags: [GlobalTag!]!\n\toriginalContextData: [PHID!]!\n\tprovenance: URL # p0Hub backlink\n\tnotionId: String # the same value as the one form the screenshot\n}\n\n\nenum Status {\n  PLACEHOLDER\n  PROVISIONAL # enables ecosystem participants to interact with the material in a practical context, resulting in valuable feedback or other data concerning the Document's appropriateness.\n  APPROVED # material instance can be integrated into the Atlas\n  DEFERRED\n  ARCHIVED\n}\n\nenum GlobalTag {\n    RECURSIVE_IMPROVEMENT,\n    SCOPE_ADVISOR,\n    DAO_TOOLKIT,\n    PURPOSE_SYSTEM,\n    ML_LOW_PRIORITY,\n    EXTERNAL_REFERENCE,\n    ML_DEFER,\n    SUBDAO_INCUBATION,\n    V1_MIP,\n    ML_HIGH_PRIORITY,\n    ECOSYSTEM_INTELLIGENCE,\n    LEGACY_TERM_USE_APPROVED,\n    CAIS,\n    INTERNAL_REFERENCE,\n    FACILITATORDAO,\n    ML_MED_PRIORITY,\n    AVC,\n    P0_HUB_ENTRY_NEEDED,\n    ANON_WORKFORCE,\n    NEWCHAIN,\n    ML_SUPPORT_DOCS_NEEDED,\n    SUBDAO_REWARDS,\n    TWO_STAGE_BRIDGE,\n}\n",
        "scope": "global"
      },
      "scope": "global",
      "id": "ccc285df-7b89-4d66-9f9c-01b4c6b02355",
      "index": 20,
      "timestamp": "2024-11-28T13:19:21.320Z",
      "hash": "vBRx7Bg2hbJM/saVYvcb3CftDIY=",
      "skip": 0
    },
    {
      "type": "ADD_MODULE",
      "input": {
        "id": "6W2Bb3DTkCYIlCYNTouABphosng=",
        "name": "scope_operations"
      },
      "scope": "global",
      "id": "c924b250-44ec-4aa1-b6ef-81e67c068757",
      "index": 21,
      "timestamp": "2024-11-28T13:19:33.118Z",
      "hash": "ibMhgTRdolgmuiPd2/asut6uVEI=",
      "skip": 0
    },
    {
      "type": "ADD_OPERATION",
      "input": {
        "id": "KNdTE8ifNV0wVMlCabCT8KJBwIM=",
        "moduleId": "6W2Bb3DTkCYIlCYNTouABphosng=",
        "name": "UPDATE_SCOPE"
      },
      "scope": "global",
      "id": "9a6ec6c0-e4b0-4547-985a-d2c1610f7e8d",
      "index": 22,
      "timestamp": "2024-11-28T13:19:41.057Z",
      "hash": "dpY5gVpxTIdGIzslZLJxU9ftzLA=",
      "skip": 0
    },
    {
      "type": "SET_OPERATION_SCHEMA",
      "input": {
        "id": "KNdTE8ifNV0wVMlCabCT8KJBwIM=",
        "schema": "input UpdateScopeInput {\n  \"Add your inputs here\"\n  _placeholder: String\n}"
      },
      "scope": "global",
      "id": "a56e231e-a053-4b61-bf17-2116cf212d3b",
      "index": 23,
      "timestamp": "2024-11-28T13:19:41.073Z",
      "hash": "UHeubBgmOT0ofVS1FbkLnSu9P50=",
      "skip": 0
    },
    {
      "type": "SET_OPERATION_SCHEMA",
      "input": {
        "id": "KNdTE8ifNV0wVMlCabCT8KJBwIM=",
        "schema": "input UpdateScope {\n  id: OID!\n  name: String\n  docNo: String\n  content: String\n  masterStatus: [MasterStatusInput]\n  globalTags: [String]\n  articles: [ArticleRefInput]\n  originalContextData: [OriginalContextDataRefInput]\n  provenance: String\n}\n"
      },
      "scope": "global",
      "id": "73fbae93-3d30-47aa-acdc-8d70cc04238e",
      "index": 24,
      "timestamp": "2024-11-28T13:19:46.186Z",
      "hash": "1JRF+gI9cNm4tSU/PVN98cab0yc=",
      "skip": 0
    },
    {
      "type": "SET_OPERATION_SCHEMA",
      "input": {
        "id": "KNdTE8ifNV0wVMlCabCT8KJBwIM=",
        "schema": "input UpdateScopeiNPUT {\n  id: OID!\n  name: String\n  docNo: String\n  content: String\n  masterStatus: [MasterStatusInput]\n  globalTags: [String]\n  articles: [ArticleRefInput]\n  originalContextData: [OriginalContextDataRefInput]\n  provenance: String\n}\n"
      },
      "scope": "global",
      "id": "822da41d-cb29-4ccf-9e6c-db89603a5fdf",
      "index": 25,
      "timestamp": "2024-11-28T13:19:48.891Z",
      "hash": "oOHDXgUzCLWnHaXw5tWJtSOGS8o=",
      "skip": 0
    },
    {
      "type": "SET_OPERATION_SCHEMA",
      "input": {
        "id": "KNdTE8ifNV0wVMlCabCT8KJBwIM=",
        "schema": "input UpdateScopeiNPUT {\n  id: OID!\n  name: String\n  docNo: String\n  content: String\n  masterStatus: []\n  globalTags: [String]\n  articles: [ArticleRefInput]\n  originalContextData: [OriginalContextDataRefInput]\n  provenance: String\n}\n"
      },
      "scope": "global",
      "id": "b82ef33f-a5ee-4c8c-b6a8-76685106a7a0",
      "index": 26,
      "timestamp": "2024-11-28T13:19:58.042Z",
      "hash": "0rqO5v5MU6RHK24ybB1mxaHjb5I=",
      "skip": 0
    },
    {
      "type": "SET_OPERATION_SCHEMA",
      "input": {
        "id": "KNdTE8ifNV0wVMlCabCT8KJBwIM=",
        "schema": "input UpdateScopeiNPUT {\n  id: OID!\n  name: String\n  docNo: String\n  content: String\n  masterStatus: [sTATUS]\n  globalTags: [String]\n  articles: [ArticleRefInput]\n  originalContextData: [OriginalContextDataRefInput]\n  provenance: String\n}\n"
      },
      "scope": "global",
      "id": "f17ddfa5-bc17-4c89-b082-204d2bd46911",
      "index": 27,
      "timestamp": "2024-11-28T13:19:59.592Z",
      "hash": "gUpyseph1mn827l7SuLdQczMovg=",
      "skip": 0
    },
    {
      "type": "SET_OPERATION_SCHEMA",
      "input": {
        "id": "KNdTE8ifNV0wVMlCabCT8KJBwIM=",
        "schema": "input UpdateScopeiNPUT {\n  id: OID!\n  name: String\n  docNo: String\n  content: String\n  masterStatus: [sTATUS]\n  globalTags: [g]\n  articles: [ArticleRefInput]\n  originalContextData: [OriginalContextDataRefInput]\n  provenance: String\n}\n"
      },
      "scope": "global",
      "id": "47a9431a-dbf0-40c4-b0e6-a592cd9f0fad",
      "index": 28,
      "timestamp": "2024-11-28T13:20:04.252Z",
      "hash": "3nRREFSPAuFz8lgUE0oXFmNuKi4=",
      "skip": 0
    },
    {
      "type": "SET_OPERATION_SCHEMA",
      "input": {
        "id": "KNdTE8ifNV0wVMlCabCT8KJBwIM=",
        "schema": "input UpdateScopeiNPUT {\n  id: OID!\n  name: String\n  docNo: String\n  content: String\n  masterStatus: [sTATUS]\n  globalTags: [gLOBALtAG]\n  articles: [ArticleRefInput]\n  originalContextData: [OriginalContextDataRefInput]\n  provenance: String\n}\n"
      },
      "scope": "global",
      "id": "137e2a7b-7905-4bea-bc0c-d5cdc2743573",
      "index": 29,
      "timestamp": "2024-11-28T13:20:05.996Z",
      "hash": "xu2QxX/nhTatoGSd1d26Q+fIHQs=",
      "skip": 0
    },
    {
      "type": "SET_OPERATION_SCHEMA",
      "input": {
        "id": "KNdTE8ifNV0wVMlCabCT8KJBwIM=",
        "schema": "input UpdateScopeiNPUT {\n  id: OID!\n  name: String\n  docNo: String\n  content: String\n  masterStatus: [sTATUS]\n  globalTags: [GlobalTag]\n  articles: [ArticleRefInput]\n  originalContextData: [OriginalContextDataRefInput]\n  provenance: String\n}\n"
      },
      "scope": "global",
      "id": "008632fe-07b2-4eef-b75b-67c388d145f0",
      "index": 30,
      "timestamp": "2024-11-28T13:20:08.028Z",
      "hash": "Kg/BGXHbgch0fLzEKgBFhnof2yQ=",
      "skip": 0
    },
    {
      "type": "SET_OPERATION_SCHEMA",
      "input": {
        "id": "KNdTE8ifNV0wVMlCabCT8KJBwIM=",
        "schema": "input UpdateScopeiNPUT {\n  id: OID!\n  name: String\n  docNo: String\n  content: String\n  masterStatus: [sTATUS]\n  globalTags: [GlobalTag]\n\n  originalContextData: [OriginalContextDataRefInput]\n  provenance: String\n}\n"
      },
      "scope": "global",
      "id": "63718d61-ddbf-4eec-82eb-7e6a2c9b2262",
      "index": 31,
      "timestamp": "2024-11-28T13:20:15.178Z",
      "hash": "ZiHZ/1uEHkri3HK3hF9vYM2Q1D4=",
      "skip": 0
    },
    {
      "type": "SET_OPERATION_SCHEMA",
      "input": {
        "id": "KNdTE8ifNV0wVMlCabCT8KJBwIM=",
        "schema": "input UpdateScopeiNPUT {\n  id: OID!\n  name: String\n  docNo: String\n  content: String\n  masterStatus: [sTATUS]\n  globalTags: [GlobalTag]\n  originalContextData: [OriginalContextDataRefInput]\n  provenance: String\n}\n"
      },
      "scope": "global",
      "id": "c970cc77-a0e9-468b-8f8e-937465d08016",
      "index": 32,
      "timestamp": "2024-11-28T13:20:15.887Z",
      "hash": "kBQPnSt50v0OCPKvSv0gAesJFOU=",
      "skip": 0
    },
    {
      "type": "SET_OPERATION_SCHEMA",
      "input": {
        "id": "KNdTE8ifNV0wVMlCabCT8KJBwIM=",
        "schema": "input UpdateScopeiNPUT {\n  id: OID!\n  name: String\n  docNo: String\n  content: String\n  masterStatus: [sTATUS]\n  globalTags: [GlobalTag]\n  originalContextData: [phid]\n  provenance: String\n}\n"
      },
      "scope": "global",
      "id": "47ab8575-c72e-4ee7-bff8-faaaa68e8b67",
      "index": 33,
      "timestamp": "2024-11-28T13:20:28.866Z",
      "hash": "V/v59nuBtW2sa2Qxm/kEWqkZu5c=",
      "skip": 0
    },
    {
      "type": "SET_OPERATION_SCHEMA",
      "input": {
        "id": "KNdTE8ifNV0wVMlCabCT8KJBwIM=",
        "schema": "input UpdateScopeiNPUT {\n  id: OID!\n  name: String\n  docNo: String\n  content: String\n  masterStatus: [sTATUS]\n  globalTags: [GlobalTag]\n  originalContextData: [PHID]\n  provenance: String\n}\n"
      },
      "scope": "global",
      "id": "2964a386-faf4-40b5-b529-e9875fc2f6ab",
      "index": 34,
      "timestamp": "2024-11-28T13:20:30.968Z",
      "hash": "EgUl1maMNdmVFF/cyDBsirX04rE=",
      "skip": 0
    },
    {
      "type": "SET_OPERATION_SCHEMA",
      "input": {
        "id": "KNdTE8ifNV0wVMlCabCT8KJBwIM=",
        "schema": "input UpdateScopeiNPUT {\n  id: OID!\n  name: String\n  docNo: String\n  content: String\n  masterStatus: [sTATUS]\n  globalTags: [GlobalTag]\n  originalContextData: [PHID]\n  provenance: url\n}\n"
      },
      "scope": "global",
      "id": "3dc63af4-6421-46ca-a4fa-23e6588b4ed9",
      "index": 35,
      "timestamp": "2024-11-28T13:20:36.475Z",
      "hash": "r/HnBfkmPZvw+F9gCBg8SmwA38Y=",
      "skip": 0
    },
    {
      "type": "SET_OPERATION_SCHEMA",
      "input": {
        "id": "KNdTE8ifNV0wVMlCabCT8KJBwIM=",
        "schema": "input UpdateScopeiNPUT {\n  id: OID!\n  name: String\n  docNo: String\n  content: String\n  masterStatus: [sTATUS]\n  globalTags: [GlobalTag]\n  originalContextData: [PHID]\n  provenance: URL\n}\n"
      },
      "scope": "global",
      "id": "cbbd40bc-7902-43aa-81ed-064c4ee9def1",
      "index": 36,
      "timestamp": "2024-11-28T13:20:37.535Z",
      "hash": "t8fqC3/xd79L/xpxAyeKBsTSt48=",
      "skip": 0
    },
    {
      "type": "SET_OPERATION_SCHEMA",
      "input": {
        "id": "KNdTE8ifNV0wVMlCabCT8KJBwIM=",
        "schema": "input UpdateScopeiNPUT {\n  id: OID!\n  name: String\n  docNo: String\n  content: String\n  masterStatus: [sTATUS]\n  globalTags: [GlobalTag]\n  originalContextData: [PHID]\n  provenance: URL\n  \n}\n"
      },
      "scope": "global",
      "id": "f4e4e0d9-e729-421f-be91-6db0054f2dfb",
      "index": 37,
      "timestamp": "2024-11-28T13:20:42.557Z",
      "hash": "Wnc6loj3PgEMgkXCDjOfPHi1VH0=",
      "skip": 0
    },
    {
      "type": "SET_OPERATION_SCHEMA",
      "input": {
        "id": "KNdTE8ifNV0wVMlCabCT8KJBwIM=",
        "schema": "input UpdateScopeiNPUT {\n  id: OID!\n  name: String\n  docNo: String\n  content: String\n  masterStatus: [sTATUS]\n  globalTags: [GlobalTag]\n  originalContextData: [PHID]\n  provenance: URL\n  NOTION\n}\n"
      },
      "scope": "global",
      "id": "5c8a7a36-dbe9-4e53-a5e5-914df92de935",
      "index": 38,
      "timestamp": "2024-11-28T13:20:49.700Z",
      "hash": "yp656Qra8Xoayq11KJtH24G0aUY=",
      "skip": 0
    },
    {
      "type": "SET_OPERATION_SCHEMA",
      "input": {
        "id": "KNdTE8ifNV0wVMlCabCT8KJBwIM=",
        "schema": "input UpdateScopeiNPUT {\n  id: OID!\n  name: String\n  docNo: String\n  content: String\n  masterStatus: [sTATUS]\n  globalTags: [GlobalTag]\n  originalContextData: [PHID]\n  provenance: URL\n  \n}\n"
      },
      "scope": "global",
      "id": "c9192974-2b92-49fd-acf6-e693e7257289",
      "index": 39,
      "timestamp": "2024-11-28T13:20:51.139Z",
      "hash": "Wnc6loj3PgEMgkXCDjOfPHi1VH0=",
      "skip": 0
    },
    {
      "type": "SET_OPERATION_SCHEMA",
      "input": {
        "id": "KNdTE8ifNV0wVMlCabCT8KJBwIM=",
        "schema": "input UpdateScopeiNPUT {\n  id: OID!\n  name: String\n  docNo: String\n  content: String\n  masterStatus: [sTATUS]\n  globalTags: [GlobalTag]\n  originalContextData: [PHID]\n  provenance: URL\n  notionID:\n}\n"
      },
      "scope": "global",
      "id": "825b2cd3-e148-466d-9beb-fca6fd6a633a",
      "index": 40,
      "timestamp": "2024-11-28T13:20:53.981Z",
      "hash": "ztjWy5eczu+2oydcZFftwMUWrcs=",
      "skip": 0
    },
    {
      "type": "SET_OPERATION_SCHEMA",
      "input": {
        "id": "KNdTE8ifNV0wVMlCabCT8KJBwIM=",
        "schema": "input UpdateScopeiNPUT {\n  id: OID!\n  name: String\n  docNo: String\n  content: String\n  masterStatus: [sTATUS]\n  globalTags: [GlobalTag]\n  originalContextData: [PHID]\n  provenance: URL\n  notionId:\n}\n"
      },
      "scope": "global",
      "id": "13bc9b63-6358-4f56-9947-2f42736595f2",
      "index": 41,
      "timestamp": "2024-11-28T13:20:55.021Z",
      "hash": "2ietHr2l1ML5GTuPqmiViVxrFok=",
      "skip": 0
    },
    {
      "type": "SET_OPERATION_SCHEMA",
      "input": {
        "id": "KNdTE8ifNV0wVMlCabCT8KJBwIM=",
        "schema": "input UpdateScopeiNPUT {\n  id: OID!\n  name: String\n  docNo: String\n  content: String\n  masterStatus: [sTATUS]\n  globalTags: [GlobalTag]\n  originalContextData: [PHID]\n  provenance: URL\n  notionId: String\n}\n"
      },
      "scope": "global",
      "id": "e101f11e-1d8a-424b-bbb9-4aea08573610",
      "index": 42,
      "timestamp": "2024-11-28T13:20:56.974Z",
      "hash": "b2JlYojUVCDjuWVbNrYHtMbTwJQ=",
      "skip": 0
    },
    {
      "type": "SET_OPERATION_SCHEMA",
      "input": {
        "id": "KNdTE8ifNV0wVMlCabCT8KJBwIM=",
        "schema": "input UpdateScopeiNPUT {\n  id: OID!\n  name: String\n  docNo: String\n  content: String\n  masterStatus: [sTATUS]\n  globalTags: [GlobalTag]\n  originalContextData: [PHID]\n  provenance: URL\n  notionId: String\n}\n"
      },
      "scope": "global",
      "id": "70923ef8-2f2e-4bac-8da6-fb1addf06cf2",
      "index": 43,
      "timestamp": "2024-11-28T13:20:57.863Z",
      "hash": "b2JlYojUVCDjuWVbNrYHtMbTwJQ=",
      "skip": 0
    },
    {
      "type": "SET_OPERATION_SCHEMA",
      "input": {
        "id": "KNdTE8ifNV0wVMlCabCT8KJBwIM=",
        "schema": "input UpdateScopeiNPUT {\n  id: OID!\n  name: String\n  docNo: String\n  content: String\n  masterStatus: [s]\n  globalTags: [GlobalTag]\n  originalContextData: [PHID]\n  provenance: URL\n  notionId: String\n}\n"
      },
      "scope": "global",
      "id": "1dd4f406-2c1c-4b9d-ac3a-40e371c192de",
      "index": 44,
      "timestamp": "2024-11-28T13:21:03.552Z",
      "hash": "gBlBEnRaKdS4+J/63OYKHwc5n10=",
      "skip": 0
    },
    {
      "type": "SET_OPERATION_SCHEMA",
      "input": {
        "id": "KNdTE8ifNV0wVMlCabCT8KJBwIM=",
        "schema": "input UpdateScopeiNPUT {\n  id: OID!\n  name: String\n  docNo: String\n  content: String\n  masterStatus: []\n  globalTags: [GlobalTag]\n  originalContextData: [PHID]\n  provenance: URL\n  notionId: String\n}\n"
      },
      "scope": "global",
      "id": "9f9c5645-16fa-4b3e-8791-3dcee6a117f2",
      "index": 45,
      "timestamp": "2024-11-28T13:21:04.120Z",
      "hash": "rVOi6ph8Oi1VUTdfyQ74g/JvRBY=",
      "skip": 0
    },
    {
      "type": "SET_OPERATION_SCHEMA",
      "input": {
        "id": "KNdTE8ifNV0wVMlCabCT8KJBwIM=",
        "schema": "input UpdateScopeiNPUT {\n  id: OID!\n  name: String\n  docNo: String\n  content: String\n  masterStatus: [S]\n  globalTags: [GlobalTag]\n  originalContextData: [PHID]\n  provenance: URL\n  notionId: String\n}\n"
      },
      "scope": "global",
      "id": "b8880c0d-6db0-49a3-970a-e6ee2eee53b4",
      "index": 46,
      "timestamp": "2024-11-28T13:21:04.649Z",
      "hash": "zu+alKR6ZzlSGfGKMldf6A6u0n4=",
      "skip": 0
    },
    {
      "type": "SET_OPERATION_SCHEMA",
      "input": {
        "id": "KNdTE8ifNV0wVMlCabCT8KJBwIM=",
        "schema": "input UpdateScopeiNPUT {\n  id: OID!\n  name: String\n  docNo: String\n  content: String\n  masterStatus: [Status]\n  globalTags: [GlobalTag]\n  originalContextData: [PHID]\n  provenance: URL\n  notionId: String\n}\n"
      },
      "scope": "global",
      "id": "c02b6289-beac-4235-b758-d0bc5b8dc1ab",
      "index": 47,
      "timestamp": "2024-11-28T13:21:05.878Z",
      "hash": "SuLI0VNfSJA0QR5vSX7hpJ2LQ1E=",
      "skip": 0
    },
    {
      "type": "SET_OPERATION_SCHEMA",
      "input": {
        "id": "KNdTE8ifNV0wVMlCabCT8KJBwIM=",
        "schema": "input UpdateScopeiT {\n  id: OID!\n  name: String\n  docNo: String\n  content: String\n  masterStatus: [Status]\n  globalTags: [GlobalTag]\n  originalContextData: [PHID]\n  provenance: URL\n  notionId: String\n}\n"
      },
      "scope": "global",
      "id": "27f9752e-8848-4384-a329-94e0763d07d5",
      "index": 48,
      "timestamp": "2024-11-28T13:21:11.121Z",
      "hash": "2ueeWL4xzb8pNt+O1Q6asgghiJo=",
      "skip": 0
    },
    {
      "type": "SET_OPERATION_SCHEMA",
      "input": {
        "id": "KNdTE8ifNV0wVMlCabCT8KJBwIM=",
        "schema": "input UpdateScope {\n  id: OID!\n  name: String\n  docNo: String\n  content: String\n  masterStatus: [Status]\n  globalTags: [GlobalTag]\n  originalContextData: [PHID]\n  provenance: URL\n  notionId: String\n}\n"
      },
      "scope": "global",
      "id": "9108ba3c-ac07-4ed7-9866-e8545d3ada82",
      "index": 49,
      "timestamp": "2024-11-28T13:21:12.106Z",
      "hash": "2nXhfcf/nORX1P5I9LPfd75JerE=",
      "skip": 0
    },
    {
      "type": "SET_OPERATION_SCHEMA",
      "input": {
        "id": "KNdTE8ifNV0wVMlCabCT8KJBwIM=",
        "schema": "input UpdateScopeIn {\n  id: OID!\n  name: String\n  docNo: String\n  content: String\n  masterStatus: [Status]\n  globalTags: [GlobalTag]\n  originalContextData: [PHID]\n  provenance: URL\n  notionId: String\n}\n"
      },
      "scope": "global",
      "id": "a1c7a511-cb83-4b52-b768-e3f7a39dc2fe",
      "index": 50,
      "timestamp": "2024-11-28T13:21:12.977Z",
      "hash": "rRxtDD0W25VehuXWJJfmonjeTiU=",
      "skip": 0
    },
    {
      "type": "SET_OPERATION_SCHEMA",
      "input": {
        "id": "KNdTE8ifNV0wVMlCabCT8KJBwIM=",
        "schema": "input UpdateScopeInput {\n  id: OID!\n  name: String\n  docNo: String\n  content: String\n  masterStatus: [Status]\n  globalTags: [GlobalTag]\n  originalContextData: [PHID]\n  provenance: URL\n  notionId: String\n}\n"
      },
      "scope": "global",
      "id": "791ef14b-8bfa-4263-8ee9-484e6ba35cdf",
      "index": 51,
      "timestamp": "2024-11-28T13:21:15.506Z",
      "hash": "bdaAJnGg5FHjBsGbpNNbi8DGsBY=",
      "skip": 0
    },
    {
      "type": "ADD_OPERATION_ERROR",
      "input": {
        "id": "3L0Me0n5yXGQIcQr8tI84a9ETvM=",
        "operationId": "KNdTE8ifNV0wVMlCabCT8KJBwIM=",
        "errorName": "ScopeNotFound"
      },
      "scope": "global",
      "id": "1a59eea2-3121-4e3c-badd-d0509f6600e2",
      "index": 52,
      "timestamp": "2024-11-28T13:21:31.334Z",
      "hash": "7jEV2ZTcDvFjq0ZGbDSTm8vrqAA=",
      "skip": 0
    },
    {
      "type": "ADD_OPERATION_ERROR",
      "input": {
        "id": "mUjf3dks6OXQ8ObNq0nWXK1QrV8=",
        "operationId": "KNdTE8ifNV0wVMlCabCT8KJBwIM=",
        "errorName": "InvalidMasterStatus"
      },
      "scope": "global",
      "id": "d89eecbc-be5d-4b15-bf1e-37bab2dd88be",
      "index": 53,
      "timestamp": "2024-11-28T13:21:36.472Z",
      "hash": "1cMg4ut5pyGxV2GCXQo1SPUuuUs=",
      "skip": 0
    },
    {
      "type": "ADD_OPERATION_ERROR",
      "input": {
        "id": "ca8DzZhAyFosNmYLNz1H1aY3HkI=",
        "operationId": "KNdTE8ifNV0wVMlCabCT8KJBwIM=",
        "errorName": "InvalidOriginalContextDataReferences"
      },
      "scope": "global",
      "id": "dd12240b-09d7-40b3-bf52-1241d3d1d043",
      "index": 54,
      "timestamp": "2024-11-28T13:21:45.983Z",
      "hash": "ik3Ow3BbkeO+PO0Ajykh7NfItWs=",
      "skip": 0
    }
  ],
  "local": []
}