{
  "global": {
    "id": "sky/atlas-multiparent",
    "name": "AtlasMultiParent",
    "extension": "",
    "description": "",
    "author": {
      "name": "",
      "website": ""
    },
    "specifications": [
      {
        "version": 1,
        "changeLog": [],
        "state": {
          "global": {
            "schema": "type AtlasMultiParentState {\n  name: String!\n  docNo: String!\n  parent: [PHID!]! # multiple parents possible, tf an array\n  atlasType: AtlasType! ###\n  content: String\n  masterStatus: Status!\n  globalTags: [GlobalTag!]!\n  references: [PHID!]!\n  provenance: URL\n  notionId: String\n}\n\nenum AtlasType {\nANNOTATION\nNEEDED_RESEARCH \n}\n\nenum Status {\n  PLACEHOLDER\n  PROVISIONAL\n  APPROVED\n  DEFERRED\n  ARCHIVED\n}\n\nenum GlobalTag {\n  SCOPE_ADVISOR_\n  AVC_\n  CAIS_\n  ML___LOW_PRIORITY_\n  EXTERNAL_REFERENCE_\n  DAO_TOOLKIT_\n  ML___DEFER_\n  PURPOSE_SYSTEM_\n  NEWCHAIN_\n  ML___SUPPORT_DOCS_NEEDED_\n  TWO_STAGE_BRIDGE_\n  ECOSYSTEM_INTELLIGENCE_\n  RECURSIVE_IMPROVEMENT_\n  LEGACY_TERM___USE_APPROVED_\n}",
            "initialValue": "{\n  \"name\": \"\",\n  \"docNo\": \"\",\n  \"parent\": [],\n  \"content\": \"\",\n  \"masterStatus\": \"PLACEHOLDER\",\n  \"globalTags\": [],\n  \"references\": [],\n  \"provenance\": \"\",\n  \"notionId\": \"\"\n}",
            "examples": []
          },
          "local": {
            "schema": "",
            "initialValue": "",
            "examples": []
          }
        },
        "modules": [
          {
            "id": "8wUEnHUoeLzFxrspo0XR+TrLc2M=",
            "name": "annotation",
            "description": "",
            "operations": [
              {
                "id": "vqGMWmKKYjjYT63VVJx2DVWDPpQ=",
                "name": "UPDATE_MULTIPARENT",
                "description": "",
                "schema": "input UpdateMultiparentInput {\n  name: String\n  parent: [PHID!] # can have multiple parents\n  atlasType: AtlasType!\n  content: String\n  masterStatus: [Status!]\n  globalTags: [String]\n  references: [PHID!]\n}\n\nenum AtlasType {\nANNOTATION\nNEEDED_RESEARCH \n}\n\nenum Status {\n  PLACEHOLDER\n  PROVISIONAL\n  APPROVED\n  DEFERRED\n  ARCHIVED\n}\n\nenum GlobalTag {\n  SCOPE_ADVISOR_\n  AVC_\n  CAIS_\n  ML___LOW_PRIORITY_\n  EXTERNAL_REFERENCE_\n  DAO_TOOLKIT_\n  ML___DEFER_\n  PURPOSE_SYSTEM_\n  NEWCHAIN_\n  ML___SUPPORT_DOCS_NEEDED_\n  TWO_STAGE_BRIDGE_\n  ECOSYSTEM_INTELLIGENCE_\n  RECURSIVE_IMPROVEMENT_\n  LEGACY_TERM___USE_APPROVED_\n}",
                "template": "",
                "reducer": "",
                "errors": [],
                "examples": [],
                "scope": "global"
              },
              {
                "id": "gcJlzt35hsv9YZIpSLColSKa3+U=",
                "name": "POPULATE_MULTIPARENT",
                "description": "",
                "schema": "input PopulateMultiparentInput {\n  name: String!\n  docNo: String!\n  parent: [PHID!] # multiple parents possible, tf an array\n  atlasType: AtlasType! ###\n  content: String\n  masterStatus: Status!\n  globalTags: [GlobalTag!]\n  references: [PHID!]\n  provenance: URL\n  notionId: String\n}\n\nenum AtlasType {\nANNOTATION\nNEEDED_RESEARCH \n}\n\nenum Status {\n  PLACEHOLDER\n  PROVISIONAL\n  APPROVED\n  DEFERRED\n  ARCHIVED\n}\n\nenum GlobalTag {\n  SCOPE_ADVISOR_\n  AVC_\n  CAIS_\n  ML___LOW_PRIORITY_\n  EXTERNAL_REFERENCE_\n  DAO_TOOLKIT_\n  ML___DEFER_\n  PURPOSE_SYSTEM_\n  NEWCHAIN_\n  ML___SUPPORT_DOCS_NEEDED_\n  TWO_STAGE_BRIDGE_\n  ECOSYSTEM_INTELLIGENCE_\n  RECURSIVE_IMPROVEMENT_\n  LEGACY_TERM___USE_APPROVED_\n}",
                "template": "",
                "reducer": "",
                "errors": [],
                "examples": [],
                "scope": "global"
              }
            ]
          }
        ]
      }
    ]
  },
  "local": {}
}