{
  "global": [
    {
      "type": "SET_MODEL_NAME",
      "input": {
        "name": "AtlasAnnotation"
      },
      "scope": "global",
      "id": "425a0d37-9138-477a-ad85-2788ab4b212b",
      "index": 0,
      "timestamp": "2024-12-13T08:44:34.774Z",
      "hash": "O/6+ymXztVFGwUzvAARaRaselEA=",
      "skip": 0
    },
    {
      "type": "SET_STATE_SCHEMA",
      "input": {
        "schema": "type AtlasAnnotationState {\n  \"Add your global state fields here\"\n  _placeholder: String\n}",
        "scope": "global"
      },
      "scope": "global",
      "id": "ce26d142-195f-4036-a07c-c65207f12664",
      "index": 1,
      "timestamp": "2024-12-13T08:44:34.797Z",
      "hash": "XMe5zypZ6AnUj5TZjsR/DbxOe1o=",
      "skip": 0
    },
    {
      "type": "SET_MODEL_ID",
      "input": {
        "id": "sky/atlas-annotation"
      },
      "scope": "global",
      "id": "5820e7b1-c05b-44bf-9d28-fc3a9861f347",
      "index": 2,
      "timestamp": "2024-12-13T08:44:43.124Z",
      "hash": "CKKnn2i34w/xtX7wE+o1Z/lWydc=",
      "skip": 0
    },
    {
      "type": "SET_STATE_SCHEMA",
      "input": {
        "schema": "type AtlasAnnotationState {\n   name: String! # Default value = \"\"\n  docNo: String! \n  parent: PHID! # can have multiple parents\n  content: String\n  masterStatus: Status! # \n  globalTags: [GlobalTag!]!\n  references: [PHID!]!\n  provenance: URL\n  notionId: String # verify if this can be changed to UUID type\n}",
        "scope": "global"
      },
      "scope": "global",
      "id": "4f6044eb-7754-40e4-a0b8-6d89c55b77bb",
      "index": 3,
      "timestamp": "2024-12-13T08:44:48.966Z",
      "hash": "kdXWoUptL1t7AQPIHa4EL+RAanA=",
      "skip": 0
    },
    {
      "type": "SET_STATE_SCHEMA",
      "input": {
        "schema": "type AtlasAnnotationState {\n   name: String! # Default value = \"\"\n  docNo: String! \n  parent: PHID! # can have multiple parents\n  content: String\n  masterStatus: Status! # \n  globalTags: [GlobalTag!]!\n  references: [PHID!]!\n  provenance: URL\n  notionId: String # verify if this can be changed to UUID type\n}\n\nenum Status {\n  PLACEHOLDER\n  PROVISIONAL # enables ecosystem participants to interact with the material in a practical context, resulting in valuable feedback or other data concerning the Document's appropriateness.\n  APPROVED # material instance can be integrated into the Atlas\n  DEFERRED\n  ARCHIVED\n  \n}\n\nenum GlobalTag {\n    SCOPE_ADVISOR_,\n    AVC_,\n    CAIS_,\n    ML___LOW_PRIORITY_,\n    EXTERNAL_REFERENCE_,\n    DAO_TOOLKIT_,\n    ML___DEFER_,\n    PURPOSE_SYSTEM_,\n    NEWCHAIN_,\n    ML___SUPPORT._DOCS_NEEDED_,\n    TWO_STAGE_BRIDGE_,\n    ECOSYSTEM_INTELLIGENCE_,\n    RECURSIVE_IMPROVEMENT_,\n    LEGACY_TERM___USE_APPROVED_,\n}\n",
        "scope": "global"
      },
      "scope": "global",
      "id": "2f929816-8502-421f-b672-b2632bf0c683",
      "index": 4,
      "timestamp": "2024-12-13T08:44:57.550Z",
      "hash": "1Oi45LmGeU7xmX+/Muq1n5BTeOo=",
      "skip": 0
    },
    {
      "type": "SET_STATE_SCHEMA",
      "input": {
        "schema": "type AtlasAnnotationState {\n   name: String! # Default value = \"\"\n  docNo: String! \n  parent: [PHID! # can have multiple parents\n  content: String\n  masterStatus: Status! # \n  globalTags: [GlobalTag!]!\n  references: [PHID!]!\n  provenance: URL\n  notionId: String # verify if this can be changed to UUID type\n}\n\nenum Status {\n  PLACEHOLDER\n  PROVISIONAL # enables ecosystem participants to interact with the material in a practical context, resulting in valuable feedback or other data concerning the Document's appropriateness.\n  APPROVED # material instance can be integrated into the Atlas\n  DEFERRED\n  ARCHIVED\n  \n}\n\nenum GlobalTag {\n    SCOPE_ADVISOR_,\n    AVC_,\n    CAIS_,\n    ML___LOW_PRIORITY_,\n    EXTERNAL_REFERENCE_,\n    DAO_TOOLKIT_,\n    ML___DEFER_,\n    PURPOSE_SYSTEM_,\n    NEWCHAIN_,\n    ML___SUPPORT._DOCS_NEEDED_,\n    TWO_STAGE_BRIDGE_,\n    ECOSYSTEM_INTELLIGENCE_,\n    RECURSIVE_IMPROVEMENT_,\n    LEGACY_TERM___USE_APPROVED_,\n}\n",
        "scope": "global"
      },
      "scope": "global",
      "id": "8c9148ce-b9e8-41c5-9dcd-bec002f4b0d9",
      "index": 5,
      "timestamp": "2024-12-13T08:45:09.703Z",
      "hash": "XmpdRWjwy4vmxqYr394el0IFO1Y=",
      "skip": 0
    },
    {
      "type": "SET_STATE_SCHEMA",
      "input": {
        "schema": "type AtlasAnnotationState {\n   name: String! # Default value = \"\"\n  docNo: String! \n  parent: [PHID]! # can have multiple parents\n  content: String\n  masterStatus: Status! # \n  globalTags: [GlobalTag!]!\n  references: [PHID!]!\n  provenance: URL\n  notionId: String # verify if this can be changed to UUID type\n}\n\nenum Status {\n  PLACEHOLDER\n  PROVISIONAL # enables ecosystem participants to interact with the material in a practical context, resulting in valuable feedback or other data concerning the Document's appropriateness.\n  APPROVED # material instance can be integrated into the Atlas\n  DEFERRED\n  ARCHIVED\n  \n}\n\nenum GlobalTag {\n    SCOPE_ADVISOR_,\n    AVC_,\n    CAIS_,\n    ML___LOW_PRIORITY_,\n    EXTERNAL_REFERENCE_,\n    DAO_TOOLKIT_,\n    ML___DEFER_,\n    PURPOSE_SYSTEM_,\n    NEWCHAIN_,\n    ML___SUPPORT._DOCS_NEEDED_,\n    TWO_STAGE_BRIDGE_,\n    ECOSYSTEM_INTELLIGENCE_,\n    RECURSIVE_IMPROVEMENT_,\n    LEGACY_TERM___USE_APPROVED_,\n}\n",
        "scope": "global"
      },
      "scope": "global",
      "id": "8cdf2d8f-d6e3-4969-9770-ee896c3bf037",
      "index": 6,
      "timestamp": "2024-12-13T08:45:13.084Z",
      "hash": "jXdyp/+jAMTX/czjTlUspEqon0U=",
      "skip": 0
    },
    {
      "type": "SET_STATE_SCHEMA",
      "input": {
        "schema": "type AtlasAnnotationState {\n   name: String! # Default value = \"\"\n  docNo: String! \n  parent: [PHID!]! # can have multiple parents\n  content: String\n  masterStatus: Status! # \n  globalTags: [GlobalTag!]!\n  references: [PHID!]!\n  provenance: URL\n  notionId: String # verify if this can be changed to UUID type\n}\n\nenum Status {\n  PLACEHOLDER\n  PROVISIONAL # enables ecosystem participants to interact with the material in a practical context, resulting in valuable feedback or other data concerning the Document's appropriateness.\n  APPROVED # material instance can be integrated into the Atlas\n  DEFERRED\n  ARCHIVED\n  \n}\n\nenum GlobalTag {\n    SCOPE_ADVISOR_,\n    AVC_,\n    CAIS_,\n    ML___LOW_PRIORITY_,\n    EXTERNAL_REFERENCE_,\n    DAO_TOOLKIT_,\n    ML___DEFER_,\n    PURPOSE_SYSTEM_,\n    NEWCHAIN_,\n    ML___SUPPORT._DOCS_NEEDED_,\n    TWO_STAGE_BRIDGE_,\n    ECOSYSTEM_INTELLIGENCE_,\n    RECURSIVE_IMPROVEMENT_,\n    LEGACY_TERM___USE_APPROVED_,\n}\n",
        "scope": "global"
      },
      "scope": "global",
      "id": "3dcb9c1e-135e-4f1a-bdde-2d06bc4529e9",
      "index": 7,
      "timestamp": "2024-12-13T08:45:15.591Z",
      "hash": "gvM0lnSNrwm4p0jrSny30yDCJPg=",
      "skip": 0
    },
    {
      "type": "SET_STATE_SCHEMA",
      "input": {
        "schema": "type AtlasAnnotationState {\n   name: String! # Default value = \"\"\n  docNo: String! \n  parent: [PHID!]! # can have multiple parents\n  content: String\n  masterStatus: Status! # \n  globalTags: [GlobalTag!]!\n  references: [PHID!]!\n  provenance: URL\n  notionId: String # verify if this can be changed to UUID type\n}\n\nenum Status {\n  PLACEHOLDER\n  PROVISIONAL # enables ecosystem participants to interact with the material in a practical context, resulting in valuable feedback or other data concerning the Document's appropriateness.\n  APPROVED # material instance can be integrated into the Atlas\n  DEFERRED\n  ARCHIVED\n  \n}\n\nenum GlobalTag {\n    SCOPE_ADVISOR_,\n    AVC_,\n    CAIS_,\n    ML___LOW_PRIORITY_,\n    EXTERNAL_REFERENCE_,\n    DAO_TOOLKIT_,\n    ML___DEFER_,\n    PURPOSE_SYSTEM_,\n    NEWCHAIN_,\n    ML___SUPPORT_DOCS_NEEDED_,\n    TWO_STAGE_BRIDGE_,\n    ECOSYSTEM_INTELLIGENCE_,\n    RECURSIVE_IMPROVEMENT_,\n    LEGACY_TERM___USE_APPROVED_,\n}\n",
        "scope": "global"
      },
      "scope": "global",
      "id": "abf000c7-7100-4667-bc95-2f032d78dbe2",
      "index": 8,
      "timestamp": "2024-12-13T08:45:20.299Z",
      "hash": "NfBOT9ecyR5DC3nyzPfyvG0ZkDo=",
      "skip": 0
    },
    {
      "type": "SET_STATE_SCHEMA",
      "input": {
        "schema": "type AnnotationState {\n   name: String! # Default value = \"\"\n  docNo: String! \n  parent: [PHID!]! # can have multiple parents\n  content: String\n  masterStatus: Status! # \n  globalTags: [GlobalTag!]!\n  references: [PHID!]!\n  provenance: URL\n  notionId: String # verify if this can be changed to UUID type\n}\n\nenum Status {\n  PLACEHOLDER\n  PROVISIONAL # enables ecosystem participants to interact with the material in a practical context, resulting in valuable feedback or other data concerning the Document's appropriateness.\n  APPROVED # material instance can be integrated into the Atlas\n  DEFERRED\n  ARCHIVED\n  \n}\n\nenum GlobalTag {\n    SCOPE_ADVISOR_,\n    AVC_,\n    CAIS_,\n    ML___LOW_PRIORITY_,\n    EXTERNAL_REFERENCE_,\n    DAO_TOOLKIT_,\n    ML___DEFER_,\n    PURPOSE_SYSTEM_,\n    NEWCHAIN_,\n    ML___SUPPORT_DOCS_NEEDED_,\n    TWO_STAGE_BRIDGE_,\n    ECOSYSTEM_INTELLIGENCE_,\n    RECURSIVE_IMPROVEMENT_,\n    LEGACY_TERM___USE_APPROVED_,\n}\n",
        "scope": "global"
      },
      "scope": "global",
      "id": "52149268-47d6-41db-b372-0a15f5e73581",
      "index": 9,
      "timestamp": "2024-12-13T08:45:26.143Z",
      "hash": "y/e39rm3iIQcGWjQCoxx6eRCo18=",
      "skip": 0
    },
    {
      "type": "SET_INITIAL_STATE",
      "input": {
        "initialValue": "{\n  \"name\": \"\",\n  \"docNo\": \"\",\n  \"parent\": [],\n  \"content\": \"\",\n  \"masterStatus\": \"PLACEHOLDER\",\n  \"globalTags\": [],\n  \"references\": [],\n  \"provenance\": \"\",\n  \"notionId\": \"\"\n}",
        "scope": "global"
      },
      "scope": "global",
      "id": "89c2f282-a918-4f65-84b6-1652de7a225d",
      "index": 10,
      "timestamp": "2024-12-13T08:45:26.469Z",
      "hash": "yioMEkX+cDo0QyZV/cQin3YYwVg=",
      "skip": 0
    },
    {
      "type": "SET_STATE_SCHEMA",
      "input": {
        "schema": "type ATlasAnnotationState {\n   name: String! # Default value = \"\"\n  docNo: String! \n  parent: [PHID!]! # can have multiple parents\n  content: String\n  masterStatus: Status! # \n  globalTags: [GlobalTag!]!\n  references: [PHID!]!\n  provenance: URL\n  notionId: String # verify if this can be changed to UUID type\n}\n\nenum Status {\n  PLACEHOLDER\n  PROVISIONAL # enables ecosystem participants to interact with the material in a practical context, resulting in valuable feedback or other data concerning the Document's appropriateness.\n  APPROVED # material instance can be integrated into the Atlas\n  DEFERRED\n  ARCHIVED\n  \n}\n\nenum GlobalTag {\n    SCOPE_ADVISOR_,\n    AVC_,\n    CAIS_,\n    ML___LOW_PRIORITY_,\n    EXTERNAL_REFERENCE_,\n    DAO_TOOLKIT_,\n    ML___DEFER_,\n    PURPOSE_SYSTEM_,\n    NEWCHAIN_,\n    ML___SUPPORT_DOCS_NEEDED_,\n    TWO_STAGE_BRIDGE_,\n    ECOSYSTEM_INTELLIGENCE_,\n    RECURSIVE_IMPROVEMENT_,\n    LEGACY_TERM___USE_APPROVED_,\n}\n",
        "scope": "global"
      },
      "scope": "global",
      "id": "31d04bb9-0c55-4885-81ea-c013bee0ebff",
      "index": 11,
      "timestamp": "2024-12-13T08:45:29.363Z",
      "hash": "eUhNyGeLiodWJHZbwpboPcBuQ3c=",
      "skip": 0
    },
    {
      "type": "ADD_MODULE",
      "input": {
        "id": "8wUEnHUoeLzFxrspo0XR+TrLc2M=",
        "name": "annotation"
      },
      "scope": "global",
      "id": "765d7db3-2c5f-48e8-a3bb-7adf4d1507d5",
      "index": 12,
      "timestamp": "2024-12-13T08:45:34.221Z",
      "hash": "y8/q46MTqgkvKymCGBERsQ/LFlY=",
      "skip": 0
    },
    {
      "type": "ADD_OPERATION",
      "input": {
        "id": "vqGMWmKKYjjYT63VVJx2DVWDPpQ=",
        "moduleId": "8wUEnHUoeLzFxrspo0XR+TrLc2M=",
        "name": "UPDATE_ANNOTATION"
      },
      "scope": "global",
      "id": "85ecb941-eed8-480e-b60c-ae451d5f529b",
      "index": 13,
      "timestamp": "2024-12-13T08:45:40.117Z",
      "hash": "aYe8k2/0Qt0CGO7yhlxryAHjaFs=",
      "skip": 0
    },
    {
      "type": "SET_OPERATION_SCHEMA",
      "input": {
        "id": "vqGMWmKKYjjYT63VVJx2DVWDPpQ=",
        "schema": "input UpdateAnnotationInput {\n  \"Add your inputs here\"\n  _placeholder: String\n}"
      },
      "scope": "global",
      "id": "7b2cf49e-9650-4b1d-aed9-f20f6cbeeed6",
      "index": 14,
      "timestamp": "2024-12-13T08:45:40.134Z",
      "hash": "kXs8mm/6uNDma+jQ+raKLp6fzkw=",
      "skip": 0
    },
    {
      "type": "SET_OPERATION_SCHEMA",
      "input": {
        "id": "vqGMWmKKYjjYT63VVJx2DVWDPpQ=",
        "schema": "input UpdateAnnotationInput {\n  name: String\n  content: String\n  masterStatus: [Status!]!\n  globalTags: [String]\n  references: [PHID!]!\n}"
      },
      "scope": "global",
      "id": "877b623a-4c9b-473c-afc2-54747cbaa653",
      "index": 15,
      "timestamp": "2024-12-13T08:45:58.844Z",
      "hash": "GHBpc+Co5u0qkj5TpwiGbBMdx+o=",
      "skip": 0
    },
    {
      "type": "SET_STATE_SCHEMA",
      "input": {
        "schema": "type AtlasAnnotationState {\n   name: String! # Default value = \"\"\n  docNo: String! \n  parent: [PHID!]! # can have multiple parents\n  content: String\n  masterStatus: Status! # \n  globalTags: [GlobalTag!]!\n  references: [PHID!]!\n  provenance: URL\n  notionId: String # verify if this can be changed to UUID type\n}\n\nenum Status {\n  PLACEHOLDER\n  PROVISIONAL # enables ecosystem participants to interact with the material in a practical context, resulting in valuable feedback or other data concerning the Document's appropriateness.\n  APPROVED # material instance can be integrated into the Atlas\n  DEFERRED\n  ARCHIVED\n  \n}\n\nenum GlobalTag {\n    SCOPE_ADVISOR_,\n    AVC_,\n    CAIS_,\n    ML___LOW_PRIORITY_,\n    EXTERNAL_REFERENCE_,\n    DAO_TOOLKIT_,\n    ML___DEFER_,\n    PURPOSE_SYSTEM_,\n    NEWCHAIN_,\n    ML___SUPPORT_DOCS_NEEDED_,\n    TWO_STAGE_BRIDGE_,\n    ECOSYSTEM_INTELLIGENCE_,\n    RECURSIVE_IMPROVEMENT_,\n    LEGACY_TERM___USE_APPROVED_,\n}\n",
        "scope": "global"
      },
      "scope": "global",
      "id": "4a1c01ef-4183-4f92-bff9-b7414790b88b",
      "index": 16,
      "timestamp": "2024-12-13T08:46:04.297Z",
      "hash": "dQSwWqM4VK525WA4/cggoMKf3GA=",
      "skip": 0
    },
    {
      "type": "SET_OPERATION_SCHEMA",
      "input": {
        "id": "vqGMWmKKYjjYT63VVJx2DVWDPpQ=",
        "schema": "input UpdateAnnotationInput {\n  name: String\n   parent: [PHID!]! # can have multiple parents\n  content: String\n  masterStatus: [Status!]!\n  globalTags: [String]\n  references: [PHID!]!\n}"
      },
      "scope": "global",
      "id": "929c7b5c-617e-4e08-9a64-bd504a041181",
      "index": 17,
      "timestamp": "2024-12-13T08:46:14.930Z",
      "hash": "dM7YA6oAl0RbeBd0T23QNRj3jU4=",
      "skip": 0
    },
    {
      "type": "SET_MODEL_NAME",
      "input": {
        "name": "AtlasMultiParent"
      },
      "scope": "global",
      "id": "e6067f6d-4e3a-4514-a6c9-3d19439000a5",
      "index": 18,
      "timestamp": "2024-12-17T11:01:32.077Z",
      "hash": "celnsVWvJs0RkxzAPU0ZsQoKcIU=",
      "skip": 0
    },
    {
      "type": "SET_STATE_SCHEMA",
      "input": {
        "schema": "type AtlasMultiParentState {\n  name: String!\n  docNo: String!\n  parent: [PHID!]!\n  content: String\n  masterStatus: Status!\n  globalTags: [GlobalTag!]!\n  references: [PHID!]!\n  provenance: URL\n  notionId: String\n}\n\nenum Status {\n  PLACEHOLDER\n  PROVISIONAL\n  APPROVED\n  DEFERRED\n  ARCHIVED\n}\n\nenum GlobalTag {\n  SCOPE_ADVISOR_\n  AVC_\n  CAIS_\n  ML___LOW_PRIORITY_\n  EXTERNAL_REFERENCE_\n  DAO_TOOLKIT_\n  ML___DEFER_\n  PURPOSE_SYSTEM_\n  NEWCHAIN_\n  ML___SUPPORT_DOCS_NEEDED_\n  TWO_STAGE_BRIDGE_\n  ECOSYSTEM_INTELLIGENCE_\n  RECURSIVE_IMPROVEMENT_\n  LEGACY_TERM___USE_APPROVED_\n}",
        "scope": "global"
      },
      "scope": "global",
      "id": "b133d7d7-4477-4259-9649-09d42549cb4a",
      "index": 19,
      "timestamp": "2024-12-17T11:01:32.079Z",
      "hash": "H4CN1XeQsaxGTZ6at4Lo2uhxuSA=",
      "skip": 0
    },
    {
      "type": "SET_STATE_SCHEMA",
      "input": {
        "schema": "type AtlasMultiParentState {\n  name: String!\n  docNo: String!\n  parent: [PHID!]!\n  content: String\n  masterStatus: Status!\n  globalTags: [GlobalTag!]!\n  references: [PHID!]!\n  provenance: URL\n  notionId: String\n}\n\nenum Status {\n  PLACEHOLDER\n  PROVISIONAL\n  APPROVED\n  DEFERRED\n  ARCHIVED\n}\n\nenum GlobalTag {\n  SCOPE_ADVISOR_\n  AVC_\n  CAIS_\n  ML___LOW_PRIORITY_\n  EXTERNAL_REFERENCE_\n  DAO_TOOLKIT_\n  ML___DEFER_\n  PURPOSE_SYSTEM_\n  NEWCHAIN_\n  ML___SUPPORT_DOCS_NEEDED_\n  TWO_STAGE_BRIDGE_\n  ECOSYSTEM_INTELLIGENCE_\n  RECURSIVE_IMPROVEMENT_\n  LEGACY_TERM___USE_APPROVED_\n}",
        "scope": "global"
      },
      "scope": "global",
      "id": "7e460c4c-c766-4fc1-bd8e-89cc8dae2e37",
      "index": 20,
      "timestamp": "2024-12-17T11:01:32.079Z",
      "hash": "H4CN1XeQsaxGTZ6at4Lo2uhxuSA=",
      "skip": 0
    },
    {
      "type": "SET_MODEL_ID",
      "input": {
        "id": "sky/atlas-multiparent"
      },
      "scope": "global",
      "id": "2978787d-feb3-4a5a-8ca0-e160666371f0",
      "index": 21,
      "timestamp": "2024-12-17T11:01:36.455Z",
      "hash": "qDus0vKFny+QRi/QBCvCQUeEo88=",
      "skip": 0
    },
    {
      "type": "SET_STATE_SCHEMA",
      "input": {
        "schema": "type AtlasMultiParentState {\n  name: String!\n  docNo: String!\n  parent: [PHID!]! \n  content: String\n  masterStatus: Status!\n  globalTags: [GlobalTag!]!\n  references: [PHID!]!\n  provenance: URL\n  notionId: String\n}\n\nenum Status {\n  PLACEHOLDER\n  PROVISIONAL\n  APPROVED\n  DEFERRED\n  ARCHIVED\n}\n\nenum GlobalTag {\n  SCOPE_ADVISOR_\n  AVC_\n  CAIS_\n  ML___LOW_PRIORITY_\n  EXTERNAL_REFERENCE_\n  DAO_TOOLKIT_\n  ML___DEFER_\n  PURPOSE_SYSTEM_\n  NEWCHAIN_\n  ML___SUPPORT_DOCS_NEEDED_\n  TWO_STAGE_BRIDGE_\n  ECOSYSTEM_INTELLIGENCE_\n  RECURSIVE_IMPROVEMENT_\n  LEGACY_TERM___USE_APPROVED_\n}",
        "scope": "global"
      },
      "scope": "global",
      "id": "d3b0903f-589b-4baa-88a8-9b16fe9efb79",
      "index": 22,
      "timestamp": "2024-12-17T11:02:13.978Z",
      "hash": "0BmB8uilnvxEJOl3VVkhENY4S60=",
      "skip": 0
    },
    {
      "type": "SET_STATE_SCHEMA",
      "input": {
        "schema": "type AtlasMultiParentState {\n  name: String!\n  docNo: String!\n  parent: [PHID!]! ##\n  content: String\n  masterStatus: Status!\n  globalTags: [GlobalTag!]!\n  references: [PHID!]!\n  provenance: URL\n  notionId: String\n}\n\nenum Status {\n  PLACEHOLDER\n  PROVISIONAL\n  APPROVED\n  DEFERRED\n  ARCHIVED\n}\n\nenum GlobalTag {\n  SCOPE_ADVISOR_\n  AVC_\n  CAIS_\n  ML___LOW_PRIORITY_\n  EXTERNAL_REFERENCE_\n  DAO_TOOLKIT_\n  ML___DEFER_\n  PURPOSE_SYSTEM_\n  NEWCHAIN_\n  ML___SUPPORT_DOCS_NEEDED_\n  TWO_STAGE_BRIDGE_\n  ECOSYSTEM_INTELLIGENCE_\n  RECURSIVE_IMPROVEMENT_\n  LEGACY_TERM___USE_APPROVED_\n}",
        "scope": "global"
      },
      "scope": "global",
      "id": "d102e521-b444-4dba-9dd0-bbe476ab1df0",
      "index": 23,
      "timestamp": "2024-12-17T11:02:15.408Z",
      "hash": "ej45KjgRzN2ZooyysvZtmvfum14=",
      "skip": 0
    },
    {
      "type": "SET_STATE_SCHEMA",
      "input": {
        "schema": "type AtlasMultiParentState {\n  name: String!\n  docNo: String!\n  parent: [PHID!]! # multiple parent \n  content: String\n  masterStatus: Status!\n  globalTags: [GlobalTag!]!\n  references: [PHID!]!\n  provenance: URL\n  notionId: String\n}\n\nenum Status {\n  PLACEHOLDER\n  PROVISIONAL\n  APPROVED\n  DEFERRED\n  ARCHIVED\n}\n\nenum GlobalTag {\n  SCOPE_ADVISOR_\n  AVC_\n  CAIS_\n  ML___LOW_PRIORITY_\n  EXTERNAL_REFERENCE_\n  DAO_TOOLKIT_\n  ML___DEFER_\n  PURPOSE_SYSTEM_\n  NEWCHAIN_\n  ML___SUPPORT_DOCS_NEEDED_\n  TWO_STAGE_BRIDGE_\n  ECOSYSTEM_INTELLIGENCE_\n  RECURSIVE_IMPROVEMENT_\n  LEGACY_TERM___USE_APPROVED_\n}",
        "scope": "global"
      },
      "scope": "global",
      "id": "db3d72c4-c975-4663-941b-6e2f386e9c28",
      "index": 24,
      "timestamp": "2024-12-17T11:02:19.259Z",
      "hash": "7DB9HJsFmVEif127TRL1F8aURcM=",
      "skip": 0
    },
    {
      "type": "SET_STATE_SCHEMA",
      "input": {
        "schema": "type AtlasMultiParentState {\n  name: String!\n  docNo: String!\n  parent: [PHID!]! # multiple parents possible, \n  content: String\n  masterStatus: Status!\n  globalTags: [GlobalTag!]!\n  references: [PHID!]!\n  provenance: URL\n  notionId: String\n}\n\nenum Status {\n  PLACEHOLDER\n  PROVISIONAL\n  APPROVED\n  DEFERRED\n  ARCHIVED\n}\n\nenum GlobalTag {\n  SCOPE_ADVISOR_\n  AVC_\n  CAIS_\n  ML___LOW_PRIORITY_\n  EXTERNAL_REFERENCE_\n  DAO_TOOLKIT_\n  ML___DEFER_\n  PURPOSE_SYSTEM_\n  NEWCHAIN_\n  ML___SUPPORT_DOCS_NEEDED_\n  TWO_STAGE_BRIDGE_\n  ECOSYSTEM_INTELLIGENCE_\n  RECURSIVE_IMPROVEMENT_\n  LEGACY_TERM___USE_APPROVED_\n}",
        "scope": "global"
      },
      "scope": "global",
      "id": "83b004cb-b0a1-4536-9f97-7a11d2a1c3bf",
      "index": 25,
      "timestamp": "2024-12-17T11:02:23.321Z",
      "hash": "7BN0eqEQ2JkIssAjzuQfFsNEoxY=",
      "skip": 0
    },
    {
      "type": "SET_STATE_SCHEMA",
      "input": {
        "schema": "type AtlasMultiParentState {\n  name: String!\n  docNo: String!\n  parent: [PHID!]! # multiple parents possible, tf\n  content: String\n  masterStatus: Status!\n  globalTags: [GlobalTag!]!\n  references: [PHID!]!\n  provenance: URL\n  notionId: String\n}\n\nenum Status {\n  PLACEHOLDER\n  PROVISIONAL\n  APPROVED\n  DEFERRED\n  ARCHIVED\n}\n\nenum GlobalTag {\n  SCOPE_ADVISOR_\n  AVC_\n  CAIS_\n  ML___LOW_PRIORITY_\n  EXTERNAL_REFERENCE_\n  DAO_TOOLKIT_\n  ML___DEFER_\n  PURPOSE_SYSTEM_\n  NEWCHAIN_\n  ML___SUPPORT_DOCS_NEEDED_\n  TWO_STAGE_BRIDGE_\n  ECOSYSTEM_INTELLIGENCE_\n  RECURSIVE_IMPROVEMENT_\n  LEGACY_TERM___USE_APPROVED_\n}",
        "scope": "global"
      },
      "scope": "global",
      "id": "004e04da-e9f2-497b-b43d-25212bc5f1f2",
      "index": 26,
      "timestamp": "2024-12-17T11:02:24.433Z",
      "hash": "mXRmDC+UAlz61SDmAJ5HfA8wqgU=",
      "skip": 0
    },
    {
      "type": "SET_STATE_SCHEMA",
      "input": {
        "schema": "type AtlasMultiParentState {\n  name: String!\n  docNo: String!\n  parent: [PHID!]! # multiple parents possible, tf an\n  content: String\n  masterStatus: Status!\n  globalTags: [GlobalTag!]!\n  references: [PHID!]!\n  provenance: URL\n  notionId: String\n}\n\nenum Status {\n  PLACEHOLDER\n  PROVISIONAL\n  APPROVED\n  DEFERRED\n  ARCHIVED\n}\n\nenum GlobalTag {\n  SCOPE_ADVISOR_\n  AVC_\n  CAIS_\n  ML___LOW_PRIORITY_\n  EXTERNAL_REFERENCE_\n  DAO_TOOLKIT_\n  ML___DEFER_\n  PURPOSE_SYSTEM_\n  NEWCHAIN_\n  ML___SUPPORT_DOCS_NEEDED_\n  TWO_STAGE_BRIDGE_\n  ECOSYSTEM_INTELLIGENCE_\n  RECURSIVE_IMPROVEMENT_\n  LEGACY_TERM___USE_APPROVED_\n}",
        "scope": "global"
      },
      "scope": "global",
      "id": "422fb0f3-3ce3-4f41-83c8-8c3ededaef79",
      "index": 27,
      "timestamp": "2024-12-17T11:02:26.480Z",
      "hash": "pJW+w9dP3B/QymwTPOj3Gre9IAg=",
      "skip": 0
    },
    {
      "type": "SET_STATE_SCHEMA",
      "input": {
        "schema": "type AtlasMultiParentState {\n  name: String!\n  docNo: String!\n  parent: [PHID!]! # multiple parents possible, tf an array. \n  content: String\n  masterStatus: Status!\n  globalTags: [GlobalTag!]!\n  references: [PHID!]!\n  provenance: URL\n  notionId: String\n}\n\nenum Status {\n  PLACEHOLDER\n  PROVISIONAL\n  APPROVED\n  DEFERRED\n  ARCHIVED\n}\n\nenum GlobalTag {\n  SCOPE_ADVISOR_\n  AVC_\n  CAIS_\n  ML___LOW_PRIORITY_\n  EXTERNAL_REFERENCE_\n  DAO_TOOLKIT_\n  ML___DEFER_\n  PURPOSE_SYSTEM_\n  NEWCHAIN_\n  ML___SUPPORT_DOCS_NEEDED_\n  TWO_STAGE_BRIDGE_\n  ECOSYSTEM_INTELLIGENCE_\n  RECURSIVE_IMPROVEMENT_\n  LEGACY_TERM___USE_APPROVED_\n}",
        "scope": "global"
      },
      "scope": "global",
      "id": "535719d6-7b22-4d8f-b61c-6b302bbc9425",
      "index": 28,
      "timestamp": "2024-12-17T11:02:29.988Z",
      "hash": "11V7+5HCAt8CEAL9NUVAoUPiMdo=",
      "skip": 0
    },
    {
      "type": "SET_STATE_SCHEMA",
      "input": {
        "schema": "type AtlasMultiParentState {\n  name: String!\n  docNo: String!\n  parent: [PHID!]! # multiple parents possible, tf an array\n  content: String\n  masterStatus: Status!\n  globalTags: [GlobalTag!]!\n  references: [PHID!]!\n  provenance: URL\n  notionId: String\n}\n\nenum Status {\n  PLACEHOLDER\n  PROVISIONAL\n  APPROVED\n  DEFERRED\n  ARCHIVED\n}\n\nenum GlobalTag {\n  SCOPE_ADVISOR_\n  AVC_\n  CAIS_\n  ML___LOW_PRIORITY_\n  EXTERNAL_REFERENCE_\n  DAO_TOOLKIT_\n  ML___DEFER_\n  PURPOSE_SYSTEM_\n  NEWCHAIN_\n  ML___SUPPORT_DOCS_NEEDED_\n  TWO_STAGE_BRIDGE_\n  ECOSYSTEM_INTELLIGENCE_\n  RECURSIVE_IMPROVEMENT_\n  LEGACY_TERM___USE_APPROVED_\n}",
        "scope": "global"
      },
      "scope": "global",
      "id": "b0309260-ef9f-4563-8492-7f65e23b42ce",
      "index": 29,
      "timestamp": "2024-12-17T11:02:31.908Z",
      "hash": "fqa/oYpcH9QNlmctIIS6t+4LMX4=",
      "skip": 0
    },
    {
      "type": "SET_STATE_SCHEMA",
      "input": {
        "schema": "type AtlasMultiParentState {\n  name: String!\n  docNo: String!\n  parent: [PHID!]! # multiple parents possible, tf an array\n    atlasType: AtlasType! ###\n\n  content: String\n  masterStatus: Status!\n  globalTags: [GlobalTag!]!\n  references: [PHID!]!\n  provenance: URL\n  notionId: String\n}\n\nenum Status {\n  PLACEHOLDER\n  PROVISIONAL\n  APPROVED\n  DEFERRED\n  ARCHIVED\n}\n\nenum GlobalTag {\n  SCOPE_ADVISOR_\n  AVC_\n  CAIS_\n  ML___LOW_PRIORITY_\n  EXTERNAL_REFERENCE_\n  DAO_TOOLKIT_\n  ML___DEFER_\n  PURPOSE_SYSTEM_\n  NEWCHAIN_\n  ML___SUPPORT_DOCS_NEEDED_\n  TWO_STAGE_BRIDGE_\n  ECOSYSTEM_INTELLIGENCE_\n  RECURSIVE_IMPROVEMENT_\n  LEGACY_TERM___USE_APPROVED_\n}",
        "scope": "global"
      },
      "scope": "global",
      "id": "b418b7cf-cd05-4d96-86c1-b8c6a97820a1",
      "index": 30,
      "timestamp": "2024-12-17T11:02:46.284Z",
      "hash": "bwNKeFSHrMJ+EXlqTXk5VYK2qLM=",
      "skip": 0
    },
    {
      "type": "SET_STATE_SCHEMA",
      "input": {
        "schema": "type AtlasMultiParentState {\n  name: String!\n  docNo: String!\n  parent: [PHID!]! # multiple parents possible, tf an array\n  atlasType: AtlasType! ###\n\n  content: String\n  masterStatus: Status!\n  globalTags: [GlobalTag!]!\n  references: [PHID!]!\n  provenance: URL\n  notionId: String\n}\n\nenum Status {\n  PLACEHOLDER\n  PROVISIONAL\n  APPROVED\n  DEFERRED\n  ARCHIVED\n}\n\nenum GlobalTag {\n  SCOPE_ADVISOR_\n  AVC_\n  CAIS_\n  ML___LOW_PRIORITY_\n  EXTERNAL_REFERENCE_\n  DAO_TOOLKIT_\n  ML___DEFER_\n  PURPOSE_SYSTEM_\n  NEWCHAIN_\n  ML___SUPPORT_DOCS_NEEDED_\n  TWO_STAGE_BRIDGE_\n  ECOSYSTEM_INTELLIGENCE_\n  RECURSIVE_IMPROVEMENT_\n  LEGACY_TERM___USE_APPROVED_\n}",
        "scope": "global"
      },
      "scope": "global",
      "id": "c36f4ff2-7ccf-4b25-9d2a-72bf162bc1ac",
      "index": 31,
      "timestamp": "2024-12-17T11:02:47.390Z",
      "hash": "hD5M/DRfw6JFawr33b1f0PtcKNA=",
      "skip": 0
    },
    {
      "type": "SET_STATE_SCHEMA",
      "input": {
        "schema": "type AtlasMultiParentState {\n  name: String!\n  docNo: String!\n  parent: [PHID!]! # multiple parents possible, tf an array\n  atlasType: AtlasType! ###\n\n  content: String\n  masterStatus: Status!\n  globalTags: [GlobalTag!]!\n  references: [PHID!]!\n  provenance: URL\n  notionId: String\n}\n\nenum AtlasType\nenum Status {\n  PLACEHOLDER\n  PROVISIONAL\n  APPROVED\n  DEFERRED\n  ARCHIVED\n}\n\nenum GlobalTag {\n  SCOPE_ADVISOR_\n  AVC_\n  CAIS_\n  ML___LOW_PRIORITY_\n  EXTERNAL_REFERENCE_\n  DAO_TOOLKIT_\n  ML___DEFER_\n  PURPOSE_SYSTEM_\n  NEWCHAIN_\n  ML___SUPPORT_DOCS_NEEDED_\n  TWO_STAGE_BRIDGE_\n  ECOSYSTEM_INTELLIGENCE_\n  RECURSIVE_IMPROVEMENT_\n  LEGACY_TERM___USE_APPROVED_\n}",
        "scope": "global"
      },
      "scope": "global",
      "id": "aa2c756d-0f3d-4443-a009-dab2a78f7a93",
      "index": 32,
      "timestamp": "2024-12-17T11:02:53.088Z",
      "hash": "iu/E2zvVol4i0ZOoh7pH6cSLCSY=",
      "skip": 0
    },
    {
      "type": "SET_STATE_SCHEMA",
      "input": {
        "schema": "type AtlasMultiParentState {\n  name: String!\n  docNo: String!\n  parent: [PHID!]! # multiple parents possible, tf an array\n  atlasType: AtlasType! ###\n\n  content: String\n  masterStatus: Status!\n  globalTags: [GlobalTag!]!\n  references: [PHID!]!\n  provenance: URL\n  notionId: String\n}\n\nenum AtlasType \nenum Status {\n  PLACEHOLDER\n  PROVISIONAL\n  APPROVED\n  DEFERRED\n  ARCHIVED\n}\n\nenum GlobalTag {\n  SCOPE_ADVISOR_\n  AVC_\n  CAIS_\n  ML___LOW_PRIORITY_\n  EXTERNAL_REFERENCE_\n  DAO_TOOLKIT_\n  ML___DEFER_\n  PURPOSE_SYSTEM_\n  NEWCHAIN_\n  ML___SUPPORT_DOCS_NEEDED_\n  TWO_STAGE_BRIDGE_\n  ECOSYSTEM_INTELLIGENCE_\n  RECURSIVE_IMPROVEMENT_\n  LEGACY_TERM___USE_APPROVED_\n}",
        "scope": "global"
      },
      "scope": "global",
      "id": "82593025-c94a-4599-9d5d-8a0f56f065e7",
      "index": 33,
      "timestamp": "2024-12-17T11:02:53.627Z",
      "hash": "yX0DxBhYd3TUOZn8Q+G9P/oe/f0=",
      "skip": 0
    },
    {
      "type": "SET_STATE_SCHEMA",
      "input": {
        "schema": "type AtlasMultiParentState {\n  name: String!\n  docNo: String!\n  parent: [PHID!]! # multiple parents possible, tf an array\n  atlasType: AtlasType! ###\n\n  content: String\n  masterStatus: Status!\n  globalTags: [GlobalTag!]!\n  references: [PHID!]!\n  provenance: URL\n  notionId: String\n}\n\nenum AtlasType {\n\n  \n}\nenum Status {\n  PLACEHOLDER\n  PROVISIONAL\n  APPROVED\n  DEFERRED\n  ARCHIVED\n}\n\nenum GlobalTag {\n  SCOPE_ADVISOR_\n  AVC_\n  CAIS_\n  ML___LOW_PRIORITY_\n  EXTERNAL_REFERENCE_\n  DAO_TOOLKIT_\n  ML___DEFER_\n  PURPOSE_SYSTEM_\n  NEWCHAIN_\n  ML___SUPPORT_DOCS_NEEDED_\n  TWO_STAGE_BRIDGE_\n  ECOSYSTEM_INTELLIGENCE_\n  RECURSIVE_IMPROVEMENT_\n  LEGACY_TERM___USE_APPROVED_\n}",
        "scope": "global"
      },
      "scope": "global",
      "id": "f1965209-45e6-4104-98cf-f31912265e6d",
      "index": 34,
      "timestamp": "2024-12-17T11:02:54.884Z",
      "hash": "sNJlnV8hQXKiGjGan7emPnWC3G8=",
      "skip": 0
    },
    {
      "type": "SET_STATE_SCHEMA",
      "input": {
        "schema": "type AtlasMultiParentState {\n  name: String!\n  docNo: String!\n  parent: [PHID!]! # multiple parents possible, tf an array\n  atlasType: AtlasType! ###\n\n  content: String\n  masterStatus: Status!\n  globalTags: [GlobalTag!]!\n  references: [PHID!]!\n  provenance: URL\n  notionId: String\n}\n\nenum AtlasType {\nANNOTATION\n  \n}\nenum Status {\n  PLACEHOLDER\n  PROVISIONAL\n  APPROVED\n  DEFERRED\n  ARCHIVED\n}\n\nenum GlobalTag {\n  SCOPE_ADVISOR_\n  AVC_\n  CAIS_\n  ML___LOW_PRIORITY_\n  EXTERNAL_REFERENCE_\n  DAO_TOOLKIT_\n  ML___DEFER_\n  PURPOSE_SYSTEM_\n  NEWCHAIN_\n  ML___SUPPORT_DOCS_NEEDED_\n  TWO_STAGE_BRIDGE_\n  ECOSYSTEM_INTELLIGENCE_\n  RECURSIVE_IMPROVEMENT_\n  LEGACY_TERM___USE_APPROVED_\n}",
        "scope": "global"
      },
      "scope": "global",
      "id": "675ed0c9-dbb8-4e8a-8dbc-ce7d67db64ad",
      "index": 35,
      "timestamp": "2024-12-17T11:02:58.409Z",
      "hash": "xRwZ6xhBn9eU2JZlNqIsDBM18to=",
      "skip": 0
    },
    {
      "type": "SET_STATE_SCHEMA",
      "input": {
        "schema": "type AtlasMultiParentState {\n  name: String!\n  docNo: String!\n  parent: [PHID!]! # multiple parents possible, tf an array\n  atlasType: AtlasType! ###\n\n  content: String\n  masterStatus: Status!\n  globalTags: [GlobalTag!]!\n  references: [PHID!]!\n  provenance: URL\n  notionId: String\n}\n\nenum AtlasType {\nANNOTATION\n  \n  \n}\nenum Status {\n  PLACEHOLDER\n  PROVISIONAL\n  APPROVED\n  DEFERRED\n  ARCHIVED\n}\n\nenum GlobalTag {\n  SCOPE_ADVISOR_\n  AVC_\n  CAIS_\n  ML___LOW_PRIORITY_\n  EXTERNAL_REFERENCE_\n  DAO_TOOLKIT_\n  ML___DEFER_\n  PURPOSE_SYSTEM_\n  NEWCHAIN_\n  ML___SUPPORT_DOCS_NEEDED_\n  TWO_STAGE_BRIDGE_\n  ECOSYSTEM_INTELLIGENCE_\n  RECURSIVE_IMPROVEMENT_\n  LEGACY_TERM___USE_APPROVED_\n}",
        "scope": "global"
      },
      "scope": "global",
      "id": "6a7ffac0-ffcc-45af-9fbf-b1a6364f22fe",
      "index": 36,
      "timestamp": "2024-12-17T11:02:59.680Z",
      "hash": "Ue/NnOvkbekeYmsA8i52OiAe+9E=",
      "skip": 0
    },
    {
      "type": "SET_STATE_SCHEMA",
      "input": {
        "schema": "type AtlasMultiParentState {\n  name: String!\n  docNo: String!\n  parent: [PHID!]! # multiple parents possible, tf an array\n  atlasType: AtlasType! ###\n\n  content: String\n  masterStatus: Status!\n  globalTags: [GlobalTag!]!\n  references: [PHID!]!\n  provenance: URL\n  notionId: String\n}\n\nenum AtlasType {\nANNOTATION\n  NEEDED-\n  \n}\nenum Status {\n  PLACEHOLDER\n  PROVISIONAL\n  APPROVED\n  DEFERRED\n  ARCHIVED\n}\n\nenum GlobalTag {\n  SCOPE_ADVISOR_\n  AVC_\n  CAIS_\n  ML___LOW_PRIORITY_\n  EXTERNAL_REFERENCE_\n  DAO_TOOLKIT_\n  ML___DEFER_\n  PURPOSE_SYSTEM_\n  NEWCHAIN_\n  ML___SUPPORT_DOCS_NEEDED_\n  TWO_STAGE_BRIDGE_\n  ECOSYSTEM_INTELLIGENCE_\n  RECURSIVE_IMPROVEMENT_\n  LEGACY_TERM___USE_APPROVED_\n}",
        "scope": "global"
      },
      "scope": "global",
      "id": "bee90319-7bb2-48c4-94f9-0d598425e5ee",
      "index": 37,
      "timestamp": "2024-12-17T11:03:02.092Z",
      "hash": "Mfhn5dwKoYlFKUNvY60T9I6d9Bg=",
      "skip": 0
    },
    {
      "type": "SET_STATE_SCHEMA",
      "input": {
        "schema": "type AtlasMultiParentState {\n  name: String!\n  docNo: String!\n  parent: [PHID!]! # multiple parents possible, tf an array\n  atlasType: AtlasType! ###\n\n  content: String\n  masterStatus: Status!\n  globalTags: [GlobalTag!]!\n  references: [PHID!]!\n  provenance: URL\n  notionId: String\n}\n\nenum AtlasType {\nANNOTATION\n  NEEDED-RESEARCJ\n  \n}\nenum Status {\n  PLACEHOLDER\n  PROVISIONAL\n  APPROVED\n  DEFERRED\n  ARCHIVED\n}\n\nenum GlobalTag {\n  SCOPE_ADVISOR_\n  AVC_\n  CAIS_\n  ML___LOW_PRIORITY_\n  EXTERNAL_REFERENCE_\n  DAO_TOOLKIT_\n  ML___DEFER_\n  PURPOSE_SYSTEM_\n  NEWCHAIN_\n  ML___SUPPORT_DOCS_NEEDED_\n  TWO_STAGE_BRIDGE_\n  ECOSYSTEM_INTELLIGENCE_\n  RECURSIVE_IMPROVEMENT_\n  LEGACY_TERM___USE_APPROVED_\n}",
        "scope": "global"
      },
      "scope": "global",
      "id": "8173c2d7-24b7-41ba-ba3a-3fe91e69c3c8",
      "index": 38,
      "timestamp": "2024-12-17T11:03:03.617Z",
      "hash": "HkJcy5dZi4GoYtZ/cISQQWW+fOI=",
      "skip": 0
    },
    {
      "type": "SET_STATE_SCHEMA",
      "input": {
        "schema": "type AtlasMultiParentState {\n  name: String!\n  docNo: String!\n  parent: [PHID!]! # multiple parents possible, tf an array\n  atlasType: AtlasType! ###\n\n  content: String\n  masterStatus: Status!\n  globalTags: [GlobalTag!]!\n  references: [PHID!]!\n  provenance: URL\n  notionId: String\n}\n\nenum AtlasType {\nANNOTATION\n  NEEDED\n  \n}\nenum Status {\n  PLACEHOLDER\n  PROVISIONAL\n  APPROVED\n  DEFERRED\n  ARCHIVED\n}\n\nenum GlobalTag {\n  SCOPE_ADVISOR_\n  AVC_\n  CAIS_\n  ML___LOW_PRIORITY_\n  EXTERNAL_REFERENCE_\n  DAO_TOOLKIT_\n  ML___DEFER_\n  PURPOSE_SYSTEM_\n  NEWCHAIN_\n  ML___SUPPORT_DOCS_NEEDED_\n  TWO_STAGE_BRIDGE_\n  ECOSYSTEM_INTELLIGENCE_\n  RECURSIVE_IMPROVEMENT_\n  LEGACY_TERM___USE_APPROVED_\n}",
        "scope": "global"
      },
      "scope": "global",
      "id": "b46d8514-1d57-4d65-8c26-8df7250df705",
      "index": 39,
      "timestamp": "2024-12-17T11:03:05.691Z",
      "hash": "jZVGOoPETbbwCHNNacAWKOrxz5k=",
      "skip": 0
    },
    {
      "type": "SET_STATE_SCHEMA",
      "input": {
        "schema": "type AtlasMultiParentState {\n  name: String!\n  docNo: String!\n  parent: [PHID!]! # multiple parents possible, tf an array\n  atlasType: AtlasType! ###\n\n  content: String\n  masterStatus: Status!\n  globalTags: [GlobalTag!]!\n  references: [PHID!]!\n  provenance: URL\n  notionId: String\n}\n\nenum AtlasType {\nANNOTATION\n  NEEDED_RESEARCH\n  \n}\nenum Status {\n  PLACEHOLDER\n  PROVISIONAL\n  APPROVED\n  DEFERRED\n  ARCHIVED\n}\n\nenum GlobalTag {\n  SCOPE_ADVISOR_\n  AVC_\n  CAIS_\n  ML___LOW_PRIORITY_\n  EXTERNAL_REFERENCE_\n  DAO_TOOLKIT_\n  ML___DEFER_\n  PURPOSE_SYSTEM_\n  NEWCHAIN_\n  ML___SUPPORT_DOCS_NEEDED_\n  TWO_STAGE_BRIDGE_\n  ECOSYSTEM_INTELLIGENCE_\n  RECURSIVE_IMPROVEMENT_\n  LEGACY_TERM___USE_APPROVED_\n}",
        "scope": "global"
      },
      "scope": "global",
      "id": "188e1318-7242-4c0f-8b47-0af40cbc2163",
      "index": 40,
      "timestamp": "2024-12-17T11:03:07.534Z",
      "hash": "Sywh18LbLEyzrr7lxawAv/SbAYE=",
      "skip": 0
    },
    {
      "type": "SET_STATE_SCHEMA",
      "input": {
        "schema": "type AtlasMultiParentState {\n  name: String!\n  docNo: String!\n  parent: [PHID!]! # multiple parents possible, tf an array\n  atlasType: AtlasType! ###\n\n  content: String\n  masterStatus: Status!\n  globalTags: [GlobalTag!]!\n  references: [PHID!]!\n  provenance: URL\n  notionId: String\n}\n\nenum AtlasType {\nANNOTATION\nNEEDED_RESEARCH\n  \n}\nenum Status {\n  PLACEHOLDER\n  PROVISIONAL\n  APPROVED\n  DEFERRED\n  ARCHIVED\n}\n\nenum GlobalTag {\n  SCOPE_ADVISOR_\n  AVC_\n  CAIS_\n  ML___LOW_PRIORITY_\n  EXTERNAL_REFERENCE_\n  DAO_TOOLKIT_\n  ML___DEFER_\n  PURPOSE_SYSTEM_\n  NEWCHAIN_\n  ML___SUPPORT_DOCS_NEEDED_\n  TWO_STAGE_BRIDGE_\n  ECOSYSTEM_INTELLIGENCE_\n  RECURSIVE_IMPROVEMENT_\n  LEGACY_TERM___USE_APPROVED_\n}",
        "scope": "global"
      },
      "scope": "global",
      "id": "a11e746d-caa9-46d3-8aa4-e22551df8446",
      "index": 41,
      "timestamp": "2024-12-17T11:03:08.939Z",
      "hash": "k+DI+osZUDZjBwsMb78pY+kjIDo=",
      "skip": 0
    },
    {
      "type": "SET_STATE_SCHEMA",
      "input": {
        "schema": "type AtlasMultiParentState {\n  name: String!\n  docNo: String!\n  parent: [PHID!]! # multiple parents possible, tf an array\n  atlasType: AtlasType! ###\n\n  content: String\n  masterStatus: Status!\n  globalTags: [GlobalTag!]!\n  references: [PHID!]!\n  provenance: URL\n  notionId: String\n}\n\nenum AtlasType {\nANNOTATION\nNEEDED_RESEARCH \n}\nenum Status {\n  PLACEHOLDER\n  PROVISIONAL\n  APPROVED\n  DEFERRED\n  ARCHIVED\n}\n\nenum GlobalTag {\n  SCOPE_ADVISOR_\n  AVC_\n  CAIS_\n  ML___LOW_PRIORITY_\n  EXTERNAL_REFERENCE_\n  DAO_TOOLKIT_\n  ML___DEFER_\n  PURPOSE_SYSTEM_\n  NEWCHAIN_\n  ML___SUPPORT_DOCS_NEEDED_\n  TWO_STAGE_BRIDGE_\n  ECOSYSTEM_INTELLIGENCE_\n  RECURSIVE_IMPROVEMENT_\n  LEGACY_TERM___USE_APPROVED_\n}",
        "scope": "global"
      },
      "scope": "global",
      "id": "8d15ff8b-0b8c-4144-9053-44d20a289544",
      "index": 42,
      "timestamp": "2024-12-17T11:03:09.843Z",
      "hash": "erflz25Mg5FN8xwkSO+i63Ad57w=",
      "skip": 0
    },
    {
      "type": "SET_STATE_SCHEMA",
      "input": {
        "schema": "type AtlasMultiParentState {\n  name: String!\n  docNo: String!\n  parent: [PHID!]! # multiple parents possible, tf an array\n  atlasType: AtlasType! ###\n\n  content: String\n  masterStatus: Status!\n  globalTags: [GlobalTag!]!\n  references: [PHID!]!\n  provenance: URL\n  notionId: String\n}\n\nenum AtlasType {\nANNOTATION\nNEEDED_RESEARCH \n}\n\nenum Status {\n  PLACEHOLDER\n  PROVISIONAL\n  APPROVED\n  DEFERRED\n  ARCHIVED\n}\n\nenum GlobalTag {\n  SCOPE_ADVISOR_\n  AVC_\n  CAIS_\n  ML___LOW_PRIORITY_\n  EXTERNAL_REFERENCE_\n  DAO_TOOLKIT_\n  ML___DEFER_\n  PURPOSE_SYSTEM_\n  NEWCHAIN_\n  ML___SUPPORT_DOCS_NEEDED_\n  TWO_STAGE_BRIDGE_\n  ECOSYSTEM_INTELLIGENCE_\n  RECURSIVE_IMPROVEMENT_\n  LEGACY_TERM___USE_APPROVED_\n}",
        "scope": "global"
      },
      "scope": "global",
      "id": "7cf0f152-ae4b-44ab-91cd-4d15f2b20a2c",
      "index": 43,
      "timestamp": "2024-12-17T11:03:11.166Z",
      "hash": "7r/yy6Jy2qCUif11w8jqRfuqEd8=",
      "skip": 0
    },
    {
      "type": "SET_OPERATION_NAME",
      "input": {
        "id": "vqGMWmKKYjjYT63VVJx2DVWDPpQ=",
        "name": "UPDATE_MULTIPARENT"
      },
      "scope": "global",
      "id": "1e27dfd3-4eec-40df-bb27-497fcf6b0c41",
      "index": 44,
      "timestamp": "2024-12-17T11:03:20.500Z",
      "hash": "oft7AtsYYdNWdHApuOiTCjcq7uA=",
      "skip": 0
    },
    {
      "type": "SET_OPERATION_SCHEMA",
      "input": {
        "id": "vqGMWmKKYjjYT63VVJx2DVWDPpQ=",
        "schema": "input UpdateMInput {\n  name: String\n   parent: [PHID!]! # can have multiple parents\n  content: String\n  masterStatus: [Status!]!\n  globalTags: [String]\n  references: [PHID!]!\n}"
      },
      "scope": "global",
      "id": "8f858601-7a18-4c7a-a51b-c6fffa82377d",
      "index": 45,
      "timestamp": "2024-12-17T11:03:24.298Z",
      "hash": "jIRaphaw1sC66yWfY+wmCJjVEHM=",
      "skip": 0
    },
    {
      "type": "SET_OPERATION_SCHEMA",
      "input": {
        "id": "vqGMWmKKYjjYT63VVJx2DVWDPpQ=",
        "schema": "input UpdateMuiInput {\n  name: String\n   parent: [PHID!]! # can have multiple parents\n  content: String\n  masterStatus: [Status!]!\n  globalTags: [String]\n  references: [PHID!]!\n}"
      },
      "scope": "global",
      "id": "8f130ff9-06ad-443d-a486-2a023754a392",
      "index": 46,
      "timestamp": "2024-12-17T11:03:24.889Z",
      "hash": "VYVzEaIHzcqSEa8I8uk0Wxpdwto=",
      "skip": 0
    },
    {
      "type": "SET_OPERATION_SCHEMA",
      "input": {
        "id": "vqGMWmKKYjjYT63VVJx2DVWDPpQ=",
        "schema": "ltiParnetinput UpdateMuiInput {\n  name: String\n   parent: [PHID!]! # can have multiple parents\n  content: String\n  masterStatus: [Status!]!\n  globalTags: [String]\n  references: [PHID!]!\n}"
      },
      "scope": "global",
      "id": "01d95318-f385-469a-b712-d1d7822d4df8",
      "index": 47,
      "timestamp": "2024-12-17T11:03:27.044Z",
      "hash": "RI6UKcibKPdRssUuKvxhtqCDwEc=",
      "skip": 0
    },
    {
      "type": "SET_OPERATION_SCHEMA",
      "input": {
        "id": "vqGMWmKKYjjYT63VVJx2DVWDPpQ=",
        "schema": "input UpdateMuInput {\n  name: String\n   parent: [PHID!]! # can have multiple parents\n  content: String\n  masterStatus: [Status!]!\n  globalTags: [String]\n  references: [PHID!]!\n}"
      },
      "scope": "global",
      "id": "e7395bcd-57de-440d-877b-ba7cc2081ebe",
      "index": 48,
      "timestamp": "2024-12-17T11:03:28.014Z",
      "hash": "j5ZiG63RIo9SB3zkJk+yvmtnTiU=",
      "skip": 0
    },
    {
      "type": "SET_OPERATION_SCHEMA",
      "input": {
        "id": "vqGMWmKKYjjYT63VVJx2DVWDPpQ=",
        "schema": "input UpdateMultiParentInput {\n  name: String\n   parent: [PHID!]! # can have multiple parents\n  content: String\n  masterStatus: [Status!]!\n  globalTags: [String]\n  references: [PHID!]!\n}"
      },
      "scope": "global",
      "id": "cea10a8b-f475-49c3-b5fa-6a162dfebbc0",
      "index": 49,
      "timestamp": "2024-12-17T11:03:31.107Z",
      "hash": "cOHPOdfYrEINk3ZGAw6ib2XGQDM=",
      "skip": 0
    },
    {
      "type": "SET_OPERATION_SCHEMA",
      "input": {
        "id": "vqGMWmKKYjjYT63VVJx2DVWDPpQ=",
        "schema": "input UpdateMultiParentInput {\n  name: String\n   parent: [PHID!] # can have multiple parents\n  content: String\n  masterStatus: [Status!]!\n  globalTags: [String]\n  references: [PHID!]!\n}"
      },
      "scope": "global",
      "id": "8277dd00-9dfc-4f9d-95ec-4eacdcb79ac3",
      "index": 50,
      "timestamp": "2024-12-17T11:03:33.614Z",
      "hash": "pEfhFJB37RiOVsG4Rg4SD/yHjUk=",
      "skip": 0
    },
    {
      "type": "SET_OPERATION_SCHEMA",
      "input": {
        "id": "vqGMWmKKYjjYT63VVJx2DVWDPpQ=",
        "schema": "input UpdateMultiParentInput {\n  name: String\n   parent: [PHID!] # can have multiple parents\n  content: String\n  masterStatus: [Status!]\n  globalTags: [String]\n  references: [PHID!]!\n}"
      },
      "scope": "global",
      "id": "f2909ac6-5d42-495f-a4e3-02f00805c4d2",
      "index": 51,
      "timestamp": "2024-12-17T11:03:34.333Z",
      "hash": "falctxmfG1VjbD1HaRGnw+IXHlI=",
      "skip": 0
    },
    {
      "type": "SET_OPERATION_SCHEMA",
      "input": {
        "id": "vqGMWmKKYjjYT63VVJx2DVWDPpQ=",
        "schema": "input UpdateMultiParentInput {\n  name: String\n   parent: [PHID!] # can have multiple parents\n  content: String\n  masterStatus: [Status!]\n  globalTags: [String]\n  references: [PHID!]\n}"
      },
      "scope": "global",
      "id": "17241e56-64db-4442-bfe5-5175e4746b8e",
      "index": 52,
      "timestamp": "2024-12-17T11:03:35.449Z",
      "hash": "pPkw0Gc/Ts1AEw1flANrvm0+Sik=",
      "skip": 0
    },
    {
      "type": "SET_OPERATION_SCHEMA",
      "input": {
        "id": "vqGMWmKKYjjYT63VVJx2DVWDPpQ=",
        "schema": "input UpdateMultiarentInput {\n  name: String\n   parent: [PHID!] # can have multiple parents\n  content: String\n  masterStatus: [Status!]\n  globalTags: [String]\n  references: [PHID!]\n}"
      },
      "scope": "global",
      "id": "1723c1bd-e910-45a4-9614-766c22eb51d3",
      "index": 53,
      "timestamp": "2024-12-17T11:03:51.597Z",
      "hash": "ARjPXO4lHccvPnK9RcJp5sm/GPg=",
      "skip": 0
    },
    {
      "type": "SET_OPERATION_SCHEMA",
      "input": {
        "id": "vqGMWmKKYjjYT63VVJx2DVWDPpQ=",
        "schema": "input UpdateMultiparentInput {\n  name: String\n   parent: [PHID!] # can have multiple parents\n  content: String\n  masterStatus: [Status!]\n  globalTags: [String]\n  references: [PHID!]\n}"
      },
      "scope": "global",
      "id": "3d1c1d43-b09f-4690-8011-42975b5776aa",
      "index": 54,
      "timestamp": "2024-12-17T11:03:52.197Z",
      "hash": "JJzPt2tOV9AcwiXychar+vOHHUU=",
      "skip": 0
    },
    {
      "type": "ADD_OPERATION",
      "input": {
        "id": "gcJlzt35hsv9YZIpSLColSKa3+U=",
        "moduleId": "8wUEnHUoeLzFxrspo0XR+TrLc2M=",
        "name": "POPULATE_MULTIPARENT"
      },
      "scope": "global",
      "id": "13d4184f-29be-4765-b580-d1377adc4bd1",
      "index": 55,
      "timestamp": "2024-12-17T11:04:06.717Z",
      "hash": "4I3XvgOYjnQEZTFwr+EflDU3Sqo=",
      "skip": 0
    },
    {
      "type": "SET_OPERATION_SCHEMA",
      "input": {
        "id": "gcJlzt35hsv9YZIpSLColSKa3+U=",
        "schema": "input PopulateMultiparentInput {\n  \"Add your inputs here\"\n  _placeholder: String\n}"
      },
      "scope": "global",
      "id": "ea68b106-f869-425b-bd63-b31eb49611b8",
      "index": 56,
      "timestamp": "2024-12-17T11:04:06.762Z",
      "hash": "ubpqw9PzD/53ARiSN4lc1+R9dPc=",
      "skip": 0
    },
    {
      "type": "SET_STATE_SCHEMA",
      "input": {
        "schema": "type AtlasMultiParentState {\n  name: String!\n  docNo: String!\n  parent: [PHID!]! # multiple parents possible, tf an array\n  atlasType: AtlasType! ###\n  content: String\n  masterStatus: Status!\n  globalTags: [GlobalTag!]!\n  references: [PHID!]!\n  provenance: URL\n  notionId: String\n}\n\nenum AtlasType {\nANNOTATION\nNEEDED_RESEARCH \n}\n\nenum Status {\n  PLACEHOLDER\n  PROVISIONAL\n  APPROVED\n  DEFERRED\n  ARCHIVED\n}\n\nenum GlobalTag {\n  SCOPE_ADVISOR_\n  AVC_\n  CAIS_\n  ML___LOW_PRIORITY_\n  EXTERNAL_REFERENCE_\n  DAO_TOOLKIT_\n  ML___DEFER_\n  PURPOSE_SYSTEM_\n  NEWCHAIN_\n  ML___SUPPORT_DOCS_NEEDED_\n  TWO_STAGE_BRIDGE_\n  ECOSYSTEM_INTELLIGENCE_\n  RECURSIVE_IMPROVEMENT_\n  LEGACY_TERM___USE_APPROVED_\n}",
        "scope": "global"
      },
      "scope": "global",
      "id": "48a5c602-17dd-496a-84d0-f52d30ef8a69",
      "index": 57,
      "timestamp": "2024-12-17T11:04:17.238Z",
      "hash": "5c6TNnGqns8lJMKI+3wsjPDvDCE=",
      "skip": 0
    },
    {
      "type": "SET_OPERATION_SCHEMA",
      "input": {
        "id": "gcJlzt35hsv9YZIpSLColSKa3+U=",
        "schema": "input PopulateMultiparentInput {\n  name: String!\n  docNo: String!\n  parent: [PHID!]! # multiple parents possible, tf an array\n  atlasType: AtlasType! ###\n  content: String\n  masterStatus: Status!\n  globalTags: [GlobalTag!]!\n  references: [PHID!]!\n  provenance: URL\n  notionId: String\n}"
      },
      "scope": "global",
      "id": "4f840541-bbc9-4c30-b0ee-dc93eb7e48e0",
      "index": 58,
      "timestamp": "2024-12-17T11:04:22.747Z",
      "hash": "MOZbLBC79KxyCjLWDBNIf1gR460=",
      "skip": 0
    },
    {
      "type": "SET_OPERATION_SCHEMA",
      "input": {
        "id": "gcJlzt35hsv9YZIpSLColSKa3+U=",
        "schema": "input PopulateMultiparentInput {\n  name: String!\n  docNo: String!\n  parent: [PHID!] # multiple parents possible, tf an array\n  atlasType: AtlasType! ###\n  content: String\n  masterStatus: Status!\n  globalTags: [GlobalTag!]!\n  references: [PHID!]!\n  provenance: URL\n  notionId: String\n}"
      },
      "scope": "global",
      "id": "9376d95d-b0cd-4f9c-93d2-a9cbb685cdec",
      "index": 59,
      "timestamp": "2024-12-17T11:04:24.751Z",
      "hash": "eeT0ExbCewWwWEHoXquH8yODygs=",
      "skip": 0
    },
    {
      "type": "SET_OPERATION_SCHEMA",
      "input": {
        "id": "gcJlzt35hsv9YZIpSLColSKa3+U=",
        "schema": "input PopulateMultiparentInput {\n  name: String!\n  docNo: String!\n  parent: [PHID!] # multiple parents possible, tf an array\n  atlasType: AtlasType! ###\n  content: String\n  masterStatus: Status!\n  globalTags: [GlobalTag!]\n  references: [PHID!]!\n  provenance: URL\n  notionId: String\n}"
      },
      "scope": "global",
      "id": "336a37bc-b435-4828-a372-49d66a1a0cdb",
      "index": 60,
      "timestamp": "2024-12-17T11:04:26.764Z",
      "hash": "78uGPriPlvGqGBPotI0wAJv4ESo=",
      "skip": 0
    },
    {
      "type": "SET_OPERATION_SCHEMA",
      "input": {
        "id": "gcJlzt35hsv9YZIpSLColSKa3+U=",
        "schema": "input PopulateMultiparentInput {\n  name: String!\n  docNo: String!\n  parent: [PHID!] # multiple parents possible, tf an array\n  atlasType: AtlasType! ###\n  content: String\n  masterStatus: Status!\n  globalTags: [GlobalTag!]\n  references: [PHID!]\n  provenance: URL\n  notionId: String\n}"
      },
      "scope": "global",
      "id": "2e46e5dd-ff8e-48ff-9012-ea7e176d35b1",
      "index": 61,
      "timestamp": "2024-12-17T11:04:27.375Z",
      "hash": "lyaumcQO+1XuKQmrzSoIKbkt7WE=",
      "skip": 0
    },
    {
      "type": "SET_OPERATION_SCHEMA",
      "input": {
        "id": "vqGMWmKKYjjYT63VVJx2DVWDPpQ=",
        "schema": "input UpdateMultiparentInput {\n  name: String\n  parent: [PHID!] # can have multiple parents\n  content: String\n  masterStatus: [Status!]\n  globalTags: [String]\n  references: [PHID!]\n}"
      },
      "scope": "global",
      "id": "c01a03d9-dbdf-4ce7-8e09-85f583ace334",
      "index": 62,
      "timestamp": "2024-12-17T11:04:34.389Z",
      "hash": "XBbRbBkGa5zRplpaayDM2stxKaY=",
      "skip": 0
    },
    {
      "type": "SET_OPERATION_SCHEMA",
      "input": {
        "id": "vqGMWmKKYjjYT63VVJx2DVWDPpQ=",
        "schema": "input UpdateMultiparentInput {\n  name: String\n  parent: [PHID!] # can have multiple parents\n  atlasType: AtlasType!\n  content: String\n  masterStatus: [Status!]\n  globalTags: [String]\n  references: [PHID!]\n}"
      },
      "scope": "global",
      "id": "a02dcb6c-4982-401a-b1c3-00aea18c79a4",
      "index": 63,
      "timestamp": "2024-12-17T11:07:03.005Z",
      "hash": "vlIBU0Xncmh1Myfp0BsdR6ZpFbQ=",
      "skip": 0
    },
    {
      "type": "SET_OPERATION_SCHEMA",
      "input": {
        "id": "vqGMWmKKYjjYT63VVJx2DVWDPpQ=",
        "schema": "input UpdateMultiparentInput {\n  name: String\n  parent: [PHID!] # can have multiple parents\n  atlasType: AtlasType!\n  content: String\n  masterStatus: [Status!]\n  globalTags: [String]\n  references: [PHID!]\n}\n\nenum AtlasType {\nANNOTATION\nNEEDED_RESEARCH \n}\n\nenum Status {\n  PLACEHOLDER\n  PROVISIONAL\n  APPROVED\n  DEFERRED\n  ARCHIVED\n}\n\nenum GlobalTag {\n  SCOPE_ADVISOR_\n  AVC_\n  CAIS_\n  ML___LOW_PRIORITY_\n  EXTERNAL_REFERENCE_\n  DAO_TOOLKIT_\n  ML___DEFER_\n  PURPOSE_SYSTEM_\n  NEWCHAIN_\n  ML___SUPPORT_DOCS_NEEDED_\n  TWO_STAGE_BRIDGE_\n  ECOSYSTEM_INTELLIGENCE_\n  RECURSIVE_IMPROVEMENT_\n  LEGACY_TERM___USE_APPROVED_\n}"
      },
      "scope": "global",
      "id": "e05bd2cd-76bd-4d45-b23d-d786bb761100",
      "index": 64,
      "timestamp": "2024-12-17T11:09:06.970Z",
      "hash": "X/AyASqqK4HsuPXWJIjWCQuxPDo=",
      "skip": 0
    },
    {
      "type": "SET_OPERATION_SCHEMA",
      "input": {
        "id": "gcJlzt35hsv9YZIpSLColSKa3+U=",
        "schema": "input PopulateMultiparentInput {\n  name: String!\n  docNo: String!\n  parent: [PHID!] # multiple parents possible, tf an array\n  atlasType: AtlasType! ###\n  content: String\n  masterStatus: Status!\n  globalTags: [GlobalTag!]\n  references: [PHID!]\n  provenance: URL\n  notionId: String\n}\n\nenum AtlasType {\nANNOTATION\nNEEDED_RESEARCH \n}\n\nenum Status {\n  PLACEHOLDER\n  PROVISIONAL\n  APPROVED\n  DEFERRED\n  ARCHIVED\n}\n\nenum GlobalTag {\n  SCOPE_ADVISOR_\n  AVC_\n  CAIS_\n  ML___LOW_PRIORITY_\n  EXTERNAL_REFERENCE_\n  DAO_TOOLKIT_\n  ML___DEFER_\n  PURPOSE_SYSTEM_\n  NEWCHAIN_\n  ML___SUPPORT_DOCS_NEEDED_\n  TWO_STAGE_BRIDGE_\n  ECOSYSTEM_INTELLIGENCE_\n  RECURSIVE_IMPROVEMENT_\n  LEGACY_TERM___USE_APPROVED_\n}"
      },
      "scope": "global",
      "id": "b13efcc0-6abf-4330-8cec-65a51ccfe1b1",
      "index": 65,
      "timestamp": "2024-12-17T11:09:09.054Z",
      "hash": "rxiEiqX3PJBAwGHFHJEColRkor8=",
      "skip": 0
    }
  ],
  "local": []
}