{
  "global": [
    {
      "type": "SET_MODEL_NAME",
      "input": {
        "name": "OriginalContextData"
      },
      "scope": "global",
      "id": "d12e5894-fc9e-41d0-a109-0556ab71849f",
      "index": 0,
      "timestamp": "2024-12-13T08:34:22.337Z",
      "hash": "nOwz4/cRXmVLZwhAWs2uqb5aQkQ=",
      "skip": 0
    },
    {
      "type": "SET_STATE_SCHEMA",
      "input": {
        "schema": "type OriginalContextDataState {\n  \"Add your global state fields here\"\n  _placeholder: String\n}",
        "scope": "global"
      },
      "scope": "global",
      "id": "0aacc6af-4556-4049-bb2b-81c4da06bed5",
      "index": 1,
      "timestamp": "2024-12-13T08:34:22.363Z",
      "hash": "ASGXFZF1QbVO/D3jD6rYNG8WPO8=",
      "skip": 0
    },
    {
      "type": "SET_MODEL_ID",
      "input": {
        "id": "sky/atlas-OriginalContextData"
      },
      "scope": "global",
      "id": "6d405f2e-148a-46d9-abaf-9a670265cd2e",
      "index": 2,
      "timestamp": "2024-12-13T08:34:32.566Z",
      "hash": "bZxy0gL7/JyeDMStRnHVee1nFzw=",
      "skip": 0
    },
    {
      "type": "SET_MODEL_NAME",
      "input": {
        "name": "AtlasOriginalContextData"
      },
      "scope": "global",
      "id": "40282207-2138-42ad-864e-30fc9ed36d37",
      "index": 3,
      "timestamp": "2024-12-13T08:34:35.657Z",
      "hash": "rEeTDBRZc6TJklcCCxOH1L5IHEs=",
      "skip": 0
    },
    {
      "type": "SET_STATE_SCHEMA",
      "input": {
        "schema": "type AtlasOriginalContextDataState {\n  \"Add your global state fields here\"\n  _placeholder: String\n}",
        "scope": "global"
      },
      "scope": "global",
      "id": "69cd5fd3-8489-4f03-84ff-df30c42e221d",
      "index": 4,
      "timestamp": "2024-12-13T08:34:35.659Z",
      "hash": "7Z6i91+bWvfTJgtxJKpTxPcxLG4=",
      "skip": 0
    },
    {
      "type": "SET_STATE_SCHEMA",
      "input": {
        "schema": "type AtlasOriginalContextDataState {\n  \"Add your global state fields here\"\n  _placeholder: String\n}",
        "scope": "global"
      },
      "scope": "global",
      "id": "880004a3-b40e-411a-9dda-017f94bd6cea",
      "index": 5,
      "timestamp": "2024-12-13T08:34:35.659Z",
      "hash": "7Z6i91+bWvfTJgtxJKpTxPcxLG4=",
      "skip": 0
    },
    {
      "type": "SET_INITIAL_STATE",
      "input": {
        "initialValue": "{\n  \"_placeholder\": \"\"\n}",
        "scope": "global"
      },
      "scope": "global",
      "id": "14656f20-c1ec-43cf-acd6-edeaf8497d55",
      "index": 6,
      "timestamp": "2024-12-13T08:34:37.216Z",
      "hash": "AiZgOoZAwDhqskUGCPP9GSdlpZo=",
      "skip": 0
    },
    {
      "type": "SET_INITIAL_STATE",
      "input": {
        "initialValue": "input UpdateOriginalContextData {",
        "scope": "global"
      },
      "scope": "global",
      "id": "2ac67130-4768-4352-92ad-368540afb544",
      "index": 7,
      "timestamp": "2024-12-13T08:34:54.830Z",
      "hash": "9gA9jc+Mm+HL4BrITDADktgEmmU=",
      "skip": 0
    },
    {
      "type": "SET_INITIAL_STATE",
      "input": {
        "initialValue": "input UpdateOriginalContextData {\n\n  ",
        "scope": "global"
      },
      "scope": "global",
      "id": "a0078eb7-7f6b-4580-926d-d0671e30b095",
      "index": 8,
      "timestamp": "2024-12-13T08:34:56.601Z",
      "hash": "gIdeQjyomFxCZuqCDPlT51UJ4FI=",
      "skip": 0
    },
    {
      "type": "SET_INITIAL_STATE",
      "input": {
        "initialValue": "input UpdateOriginalContextData {\n name: String\n  content: String\n  masterStatus: [Status!]!\n  globalTags: [String]\n  references: [PHID!]!\n}\n  ",
        "scope": "global"
      },
      "scope": "global",
      "id": "809b3254-0e24-409a-9f0a-c2cc90567e5a",
      "index": 9,
      "timestamp": "2024-12-13T08:35:00.222Z",
      "hash": "1edpmPYA4eTHXj2q5Wk7yDvT3WQ=",
      "skip": 0
    },
    {
      "type": "ADD_MODULE",
      "input": {
        "id": "Kd5bvSXXJldItEKGTjjM/Rcesw0=",
        "name": "context"
      },
      "scope": "global",
      "id": "9ea075cc-976b-44f6-a34c-5d4670ab5f74",
      "index": 10,
      "timestamp": "2024-12-13T08:35:19.994Z",
      "hash": "5L2V1u/JgttT4L1RuIUJf6CFxhY=",
      "skip": 0
    },
    {
      "type": "ADD_OPERATION",
      "input": {
        "id": "yX+sfenAZYBQIuz3HzkGj6v8pVg=",
        "moduleId": "Kd5bvSXXJldItEKGTjjM/Rcesw0=",
        "name": "UPDATE_CONTEXT"
      },
      "scope": "global",
      "id": "a6615bed-ea09-4f8a-a161-859c30b20b0a",
      "index": 11,
      "timestamp": "2024-12-13T08:35:37.060Z",
      "hash": "EG2s3ApXb37cDwmKiDQcxzbP/Nk=",
      "skip": 0
    },
    {
      "type": "SET_OPERATION_SCHEMA",
      "input": {
        "id": "yX+sfenAZYBQIuz3HzkGj6v8pVg=",
        "schema": "input UpdateContextInput {\n  \"Add your inputs here\"\n  _placeholder: String\n}"
      },
      "scope": "global",
      "id": "65734409-46ac-4511-961e-7fa5e89442cb",
      "index": 12,
      "timestamp": "2024-12-13T08:35:37.083Z",
      "hash": "ffC1As7bUsa7UzoLxcnkeG2kkFY=",
      "skip": 0
    },
    {
      "type": "SET_OPERATION_SCHEMA",
      "input": {
        "id": "yX+sfenAZYBQIuz3HzkGj6v8pVg=",
        "schema": "input UpdateOriginalContextData {\n name: String\n  content: String\n  masterStatus: [Status!]!\n  globalTags: [String]\n  references: [PHID!]!\n}"
      },
      "scope": "global",
      "id": "c8334e63-4c75-4422-98bc-ca1091153e5a",
      "index": 13,
      "timestamp": "2024-12-13T08:35:39.734Z",
      "hash": "AeqxhGRnJSGVsFq0He6dX1ug1tw=",
      "skip": 0
    },
    {
      "type": "SET_STATE_SCHEMA",
      "input": {
        "schema": "type OriginalContextDataState {\n\n  name: String\n  docNo: String\n  type: AtlasType!\n  parent: PHID! \n  content: String\n  masterStatus: Status! # \n  globalTags: [GlobalTag!]!\n  references: [PHID!]!\n  provenance: URL\n  notionId: String # verify if this can be changed to UUID type\n}\n\n \nenum AtlasType {\nARTICLE\nSECTION\nCORE\nACTIVE_DATA_CONTROLLER\nTENET\nORIGINAL_CONTEXT_DATA\nACTIVE_DATA\n}\n\n\nenum Status {\n  PLACEHOLDER\n  PROVISIONAL # enables ecosystem participants to interact with the material in a practical context, resulting in valuable feedback or other data concerning the Document's appropriateness.\n  APPROVED # material instance can be integrated into the Atlas\n  DEFERRED\n  ARCHIVED\n  \n}\n\nenum GlobalTag {\n    SCOPE_ADVISOR_,\n    AVC_,\n    CAIS_,\n    ML___LOW_PRIORITY_,\n    EXTERNAL_REFERENCE_,\n    DAO_TOOLKIT_,\n    ML___DEFER_,\n    PURPOSE_SYSTEM_,\n    NEWCHAIN_,\n    ML___SUPPORT._DOCS_NEEDED_,\n    TWO_STAGE_BRIDGE_,\n    ECOSYSTEM_INTELLIGENCE_,\n    RECURSIVE_IMPROVEMENT_,\n    LEGACY_TERM___USE_APPROVED_,\n}",
        "scope": "global"
      },
      "scope": "global",
      "id": "c4131b54-87b9-4062-b92a-0bc480863a92",
      "index": 14,
      "timestamp": "2024-12-13T08:35:53.168Z",
      "hash": "TEtK7TsiRyNXPeacFMSv8Aa6aIw=",
      "skip": 0
    },
    {
      "type": "SET_STATE_SCHEMA",
      "input": {
        "schema": "type OriginalContextDataState {\n\n  name: String\n  docNo: String\n  parent: PHID! \n  content: String\n  masterStatus: Status! # \n  globalTags: [GlobalTag!]!\n  references: [PHID!]!\n  provenance: URL\n  notionId: String # verify if this can be changed to UUID type\n}\n\n \nenum AtlasType {\nARTICLE\nSECTION\nCORE\nACTIVE_DATA_CONTROLLER\nTENET\nORIGINAL_CONTEXT_DATA\nACTIVE_DATA\n}\n\n\nenum Status {\n  PLACEHOLDER\n  PROVISIONAL # enables ecosystem participants to interact with the material in a practical context, resulting in valuable feedback or other data concerning the Document's appropriateness.\n  APPROVED # material instance can be integrated into the Atlas\n  DEFERRED\n  ARCHIVED\n  \n}\n\nenum GlobalTag {\n    SCOPE_ADVISOR_,\n    AVC_,\n    CAIS_,\n    ML___LOW_PRIORITY_,\n    EXTERNAL_REFERENCE_,\n    DAO_TOOLKIT_,\n    ML___DEFER_,\n    PURPOSE_SYSTEM_,\n    NEWCHAIN_,\n    ML___SUPPORT._DOCS_NEEDED_,\n    TWO_STAGE_BRIDGE_,\n    ECOSYSTEM_INTELLIGENCE_,\n    RECURSIVE_IMPROVEMENT_,\n    LEGACY_TERM___USE_APPROVED_,\n}",
        "scope": "global"
      },
      "scope": "global",
      "id": "8c24e99b-1e4e-4986-8a8a-a5c1af973925",
      "index": 15,
      "timestamp": "2024-12-13T08:35:59.086Z",
      "hash": "cD+l4nkIHAiiI6zlxilXE/zsbEg=",
      "skip": 0
    },
    {
      "type": "SET_STATE_SCHEMA",
      "input": {
        "schema": "type OriginalContextDataState {\n\n  name: String\n  docNo: String\n  parent: PHID! \n  content: String\n  masterStatus: Status! # \n  globalTags: [GlobalTag!]!\n  references: [PHID!]!\n  provenance: URL\n  notionId: String # verify if this can be changed to UUID type\n}\n\n\n\nenum Status {\n  PLACEHOLDER\n  PROVISIONAL # enables ecosystem participants to interact with the material in a practical context, resulting in valuable feedback or other data concerning the Document's appropriateness.\n  APPROVED # material instance can be integrated into the Atlas\n  DEFERRED\n  ARCHIVED\n  \n}\n\nenum GlobalTag {\n    SCOPE_ADVISOR_,\n    AVC_,\n    CAIS_,\n    ML___LOW_PRIORITY_,\n    EXTERNAL_REFERENCE_,\n    DAO_TOOLKIT_,\n    ML___DEFER_,\n    PURPOSE_SYSTEM_,\n    NEWCHAIN_,\n    ML___SUPPORT._DOCS_NEEDED_,\n    TWO_STAGE_BRIDGE_,\n    ECOSYSTEM_INTELLIGENCE_,\n    RECURSIVE_IMPROVEMENT_,\n    LEGACY_TERM___USE_APPROVED_,\n}",
        "scope": "global"
      },
      "scope": "global",
      "id": "6ec325ed-8f7d-40f1-a1c6-d566cb7c2070",
      "index": 16,
      "timestamp": "2024-12-13T08:36:01.357Z",
      "hash": "Mqyqs1aNsF/yXrLogDe6taqWCig=",
      "skip": 0
    },
    {
      "type": "SET_STATE_SCHEMA",
      "input": {
        "schema": "type OriginalContextDataState {\n\n  name: String\n  docNo: String\n  parent: PHID! \n  content: String\n  masterStatus: Status! # \n  globalTags: [GlobalTag!]!\n  references: [PHID!]!\n  provenance: URL\n  notionId: String # verify if this can be changed to UUID type\n}\nenum Status {\n  PLACEHOLDER\n  PROVISIONAL # enables ecosystem participants to interact with the material in a practical context, resulting in valuable feedback or other data concerning the Document's appropriateness.\n  APPROVED # material instance can be integrated into the Atlas\n  DEFERRED\n  ARCHIVED\n  \n}\n\nenum GlobalTag {\n    SCOPE_ADVISOR_,\n    AVC_,\n    CAIS_,\n    ML___LOW_PRIORITY_,\n    EXTERNAL_REFERENCE_,\n    DAO_TOOLKIT_,\n    ML___DEFER_,\n    PURPOSE_SYSTEM_,\n    NEWCHAIN_,\n    ML___SUPPORT._DOCS_NEEDED_,\n    TWO_STAGE_BRIDGE_,\n    ECOSYSTEM_INTELLIGENCE_,\n    RECURSIVE_IMPROVEMENT_,\n    LEGACY_TERM___USE_APPROVED_,\n}",
        "scope": "global"
      },
      "scope": "global",
      "id": "f1a05026-63d0-415b-8db9-1d37be8a04ed",
      "index": 17,
      "timestamp": "2024-12-13T08:36:02.661Z",
      "hash": "tWrKiDkDoAxvRtpoSRHW1s3GrG4=",
      "skip": 0
    },
    {
      "type": "SET_STATE_SCHEMA",
      "input": {
        "schema": "type OriginalContextDataState {\n\n  name: String\n  docNo: String\n  parent: PHID! \n  content: String\n  masterStatus: Status! # \n  globalTags: [GlobalTag!]!\n  references: [PHID!]!\n  provenance: URL\n  notionId: String # verify if this can be changed to UUID type\n}\nenum Status {\n  PLACEHOLDER\n  PROVISIONAL # enables ecosystem participants to interact with the material in a practical context, resulting in valuable feedback or other data concerning the Document's appropriateness.\n  APPROVED # material instance can be integrated into the Atlas\n  DEFERRED\n  ARCHIVED\n  \n}\n\nenum GlobalTag {\n    SCOPE_ADVISOR_,\n    AVC_,\n    CAIS_,\n    ML___LOW_PRIORITY_,\n    EXTERNAL_REFERENCE_,\n    DAO_TOOLKIT_,\n    ML___DEFER_,\n    PURPOSE_SYSTEM_,\n    NEWCHAIN_,\n    ML___SUPPORT_DOCS_NEEDED_,\n    TWO_STAGE_BRIDGE_,\n    ECOSYSTEM_INTELLIGENCE_,\n    RECURSIVE_IMPROVEMENT_,\n    LEGACY_TERM___USE_APPROVED_,\n}",
        "scope": "global"
      },
      "scope": "global",
      "id": "5166d417-8f34-41a2-85af-6901dd9802d5",
      "index": 18,
      "timestamp": "2024-12-13T08:36:06.011Z",
      "hash": "qOqSrRDEZWhXQe2/UZKd3C7Rt9Q=",
      "skip": 0
    },
    {
      "type": "SET_STATE_SCHEMA",
      "input": {
        "schema": "type aTLASOriginalContextDataState {\n\n  name: String\n  docNo: String\n  parent: PHID! \n  content: String\n  masterStatus: Status! # \n  globalTags: [GlobalTag!]!\n  references: [PHID!]!\n  provenance: URL\n  notionId: String # verify if this can be changed to UUID type\n}\nenum Status {\n  PLACEHOLDER\n  PROVISIONAL # enables ecosystem participants to interact with the material in a practical context, resulting in valuable feedback or other data concerning the Document's appropriateness.\n  APPROVED # material instance can be integrated into the Atlas\n  DEFERRED\n  ARCHIVED\n  \n}\n\nenum GlobalTag {\n    SCOPE_ADVISOR_,\n    AVC_,\n    CAIS_,\n    ML___LOW_PRIORITY_,\n    EXTERNAL_REFERENCE_,\n    DAO_TOOLKIT_,\n    ML___DEFER_,\n    PURPOSE_SYSTEM_,\n    NEWCHAIN_,\n    ML___SUPPORT_DOCS_NEEDED_,\n    TWO_STAGE_BRIDGE_,\n    ECOSYSTEM_INTELLIGENCE_,\n    RECURSIVE_IMPROVEMENT_,\n    LEGACY_TERM___USE_APPROVED_,\n}",
        "scope": "global"
      },
      "scope": "global",
      "id": "daf813e8-a88b-47fb-af9c-af0de9bdf35f",
      "index": 19,
      "timestamp": "2024-12-13T08:36:13.511Z",
      "hash": "l9bFpEE506i6yIL+x9qOTmB7cBE=",
      "skip": 0
    },
    {
      "type": "SET_STATE_SCHEMA",
      "input": {
        "schema": "type AtlasOriginalContextDataState {\n\n  name: String\n  docNo: String\n  parent: PHID! \n  content: String\n  masterStatus: Status! # \n  globalTags: [GlobalTag!]!\n  references: [PHID!]!\n  provenance: URL\n  notionId: String # verify if this can be changed to UUID type\n}\nenum Status {\n  PLACEHOLDER\n  PROVISIONAL # enables ecosystem participants to interact with the material in a practical context, resulting in valuable feedback or other data concerning the Document's appropriateness.\n  APPROVED # material instance can be integrated into the Atlas\n  DEFERRED\n  ARCHIVED\n  \n}\n\nenum GlobalTag {\n    SCOPE_ADVISOR_,\n    AVC_,\n    CAIS_,\n    ML___LOW_PRIORITY_,\n    EXTERNAL_REFERENCE_,\n    DAO_TOOLKIT_,\n    ML___DEFER_,\n    PURPOSE_SYSTEM_,\n    NEWCHAIN_,\n    ML___SUPPORT_DOCS_NEEDED_,\n    TWO_STAGE_BRIDGE_,\n    ECOSYSTEM_INTELLIGENCE_,\n    RECURSIVE_IMPROVEMENT_,\n    LEGACY_TERM___USE_APPROVED_,\n}",
        "scope": "global"
      },
      "scope": "global",
      "id": "a7fa5976-0f61-4ade-a1b6-a5271c6ff781",
      "index": 20,
      "timestamp": "2024-12-13T08:36:15.867Z",
      "hash": "wsXCbbpza2BMmZqzYh1ZTL3x9kM=",
      "skip": 0
    },
    {
      "type": "SET_STATE_SCHEMA",
      "input": {
        "schema": "type OriginalContextDataState {\n\n  name: String\n  docNo: String\n  parent: PHID! \n  content: String\n  masterStatus: Status! # \n  globalTags: [GlobalTag!]!\n  references: [PHID!]!\n  provenance: URL\n  notionId: String # verify if this can be changed to UUID type\n}\nenum Status {\n  PLACEHOLDER\n  PROVISIONAL # enables ecosystem participants to interact with the material in a practical context, resulting in valuable feedback or other data concerning the Document's appropriateness.\n  APPROVED # material instance can be integrated into the Atlas\n  DEFERRED\n  ARCHIVED\n  \n}\n\nenum GlobalTag {\n    SCOPE_ADVISOR_,\n    AVC_,\n    CAIS_,\n    ML___LOW_PRIORITY_,\n    EXTERNAL_REFERENCE_,\n    DAO_TOOLKIT_,\n    ML___DEFER_,\n    PURPOSE_SYSTEM_,\n    NEWCHAIN_,\n    ML___SUPPORT_DOCS_NEEDED_,\n    TWO_STAGE_BRIDGE_,\n    ECOSYSTEM_INTELLIGENCE_,\n    RECURSIVE_IMPROVEMENT_,\n    LEGACY_TERM___USE_APPROVED_,\n}",
        "scope": "global"
      },
      "scope": "global",
      "id": "73dec8e2-4c89-409c-92c9-1b429637474d",
      "index": 21,
      "timestamp": "2024-12-13T08:36:30.853Z",
      "hash": "qOqSrRDEZWhXQe2/UZKd3C7Rt9Q=",
      "skip": 0
    }
  ],
  "local": []
}