{
  "global": [
    {
      "type": "SET_MODEL_NAME",
      "input": {
        "name": "NeededResearch"
      },
      "scope": "global",
      "id": "2f5a2ee5-8774-4df5-a28b-9bca56f24cb9",
      "index": 0,
      "timestamp": "2024-12-13T08:47:37.845Z",
      "hash": "yrAni7dxv0cTJ9ynRQj6RDBE+LY=",
      "skip": 0
    },
    {
      "type": "SET_STATE_SCHEMA",
      "input": {
        "schema": "type NeededResearchState {\n  \"Add your global state fields here\"\n  _placeholder: String\n}",
        "scope": "global"
      },
      "scope": "global",
      "id": "8b065590-c120-42af-823e-5730a12f9dcf",
      "index": 1,
      "timestamp": "2024-12-13T08:47:37.845Z",
      "hash": "a3TX83hiyM9NtKa3CYJLwJcZcEU=",
      "skip": 0
    },
    {
      "type": "SET_MODEL_NAME",
      "input": {
        "name": "AtlasNeededResearch"
      },
      "scope": "global",
      "id": "046b89d7-a62a-44bd-af85-b746afb7b7e1",
      "index": 2,
      "timestamp": "2024-12-13T08:47:41.100Z",
      "hash": "kkbKPeqA+0hXPe1IoJjiOTwNzbs=",
      "skip": 0
    },
    {
      "type": "SET_STATE_SCHEMA",
      "input": {
        "schema": "type AtlasNeededResearchState {\n  \"Add your global state fields here\"\n  _placeholder: String\n}",
        "scope": "global"
      },
      "scope": "global",
      "id": "cba7e10d-bda6-45a4-99d6-95a84d2e93f4",
      "index": 3,
      "timestamp": "2024-12-13T08:47:41.101Z",
      "hash": "tqRzQVlPyuJRMvpHMOtrUj/BtVk=",
      "skip": 0
    },
    {
      "type": "SET_STATE_SCHEMA",
      "input": {
        "schema": "type AtlasNeededResearchState {\n  \"Add your global state fields here\"\n  _placeholder: String\n}",
        "scope": "global"
      },
      "scope": "global",
      "id": "06de190e-e2f8-4343-b299-f970bb65a07c",
      "index": 4,
      "timestamp": "2024-12-13T08:47:41.101Z",
      "hash": "tqRzQVlPyuJRMvpHMOtrUj/BtVk=",
      "skip": 0
    },
    {
      "type": "SET_MODEL_ID",
      "input": {
        "id": "sky/atlas-neededresearch"
      },
      "scope": "global",
      "id": "e259051f-c978-4a77-afab-40985db36098",
      "index": 5,
      "timestamp": "2024-12-13T08:47:50.902Z",
      "hash": "MAqnUWuqkXZwl5Hx5yeIwkxdj0g=",
      "skip": 0
    },
    {
      "type": "SET_STATE_SCHEMA",
      "input": {
        "schema": "type AtlasNeededResearchState {\n    name: String! #\n  docNo: String! \n  parent: PHID! # \n  content: String\n  masterStatus: Status! # \n  globalTags: [GlobalTag!]!\n  references: [PHID!]!\n  provenance: URL\n  notionId: String # verify if this can be changed to UUID type\n  drafterCommentary: String\n\taaCommentary: String\n}",
        "scope": "global"
      },
      "scope": "global",
      "id": "dc98ea86-f9b3-4580-8152-f047a7256271",
      "index": 6,
      "timestamp": "2024-12-13T08:47:59.454Z",
      "hash": "plLYiBVDG0PI4L90l1Cq/EZsjLg=",
      "skip": 0
    },
    {
      "type": "SET_STATE_SCHEMA",
      "input": {
        "schema": "type AtlasNeededResearchState {\n  name: String! #\n  docNo: String! \n  parent: PHID! # \n  content: String\n  masterStatus: Status! # \n  globalTags: [GlobalTag!]!\n  references: [PHID!]!\n  provenance: URL\n  notionId: String # verify if this can be changed to UUID type\n  drafterCommentary: String\n\taaCommentary: String\n}",
        "scope": "global"
      },
      "scope": "global",
      "id": "8543c39a-01ea-4c97-92f7-dda551cd0ad6",
      "index": 7,
      "timestamp": "2024-12-13T08:48:01.310Z",
      "hash": "Gn9me3HvMmlvFIn55h+awBCSIsk=",
      "skip": 0
    },
    {
      "type": "SET_STATE_SCHEMA",
      "input": {
        "schema": "type AtlasNeededResearchState {\n  name: String! #\n  docNo: String! \n  parent: PHID! # \n  content: String\n  masterStatus: Status! # \n  globalTags: [GlobalTag!]!\n  references: [PHID!]!\n  provenance: URL\n  notionId: String # verify if this can be changed to UUID type\n  drafterCommentary: String\n\taaCommentary: String\n}\n\nenum Status {\n  PLACEHOLDER\n  PROVISIONAL # enables ecosystem participants to interact with the material in a practical context, resulting in valuable feedback or other data concerning the Document's appropriateness.\n  APPROVED # material instance can be integrated into the Atlas\n  DEFERRED\n  ARCHIVED\n  \n}\n\nenum GlobalTag {\n    SCOPE_ADVISOR_,\n    RESEARCH_TRACK_, \n    GOVFAC_SH__COMMENTARY, \n    GOVSEC_REVIEW_NEEDED, \n    AVC_,\n    CAIS_,\n    ML___LOW_PRIORITY_,\n    EXTERNAL_REFERENCE_,\n    DAO_TOOLKIT_,\n    ML___DEFER_,\n    PURPOSE_SYSTEM_,\n    NEWCHAIN_,\n    ML___SUPPORT._DOCS_NEEDED_,\n    TWO_STAGE_BRIDGE_,\n    ECOSYSTEM_INTELLIGENCE_,\n    RECURSIVE_IMPROVEMENT_,\n    LEGACY_TERM___USE_APPROVED_,\n}",
        "scope": "global"
      },
      "scope": "global",
      "id": "cba357c7-045e-4fd7-ac63-d99670be44df",
      "index": 8,
      "timestamp": "2024-12-13T08:48:10.330Z",
      "hash": "ff6SPHoo9iNlo73HpOd5eqpWluk=",
      "skip": 0
    },
    {
      "type": "SET_STATE_SCHEMA",
      "input": {
        "schema": "type AtlasNeededResearchState {\n  name: String! #\n  docNo: String! \n  parent: PHID! # \n  content: String\n  masterStatus: Status! # \n  globalTags: [GlobalTag!]!\n  references: [PHID!]!\n  provenance: URL\n  notionId: String # verify if this can be changed to UUID type\n  drafterCommentary: String\naaCommentary: String\n}\n\nenum Status {\n  PLACEHOLDER\n  PROVISIONAL # enables ecosystem participants to interact with the material in a practical context, resulting in valuable feedback or other data concerning the Document's appropriateness.\n  APPROVED # material instance can be integrated into the Atlas\n  DEFERRED\n  ARCHIVED\n  \n}\n\nenum GlobalTag {\n    SCOPE_ADVISOR_,\n    RESEARCH_TRACK_, \n    GOVFAC_SH__COMMENTARY, \n    GOVSEC_REVIEW_NEEDED, \n    AVC_,\n    CAIS_,\n    ML___LOW_PRIORITY_,\n    EXTERNAL_REFERENCE_,\n    DAO_TOOLKIT_,\n    ML___DEFER_,\n    PURPOSE_SYSTEM_,\n    NEWCHAIN_,\n    ML___SUPPORT._DOCS_NEEDED_,\n    TWO_STAGE_BRIDGE_,\n    ECOSYSTEM_INTELLIGENCE_,\n    RECURSIVE_IMPROVEMENT_,\n    LEGACY_TERM___USE_APPROVED_,\n}",
        "scope": "global"
      },
      "scope": "global",
      "id": "5297783c-3dcd-4e4a-98b0-4763494850f0",
      "index": 9,
      "timestamp": "2024-12-13T08:48:13.870Z",
      "hash": "4ElMxbdMsV2JfY2+MgReK4rP8Nk=",
      "skip": 0
    },
    {
      "type": "SET_STATE_SCHEMA",
      "input": {
        "schema": "type AtlasNeededResearchState {\n  name: String! #\n  docNo: String! \n  parent: PHID! # \n  content: String\n  masterStatus: Status! # \n  globalTags: [GlobalTag!]!\n  references: [PHID!]!\n  provenance: URL\n  notionId: String # verify if this can be changed to UUID type\n  drafterCommentary: String\n aaCommentary: String\n}\n\nenum Status {\n  PLACEHOLDER\n  PROVISIONAL # enables ecosystem participants to interact with the material in a practical context, resulting in valuable feedback or other data concerning the Document's appropriateness.\n  APPROVED # material instance can be integrated into the Atlas\n  DEFERRED\n  ARCHIVED\n  \n}\n\nenum GlobalTag {\n    SCOPE_ADVISOR_,\n    RESEARCH_TRACK_, \n    GOVFAC_SH__COMMENTARY, \n    GOVSEC_REVIEW_NEEDED, \n    AVC_,\n    CAIS_,\n    ML___LOW_PRIORITY_,\n    EXTERNAL_REFERENCE_,\n    DAO_TOOLKIT_,\n    ML___DEFER_,\n    PURPOSE_SYSTEM_,\n    NEWCHAIN_,\n    ML___SUPPORT._DOCS_NEEDED_,\n    TWO_STAGE_BRIDGE_,\n    ECOSYSTEM_INTELLIGENCE_,\n    RECURSIVE_IMPROVEMENT_,\n    LEGACY_TERM___USE_APPROVED_,\n}",
        "scope": "global"
      },
      "scope": "global",
      "id": "8154ea01-f59f-4292-8438-d22a1808a565",
      "index": 10,
      "timestamp": "2024-12-13T08:48:14.977Z",
      "hash": "558xl7jKKKwL3ymDZbaiOcpXfOI=",
      "skip": 0
    },
    {
      "type": "SET_STATE_SCHEMA",
      "input": {
        "schema": "type AtlasNeededResearchState {\n  name: String! #\n  docNo: String! \n  parent: PHID! # \n  content: String\n  masterStatus: Status! # \n  globalTags: [GlobalTag!]!\n  references: [PHID!]!\n  provenance: URL\n  notionId: String # verify if this can be changed to UUID type\n  drafterCommentary: String\n  aaCommentary: String\n}\n\nenum Status {\n  PLACEHOLDER\n  PROVISIONAL # enables ecosystem participants to interact with the material in a practical context, resulting in valuable feedback or other data concerning the Document's appropriateness.\n  APPROVED # material instance can be integrated into the Atlas\n  DEFERRED\n  ARCHIVED\n  \n}\n\nenum GlobalTag {\n    SCOPE_ADVISOR_,\n    RESEARCH_TRACK_, \n    GOVFAC_SH__COMMENTARY, \n    GOVSEC_REVIEW_NEEDED, \n    AVC_,\n    CAIS_,\n    ML___LOW_PRIORITY_,\n    EXTERNAL_REFERENCE_,\n    DAO_TOOLKIT_,\n    ML___DEFER_,\n    PURPOSE_SYSTEM_,\n    NEWCHAIN_,\n    ML___SUPPORT._DOCS_NEEDED_,\n    TWO_STAGE_BRIDGE_,\n    ECOSYSTEM_INTELLIGENCE_,\n    RECURSIVE_IMPROVEMENT_,\n    LEGACY_TERM___USE_APPROVED_,\n}",
        "scope": "global"
      },
      "scope": "global",
      "id": "bd1ce7e3-8e7b-40ad-ae59-b910a5fdf5be",
      "index": 11,
      "timestamp": "2024-12-13T08:48:15.569Z",
      "hash": "Ss9ePKft0qrref+4ZDWFDeEiR/s=",
      "skip": 0
    },
    {
      "type": "SET_STATE_SCHEMA",
      "input": {
        "schema": "typeNeededResearchState {\n  name: String! #\n  docNo: String! \n  parent: PHID! # \n  content: String\n  masterStatus: Status! # \n  globalTags: [GlobalTag!]!\n  references: [PHID!]!\n  provenance: URL\n  notionId: String # verify if this can be changed to UUID type\n  drafterCommentary: String\n  aaCommentary: String\n}\n\nenum Status {\n  PLACEHOLDER\n  PROVISIONAL # enables ecosystem participants to interact with the material in a practical context, resulting in valuable feedback or other data concerning the Document's appropriateness.\n  APPROVED # material instance can be integrated into the Atlas\n  DEFERRED\n  ARCHIVED\n  \n}\n\nenum GlobalTag {\n    SCOPE_ADVISOR_,\n    RESEARCH_TRACK_, \n    GOVFAC_SH__COMMENTARY, \n    GOVSEC_REVIEW_NEEDED, \n    AVC_,\n    CAIS_,\n    ML___LOW_PRIORITY_,\n    EXTERNAL_REFERENCE_,\n    DAO_TOOLKIT_,\n    ML___DEFER_,\n    PURPOSE_SYSTEM_,\n    NEWCHAIN_,\n    ML___SUPPORT._DOCS_NEEDED_,\n    TWO_STAGE_BRIDGE_,\n    ECOSYSTEM_INTELLIGENCE_,\n    RECURSIVE_IMPROVEMENT_,\n    LEGACY_TERM___USE_APPROVED_,\n}",
        "scope": "global"
      },
      "scope": "global",
      "id": "f4626671-f8b6-46d7-9aee-8e998e6b9fb1",
      "index": 12,
      "timestamp": "2024-12-13T08:48:23.394Z",
      "hash": "GzJxYgiwoIKVGahqs+WhFIBB3CI=",
      "skip": 0
    },
    {
      "type": "SET_STATE_SCHEMA",
      "input": {
        "schema": "type NeededResearchState {\n  name: String! #\n  docNo: String! \n  parent: PHID! # \n  content: String\n  masterStatus: Status! # \n  globalTags: [GlobalTag!]!\n  references: [PHID!]!\n  provenance: URL\n  notionId: String # verify if this can be changed to UUID type\n  drafterCommentary: String\n  aaCommentary: String\n}\n\nenum Status {\n  PLACEHOLDER\n  PROVISIONAL # enables ecosystem participants to interact with the material in a practical context, resulting in valuable feedback or other data concerning the Document's appropriateness.\n  APPROVED # material instance can be integrated into the Atlas\n  DEFERRED\n  ARCHIVED\n  \n}\n\nenum GlobalTag {\n    SCOPE_ADVISOR_,\n    RESEARCH_TRACK_, \n    GOVFAC_SH__COMMENTARY, \n    GOVSEC_REVIEW_NEEDED, \n    AVC_,\n    CAIS_,\n    ML___LOW_PRIORITY_,\n    EXTERNAL_REFERENCE_,\n    DAO_TOOLKIT_,\n    ML___DEFER_,\n    PURPOSE_SYSTEM_,\n    NEWCHAIN_,\n    ML___SUPPORT._DOCS_NEEDED_,\n    TWO_STAGE_BRIDGE_,\n    ECOSYSTEM_INTELLIGENCE_,\n    RECURSIVE_IMPROVEMENT_,\n    LEGACY_TERM___USE_APPROVED_,\n}",
        "scope": "global"
      },
      "scope": "global",
      "id": "ee48caf8-2b90-4c60-9c40-1a7d566a4782",
      "index": 13,
      "timestamp": "2024-12-13T08:48:24.535Z",
      "hash": "BRjQRe/XfTwN4MlK//jYXWMoLzc=",
      "skip": 0
    },
    {
      "type": "SET_STATE_SCHEMA",
      "input": {
        "schema": "type NeededResearchState {\n  name: String! #\n  docNo: String! \n  parent: PHID! # \n  content: String\n  masterStatus: Status! # \n  globalTags: [GlobalTag!]!\n  references: [PHID!]!\n  provenance: URL\n  notionId: String # verify if this can be changed to UUID type\n  drafterCommentary: String\n  aaCommentary: String\n}\n\nenum Status {\n  PLACEHOLDER\n  PROVISIONAL # enables ecosystem participants to interact with the material in a practical context, resulting in valuable feedback or other data concerning the Document's appropriateness.\n  APPROVED # material instance can be integrated into the Atlas\n  DEFERRED\n  ARCHIVED\n  \n}\n\nenum GlobalTag {\n    SCOPE_ADVISOR_,\n    RESEARCH_TRACK_, \n    GOVFAC_SH__COMMENTARY, \n    GOVSEC_REVIEW_NEEDED, \n    AVC_,\n    CAIS_,\n    ML___LOW_PRIORITY_,\n    EXTERNAL_REFERENCE_,\n    DAO_TOOLKIT_,\n    ML___DEFER_,\n    PURPOSE_SYSTEM_,\n    NEWCHAIN_,\n    ML___SUPPORT_DOCS_NEEDED_,\n    TWO_STAGE_BRIDGE_,\n    ECOSYSTEM_INTELLIGENCE_,\n    RECURSIVE_IMPROVEMENT_,\n    LEGACY_TERM___USE_APPROVED_,\n}",
        "scope": "global"
      },
      "scope": "global",
      "id": "8fca899f-ddae-46b3-a508-096a97cce662",
      "index": 14,
      "timestamp": "2024-12-13T08:48:27.818Z",
      "hash": "8xNuieaonh0212vOO16MQC3qhBs=",
      "skip": 0
    },
    {
      "type": "SET_STATE_SCHEMA",
      "input": {
        "schema": "type AtlasNeededResearchState {\n  name: String! #\n  docNo: String! \n  parent: PHID! # \n  content: String\n  masterStatus: Status! # \n  globalTags: [GlobalTag!]!\n  references: [PHID!]!\n  provenance: URL\n  notionId: String # verify if this can be changed to UUID type\n  drafterCommentary: String\n  aaCommentary: String\n}\n\nenum Status {\n  PLACEHOLDER\n  PROVISIONAL # enables ecosystem participants to interact with the material in a practical context, resulting in valuable feedback or other data concerning the Document's appropriateness.\n  APPROVED # material instance can be integrated into the Atlas\n  DEFERRED\n  ARCHIVED\n  \n}\n\nenum GlobalTag {\n    SCOPE_ADVISOR_,\n    RESEARCH_TRACK_, \n    GOVFAC_SH__COMMENTARY, \n    GOVSEC_REVIEW_NEEDED, \n    AVC_,\n    CAIS_,\n    ML___LOW_PRIORITY_,\n    EXTERNAL_REFERENCE_,\n    DAO_TOOLKIT_,\n    ML___DEFER_,\n    PURPOSE_SYSTEM_,\n    NEWCHAIN_,\n    ML___SUPPORT_DOCS_NEEDED_,\n    TWO_STAGE_BRIDGE_,\n    ECOSYSTEM_INTELLIGENCE_,\n    RECURSIVE_IMPROVEMENT_,\n    LEGACY_TERM___USE_APPROVED_,\n}",
        "scope": "global"
      },
      "scope": "global",
      "id": "279b583c-0671-4430-a766-f4ec33647a0d",
      "index": 15,
      "timestamp": "2024-12-13T08:48:32.064Z",
      "hash": "wRebCAkXeJOXbCIMO4ovL2/VrUI=",
      "skip": 0
    },
    {
      "type": "SET_INITIAL_STATE",
      "input": {
        "initialValue": "{\n  \"name\": \"\",\n  \"docNo\": \"\",\n  \"parent\": \"\",\n  \"content\": \"\",\n  \"masterStatus\": \"PLACEHOLDER\",\n  \"globalTags\": [],\n  \"references\": [],\n  \"provenance\": \"\",\n  \"notionId\": \"\",\n  \"drafterCommentary\": \"\",\n  \"aaCommentary\": \"\"\n}",
        "scope": "global"
      },
      "scope": "global",
      "id": "ad5fa452-a318-421b-b7c1-02aad673dce4",
      "index": 16,
      "timestamp": "2024-12-13T08:48:32.475Z",
      "hash": "F2Pk7G2QLeZ3ervoZVOvUO9Zrm4=",
      "skip": 0
    },
    {
      "type": "ADD_MODULE",
      "input": {
        "id": "HjwVRq3i9kcCGvfzo9FWkApsKH4=",
        "name": "reserarch"
      },
      "scope": "global",
      "id": "1dee0380-0259-4ca7-a055-e398293cdb54",
      "index": 17,
      "timestamp": "2024-12-13T08:48:43.870Z",
      "hash": "DL9nWwx+OwQbNYqrFsybuNP/keU=",
      "skip": 0
    },
    {
      "type": "ADD_OPERATION",
      "input": {
        "id": "x/l0aU7acj4KXtwN6B/aG5h2QvM=",
        "moduleId": "HjwVRq3i9kcCGvfzo9FWkApsKH4=",
        "name": "UPDATE_NEEDED_RESEARCH"
      },
      "scope": "global",
      "id": "226f26c5-dd47-4805-8595-860ab362d2ef",
      "index": 18,
      "timestamp": "2024-12-13T08:48:52.682Z",
      "hash": "9kxZyEOa1L0uiq/oN32E7stdR/0=",
      "skip": 0
    },
    {
      "type": "SET_OPERATION_SCHEMA",
      "input": {
        "id": "x/l0aU7acj4KXtwN6B/aG5h2QvM=",
        "schema": "input UpdateNeededResearchInput {\n  \"Add your inputs here\"\n  _placeholder: String\n}"
      },
      "scope": "global",
      "id": "97a92a08-4eb1-4149-8240-107e10e5df3d",
      "index": 19,
      "timestamp": "2024-12-13T08:48:52.698Z",
      "hash": "ABh7xUBiH6H5B9twnKpOvt8NeQ4=",
      "skip": 0
    },
    {
      "type": "SET_OPERATION_SCHEMA",
      "input": {
        "id": "x/l0aU7acj4KXtwN6B/aG5h2QvM=",
        "schema": "input UpdateNeededResearch {\n  id: OID!\n  name: String\n  docNo: String\n  researchPrompt: String\n  drafterCommentary: String\n  aaCommentary: String\n  globalTags: [String]\n  internalLink: String\n  masterStatus: MasterStatusInput\n  provenance: String\n}\n"
      },
      "scope": "global",
      "id": "a61ed8e7-d926-41e1-ae0b-f937c84b5013",
      "index": 20,
      "timestamp": "2024-12-13T08:48:55.442Z",
      "hash": "Q4Fpxeu3DEyR6z5zSq0V/06FksI=",
      "skip": 0
    },
    {
      "type": "SET_OPERATION_SCHEMA",
      "input": {
        "id": "x/l0aU7acj4KXtwN6B/aG5h2QvM=",
        "schema": "input UpdateNeededResearch {\n   name: String\n   parent: [PHID!]! # can have multiple parents\n  content: String\n  masterStatus: [Status!]!\n  globalTags: [String]\n  references: [PHID!]!\n}\n"
      },
      "scope": "global",
      "id": "c8bf91d1-4e92-42b2-9468-b04eecb802dc",
      "index": 21,
      "timestamp": "2024-12-13T08:49:06.070Z",
      "hash": "WBp2H+roVoTJfbqtN1NMgXrYoqA=",
      "skip": 0
    },
    {
      "type": "SET_OPERATION_SCHEMA",
      "input": {
        "id": "x/l0aU7acj4KXtwN6B/aG5h2QvM=",
        "schema": "input UpdateNeededResearch {\n   name: String\n   parent: [PHID!]! # can have multiple parents\n  content: String\n  masterStatus: [Status!]!\n  globalTags: [String]\n  references: [PHID!]!\n   drafterCommentary: String\n  aaCommentary: String\n}\n"
      },
      "scope": "global",
      "id": "7c5816bf-07d1-4e35-8969-3cbeea5adc26",
      "index": 22,
      "timestamp": "2024-12-13T08:49:13.676Z",
      "hash": "rsap36Cd/BT7QFEjr6vTCiVC/gQ=",
      "skip": 0
    },
    {
      "type": "SET_OPERATION_SCHEMA",
      "input": {
        "id": "x/l0aU7acj4KXtwN6B/aG5h2QvM=",
        "schema": "input UpdateNeededResearch {\n   name: String\n   parent: [PHID!]! # can have multiple parents\n  content: String\n  masterStatus: [Status!]!\n  globalTags: [String]\n  references: [PHID!]!\n  drafterCommentary: String\n  aaCommentary: String\n}\n"
      },
      "scope": "global",
      "id": "0d6ba49e-ebfe-4dfb-9b66-283ebe5a5352",
      "index": 23,
      "timestamp": "2024-12-13T08:49:15.095Z",
      "hash": "ebidJDbveAA1JRjVDk6aG88mDvU=",
      "skip": 0
    },
    {
      "type": "SET_OPERATION_SCHEMA",
      "input": {
        "id": "x/l0aU7acj4KXtwN6B/aG5h2QvM=",
        "schema": "input UpdateNeededResearchiNPUT {\n   name: String\n   parent: [PHID!]! # can have multiple parents\n  content: String\n  masterStatus: [Status!]!\n  globalTags: [String]\n  references: [PHID!]!\n  drafterCommentary: String\n  aaCommentary: String\n}\n"
      },
      "scope": "global",
      "id": "ffc44fa0-afc3-47a1-957d-b8f0865779e5",
      "index": 24,
      "timestamp": "2024-12-13T08:49:19.089Z",
      "hash": "LJQgSEahDJY6z8bjmydgX0GA9n0=",
      "skip": 0
    },
    {
      "type": "SET_OPERATION_SCHEMA",
      "input": {
        "id": "x/l0aU7acj4KXtwN6B/aG5h2QvM=",
        "schema": "input UpdateNeededResearch {\n   name: String\n   parent: [PHID!]! # can have multiple parents\n  content: String\n  masterStatus: [Status!]!\n  globalTags: [String]\n  references: [PHID!]!\n  drafterCommentary: String\n  aaCommentary: String\n}\n"
      },
      "scope": "global",
      "id": "d0fc1def-c7ed-4244-8782-048bfe50874f",
      "index": 25,
      "timestamp": "2024-12-13T08:49:20.859Z",
      "hash": "ebidJDbveAA1JRjVDk6aG88mDvU=",
      "skip": 0
    },
    {
      "type": "SET_OPERATION_SCHEMA",
      "input": {
        "id": "x/l0aU7acj4KXtwN6B/aG5h2QvM=",
        "schema": "input UpdateNeededResearchnput {\n   name: String\n   parent: [PHID!]! # can have multiple parents\n  content: String\n  masterStatus: [Status!]!\n  globalTags: [String]\n  references: [PHID!]!\n  drafterCommentary: String\n  aaCommentary: String\n}\n"
      },
      "scope": "global",
      "id": "0438e79b-6c9f-4273-8c6e-72361c5830ce",
      "index": 26,
      "timestamp": "2024-12-13T08:49:22.566Z",
      "hash": "MbOqacFIuWTYdpX/ftd+698A/Us=",
      "skip": 0
    },
    {
      "type": "SET_OPERATION_SCHEMA",
      "input": {
        "id": "x/l0aU7acj4KXtwN6B/aG5h2QvM=",
        "schema": "input UpdateNeededResearch {\n   name: String\n   parent: [PHID!]! # can have multiple parents\n  content: String\n  masterStatus: [Status!]!\n  globalTags: [String]\n  references: [PHID!]!\n  drafterCommentary: String\n  aaCommentary: String\n}\n"
      },
      "scope": "global",
      "id": "6efab65b-813e-40e1-b495-4812210ce959",
      "index": 27,
      "timestamp": "2024-12-13T08:49:24.361Z",
      "hash": "ebidJDbveAA1JRjVDk6aG88mDvU=",
      "skip": 0
    },
    {
      "type": "SET_OPERATION_SCHEMA",
      "input": {
        "id": "x/l0aU7acj4KXtwN6B/aG5h2QvM=",
        "schema": "input UpdateNeededResearchInput {\n   name: String\n   parent: [PHID!]! # can have multiple parents\n  content: String\n  masterStatus: [Status!]!\n  globalTags: [String]\n  references: [PHID!]!\n  drafterCommentary: String\n  aaCommentary: String\n}\n"
      },
      "scope": "global",
      "id": "62e67308-4d8a-40c1-82ba-1838163359e0",
      "index": 28,
      "timestamp": "2024-12-13T08:49:26.041Z",
      "hash": "NQk7Ja9guhZeL5bSwNksz5GiLDo=",
      "skip": 0
    }
  ],
  "local": []
}