{
  "global": [
    {
      "type": "SET_MODEL_NAME",
      "input": {
        "name": "AtlasScope"
      },
      "scope": "global",
      "id": "6764e1bd-2ef6-476a-aecd-0c66c3e22239",
      "index": 0,
      "timestamp": "2024-11-28T09:00:25.799Z",
      "hash": "Cznq6aAA+bs9o/xt0heilkZ9KgI=",
      "skip": 0
    },
    {
      "type": "SET_STATE_SCHEMA",
      "input": {
        "schema": "type AtlasScopeState {\n  \"Add your global state fields here\"\n  _placeholder: String\n}",
        "scope": "global"
      },
      "scope": "global",
      "id": "6b43d5af-2a3a-485b-ad0d-f9580a564298",
      "index": 1,
      "timestamp": "2024-11-28T09:00:25.815Z",
      "hash": "d17sey3oCjvs4Jk8QAWLmnUkbxw=",
      "skip": 0
    },
    {
      "type": "SET_MODEL_ID",
      "input": {
        "id": "sky/atlas-scope"
      },
      "scope": "global",
      "id": "7c7104e8-2306-445c-914c-daa81e9466bd",
      "index": 2,
      "timestamp": "2024-11-28T09:00:47.136Z",
      "hash": "0bKzv3gJ7fAo++mBbg4DcQqmrCY=",
      "skip": 0
    },
    {
      "type": "SET_STATE_SCHEMA",
      "input": {
        "schema": "type ScopeState {\n  name: String! # Default value = \"\"\n  docNo: String! # e.g, A.1\n  content: String\n  masterStatus: [Status!]! # Aggregation: MasterStatus can exist independently of Scope\n  globalTags: [String]\n  articles: [PHID!]! # Composition: If Scope is deleted, all Articles are deleted\n\toriginalContextData: [PHID]\n\tprovenance: String! # p0Hub backlink\n  #articleFunction and #modules not modeled\n}\n\n\nenum Status {\n  PLACEHOLDER\n  PROVISIONAL # enables ecosystem participants to interact with the material in a practical context, resulting in valuable feedback or other data concerning the Document's appropriateness.\n  APPROVED # material instance can be integrated into the Atlas\n  DEFERRED\n  ARCHIVED\n}\n",
        "scope": "global"
      },
      "scope": "global",
      "id": "f8fb4492-9a10-4811-8743-07de881e4896",
      "index": 3,
      "timestamp": "2024-11-28T09:01:04.517Z",
      "hash": "iGmjjLTAkQs5yZirvsN1QHh74fU=",
      "skip": 0
    },
    {
      "type": "SET_STATE_SCHEMA",
      "input": {
        "schema": "type AtlasScopeState {\n  name: String! # Default value = \"\"\n  docNo: String! # e.g, A.1\n  content: String\n  masterStatus: [Status!]! # Aggregation: MasterStatus can exist independently of Scope\n  globalTags: [String]\n  articles: [PHID!]! # Composition: If Scope is deleted, all Articles are deleted\n\toriginalContextData: [PHID]\n\tprovenance: String! # p0Hub backlink\n  #articleFunction and #modules not modeled\n}\n\n\nenum Status {\n  PLACEHOLDER\n  PROVISIONAL # enables ecosystem participants to interact with the material in a practical context, resulting in valuable feedback or other data concerning the Document's appropriateness.\n  APPROVED # material instance can be integrated into the Atlas\n  DEFERRED\n  ARCHIVED\n}\n",
        "scope": "global"
      },
      "scope": "global",
      "id": "30c4d247-7b37-4cf4-850e-f564ecc276a0",
      "index": 4,
      "timestamp": "2024-11-28T09:01:15.000Z",
      "hash": "IA+TPaU9eCev6D8QOs9KL3XxDRc=",
      "skip": 0
    },
    {
      "type": "SET_INITIAL_STATE",
      "input": {
        "initialValue": "{\n  \"name\": \"\",\n  \"docNo\": \"\",\n  \"content\": \"\",\n  \"masterStatus\": [],\n  \"globalTags\": [],\n  \"articles\": [],\n  \"originalContextData\": [],\n  \"provenance\": \"\"\n}",
        "scope": "global"
      },
      "scope": "global",
      "id": "aa4551b6-e4e3-4097-bebf-a0017a74b9f7",
      "index": 5,
      "timestamp": "2024-11-28T09:01:35.189Z",
      "hash": "gABYCrpsaVxwTQBU0CO5oR9T2NQ=",
      "skip": 0
    },
    {
      "type": "ADD_MODULE",
      "input": {
        "id": "0MvzjKo/RKAdPHmv/etCkPlaT/M=",
        "name": "scope"
      },
      "scope": "global",
      "id": "3b28dccb-8173-4e1c-b774-b66bbc4daa14",
      "index": 6,
      "timestamp": "2024-11-28T09:01:57.791Z",
      "hash": "+ejcZQHCLPqRpHeANewIahJ/gTg=",
      "skip": 0
    },
    {
      "type": "ADD_OPERATION",
      "input": {
        "id": "kxBo1KFTOQtQpsV8T5Wc4474wvM=",
        "moduleId": "0MvzjKo/RKAdPHmv/etCkPlaT/M=",
        "name": "CREATE_SCOPE"
      },
      "scope": "global",
      "id": "d2d22a4f-ff45-4c8a-ab6c-3be0ba3a18a2",
      "index": 7,
      "timestamp": "2024-11-28T09:02:10.428Z",
      "hash": "h1dn+0lb2rwjSifGmW37EQ9FZ1c=",
      "skip": 0
    },
    {
      "type": "SET_OPERATION_SCHEMA",
      "input": {
        "id": "kxBo1KFTOQtQpsV8T5Wc4474wvM=",
        "schema": "input CreateScopeInput {\n  \"Add your inputs here\"\n  _placeholder: String\n}"
      },
      "scope": "global",
      "id": "c992c742-a59d-4862-8de2-3d641e8fd9fa",
      "index": 8,
      "timestamp": "2024-11-28T09:02:10.463Z",
      "hash": "qWbJwrsZON98ZmNv5uMnPDf23NE=",
      "skip": 0
    },
    {
      "type": "SET_OPERATION_NAME",
      "input": {
        "id": "kxBo1KFTOQtQpsV8T5Wc4474wvM=",
        "name": "SET_NAME"
      },
      "scope": "global",
      "id": "186aabe7-6a42-481b-b0e4-0c7a2cfead89",
      "index": 9,
      "timestamp": "2024-11-28T09:03:11.855Z",
      "hash": "l8zY8TzvSynokFjFMykS8YhbiFo=",
      "skip": 0
    },
    {
      "type": "SET_OPERATION_SCHEMA",
      "input": {
        "id": "kxBo1KFTOQtQpsV8T5Wc4474wvM=",
        "schema": "input Input {\n  \"Add your inputs here\"\n  _placeholder: String\n}"
      },
      "scope": "global",
      "id": "00b4761c-2826-457b-a271-8a2f952497b8",
      "index": 10,
      "timestamp": "2024-11-28T09:03:16.365Z",
      "hash": "Pw7wDub7wyxW0VYKhGv3euPvBP0=",
      "skip": 0
    },
    {
      "type": "SET_OPERATION_SCHEMA",
      "input": {
        "id": "kxBo1KFTOQtQpsV8T5Wc4474wvM=",
        "schema": "input sInput {\n  \"Add your inputs here\"\n  _placeholder: String\n}"
      },
      "scope": "global",
      "id": "69093750-b3ca-4bba-8ab1-2be60445df6d",
      "index": 11,
      "timestamp": "2024-11-28T09:03:17.053Z",
      "hash": "5/HPKzvPRei7uzzedL1NZs3El8Y=",
      "skip": 0
    },
    {
      "type": "SET_OPERATION_SCHEMA",
      "input": {
        "id": "kxBo1KFTOQtQpsV8T5Wc4474wvM=",
        "schema": "input SetInput {\n  \"Add your inputs here\"\n  _placeholder: String\n}"
      },
      "scope": "global",
      "id": "29cf1781-d02d-4107-92e8-788613a6d98d",
      "index": 12,
      "timestamp": "2024-11-28T09:03:20.131Z",
      "hash": "ZPcpi1PLZ4fLe8keE++prrKUSpM=",
      "skip": 0
    },
    {
      "type": "SET_OPERATION_SCHEMA",
      "input": {
        "id": "kxBo1KFTOQtQpsV8T5Wc4474wvM=",
        "schema": "input SetNameInput {\n  \"Add your inputs here\"\n  _placeholder: String\n}"
      },
      "scope": "global",
      "id": "b5d8d532-7ffb-4fa5-a538-f118bbacbfc5",
      "index": 13,
      "timestamp": "2024-11-28T09:03:24.342Z",
      "hash": "pusX25JM6E/YQuFwwzrfnWfBIso=",
      "skip": 0
    },
    {
      "type": "SET_OPERATION_SCHEMA",
      "input": {
        "id": "kxBo1KFTOQtQpsV8T5Wc4474wvM=",
        "schema": "input SetNameInput {\n  \n}"
      },
      "scope": "global",
      "id": "a1ec6e4a-7116-498d-a810-5b1cf3168232",
      "index": 14,
      "timestamp": "2024-11-28T09:03:29.478Z",
      "hash": "gEL0poLGsf1a6mrT0iOLvKrQqoo=",
      "skip": 0
    },
    {
      "type": "SET_OPERATION_SCHEMA",
      "input": {
        "id": "kxBo1KFTOQtQpsV8T5Wc4474wvM=",
        "schema": "input SetNameInput {\n  name: String!\n}"
      },
      "scope": "global",
      "id": "68973f9f-54bf-4e73-98fb-45985e98b6e3",
      "index": 15,
      "timestamp": "2024-11-28T09:03:51.680Z",
      "hash": "T2ULK2o8mKmq2bdXNF0JS8xHbc8=",
      "skip": 0
    },
    {
      "type": "SET_MODEL_EXTENSION",
      "input": {
        "extension": "ascp"
      },
      "scope": "global",
      "id": "041fedad-a88c-43b8-8656-84151cef129b",
      "index": 16,
      "timestamp": "2024-11-28T09:05:21.517Z",
      "hash": "0U6z1Nycb6d1rgcm88G3HK54ivc=",
      "skip": 0
    }
  ],
  "local": []
}