{
  "global": {
    "id": "sky/atlas-scenario",
    "name": "AtlasScenario",
    "extension": "",
    "description": "",
    "author": {
      "name": "",
      "website": ""
    },
    "specifications": [
      {
        "version": 1,
        "changeLog": [],
        "state": {
          "global": {
            "schema": "type AtlasScenarioState {\n  name: String! # Default value = \"\"\n  docNo: String! \n  parent: PHID! # \n  content: String\n  masterStatus: Status! # \n  globalTags: [GlobalTag!]!\n  references: [PHID!]!\n  provenance: URL\n  notionId: String # verify if this can be changed to UUID type\n  findings: Finding!\n  additionalGuidance: String\n}\n\n  \ntype Finding {\n  isAligned: Boolean! # True if aligned, false if misaligned\n  comment: String # Optional context or explanation about the finding\n}\n\nenum Status {\n  PLACEHOLDER\n  PROVISIONAL # enables ecosystem participants to interact with the material in a practical context, resulting in valuable feedback or other data concerning the Document's appropriateness.\n  APPROVED # material instance can be integrated into the Atlas\n  DEFERRED\n  ARCHIVED\n  \n}\n\nenum GlobalTag {\n    SCOPE_ADVISOR_,\n    AVC_,\n    CAIS_,\n    ML___LOW_PRIORITY_,\n    EXTERNAL_REFERENCE_,\n    DAO_TOOLKIT_,\n    ML___DEFER_,\n    PURPOSE_SYSTEM_,\n    NEWCHAIN_,\n    ML___SUPPORT_DOCS_NEEDED_,\n    TWO_STAGE_BRIDGE_,\n    ECOSYSTEM_INTELLIGENCE_,\n    RECURSIVE_IMPROVEMENT_,\n    LEGACY_TERM___USE_APPROVED_,\n}\n",
            "initialValue": "{\n  \"name\": \"\",\n  \"docNo\": \"\",\n  \"parent\": \"\",\n  \"content\": \"\",\n  \"masterStatus\": \"PLACEHOLDER\",\n  \"globalTags\": [],\n  \"references\": [],\n  \"provenance\": \"\",\n  \"notionId\": \"\",\n  \"findings\": {\n    \"isAligned\": false,\n    \"comment\": \"\"\n  },\n  \"additionalGuidance\": \"\"\n}",
            "examples": []
          },
          "local": {
            "schema": "",
            "initialValue": "",
            "examples": []
          }
        },
        "modules": [
          {
            "id": "Opt/cjHs4YyTf3vPyEBe6EzkGcA=",
            "name": "scenario",
            "description": "",
            "operations": [
              {
                "id": "6oXxrcAEfugZg8uEIEWrmL/LHII=",
                "name": "UPDATE_SCENARIO",
                "description": "",
                "schema": "input UpdateScenarioInput {\n  name: String\n  parent: PHID! \n  content: String\n  masterStatus: [Status!]!\n  globalTags: [String]\n  references: [PHID!]!\n  findings: UpdateFindingInput # Optional inclusion for modularity\n  additionalGuidance: String\n}\n\ninput UpdateFindingInput {\n  isAligned: Boolean! # True if aligned, false if misaligned\n  comment: String # Optional context or explanation about the finding\n}\n",
                "template": "",
                "reducer": "",
                "errors": [],
                "examples": [],
                "scope": "global"
              }
            ]
          }
        ]
      }
    ]
  },
  "local": {}
}