{
  "global": [
    {
      "type": "SET_MODEL_NAME",
      "input": {
        "name": "AtlasScenario"
      },
      "scope": "global",
      "id": "3f900213-88be-44ae-b668-ee6b132b0684",
      "index": 0,
      "timestamp": "2024-12-13T08:54:23.439Z",
      "hash": "YvO5zkw353ZyJ/GQMP0NXUU+viM=",
      "skip": 0
    },
    {
      "type": "SET_STATE_SCHEMA",
      "input": {
        "schema": "type AtlasScenarioState {\n  \"Add your global state fields here\"\n  _placeholder: String\n}",
        "scope": "global"
      },
      "scope": "global",
      "id": "49044512-fbb2-4afe-8c5a-5f0fecb3421a",
      "index": 1,
      "timestamp": "2024-12-13T08:54:23.439Z",
      "hash": "Jq2e6oSFDykqnEpYTf0zktXrRU4=",
      "skip": 0
    },
    {
      "type": "SET_MODEL_ID",
      "input": {
        "id": "sky/atlas-scenario"
      },
      "scope": "global",
      "id": "d202aa68-c00d-4c45-8a25-be6ac7d340fd",
      "index": 2,
      "timestamp": "2024-12-13T08:54:29.145Z",
      "hash": "1KrFtY4eDuRBzjDo4k3Cts3Aqbw=",
      "skip": 0
    },
    {
      "type": "SET_STATE_SCHEMA",
      "input": {
        "schema": "type ScenarioState {\n  name: String! # Default value = \"\"\n  docNo: String! \n  parent: PHID! # \n  content: String\n  masterStatus: Status! # \n  globalTags: [GlobalTag!]!\n  references: [PHID!]!\n  provenance: URL\n  notionId: String # verify if this can be changed to UUID type\n  findings: Finding!\n  additionalGuidance: String\n}\n\n  \ntype Finding {\n  isAligned: Boolean! # True if aligned, false if misaligned\n  comment: String # Optional context or explanation about the finding\n}\n\nenum Status {\n  PLACEHOLDER\n  PROVISIONAL # enables ecosystem participants to interact with the material in a practical context, resulting in valuable feedback or other data concerning the Document's appropriateness.\n  APPROVED # material instance can be integrated into the Atlas\n  DEFERRED\n  ARCHIVED\n  \n}\n\nenum GlobalTag {\n    SCOPE_ADVISOR_,\n    AVC_,\n    CAIS_,\n    ML___LOW_PRIORITY_,\n    EXTERNAL_REFERENCE_,\n    DAO_TOOLKIT_,\n    ML___DEFER_,\n    PURPOSE_SYSTEM_,\n    NEWCHAIN_,\n    ML___SUPPORT._DOCS_NEEDED_,\n    TWO_STAGE_BRIDGE_,\n    ECOSYSTEM_INTELLIGENCE_,\n    RECURSIVE_IMPROVEMENT_,\n    LEGACY_TERM___USE_APPROVED_,\n}\n",
        "scope": "global"
      },
      "scope": "global",
      "id": "e3e8b9f2-84bc-435b-9770-1f7d28ec4925",
      "index": 3,
      "timestamp": "2024-12-13T08:54:41.877Z",
      "hash": "362kqA4mBqSCHfe6bS365ry3Lw0=",
      "skip": 0
    },
    {
      "type": "SET_STATE_SCHEMA",
      "input": {
        "schema": "type AtlasScenarioState {\n  name: String! # Default value = \"\"\n  docNo: String! \n  parent: PHID! # \n  content: String\n  masterStatus: Status! # \n  globalTags: [GlobalTag!]!\n  references: [PHID!]!\n  provenance: URL\n  notionId: String # verify if this can be changed to UUID type\n  findings: Finding!\n  additionalGuidance: String\n}\n\n  \ntype Finding {\n  isAligned: Boolean! # True if aligned, false if misaligned\n  comment: String # Optional context or explanation about the finding\n}\n\nenum Status {\n  PLACEHOLDER\n  PROVISIONAL # enables ecosystem participants to interact with the material in a practical context, resulting in valuable feedback or other data concerning the Document's appropriateness.\n  APPROVED # material instance can be integrated into the Atlas\n  DEFERRED\n  ARCHIVED\n  \n}\n\nenum GlobalTag {\n    SCOPE_ADVISOR_,\n    AVC_,\n    CAIS_,\n    ML___LOW_PRIORITY_,\n    EXTERNAL_REFERENCE_,\n    DAO_TOOLKIT_,\n    ML___DEFER_,\n    PURPOSE_SYSTEM_,\n    NEWCHAIN_,\n    ML___SUPPORT._DOCS_NEEDED_,\n    TWO_STAGE_BRIDGE_,\n    ECOSYSTEM_INTELLIGENCE_,\n    RECURSIVE_IMPROVEMENT_,\n    LEGACY_TERM___USE_APPROVED_,\n}\n",
        "scope": "global"
      },
      "scope": "global",
      "id": "17bd5f81-10a1-4bfc-afc9-9629b5ea795f",
      "index": 4,
      "timestamp": "2024-12-13T08:54:44.757Z",
      "hash": "CHTP2JHQvPrrSg8xC1bDj9JKo14=",
      "skip": 0
    },
    {
      "type": "SET_STATE_SCHEMA",
      "input": {
        "schema": "type AtlasScenarioState {\n  name: String! # Default value = \"\"\n  docNo: String! \n  parent: PHID! # \n  content: String\n  masterStatus: Status! # \n  globalTags: [GlobalTag!]!\n  references: [PHID!]!\n  provenance: URL\n  notionId: String # verify if this can be changed to UUID type\n  findings: Finding!\n  additionalGuidance: String\n}\n\n  \ntype Finding {\n  isAligned: Boolean! # True if aligned, false if misaligned\n  comment: String # Optional context or explanation about the finding\n}\n\nenum Status {\n  PLACEHOLDER\n  PROVISIONAL # enables ecosystem participants to interact with the material in a practical context, resulting in valuable feedback or other data concerning the Document's appropriateness.\n  APPROVED # material instance can be integrated into the Atlas\n  DEFERRED\n  ARCHIVED\n  \n}\n\nenum GlobalTag {\n    SCOPE_ADVISOR_,\n    AVC_,\n    CAIS_,\n    ML___LOW_PRIORITY_,\n    EXTERNAL_REFERENCE_,\n    DAO_TOOLKIT_,\n    ML___DEFER_,\n    PURPOSE_SYSTEM_,\n    NEWCHAIN_,\n    ML___SUPPORT_DOCS_NEEDED_,\n    TWO_STAGE_BRIDGE_,\n    ECOSYSTEM_INTELLIGENCE_,\n    RECURSIVE_IMPROVEMENT_,\n    LEGACY_TERM___USE_APPROVED_,\n}\n",
        "scope": "global"
      },
      "scope": "global",
      "id": "cb382ced-e32f-40d0-b854-6f87cb0047a2",
      "index": 5,
      "timestamp": "2024-12-13T08:54:56.985Z",
      "hash": "/PaGwWT7ZsVD0zY6DeHIMLF03+8=",
      "skip": 0
    },
    {
      "type": "SET_STATE_SCHEMA",
      "input": {
        "schema": "type ScenarioState {\n  name: String! # Default value = \"\"\n  docNo: String! \n  parent: PHID! # \n  content: String\n  masterStatus: Status! # \n  globalTags: [GlobalTag!]!\n  references: [PHID!]!\n  provenance: URL\n  notionId: String # verify if this can be changed to UUID type\n  findings: Finding!\n  additionalGuidance: String\n}\n\n  \ntype Finding {\n  isAligned: Boolean! # True if aligned, false if misaligned\n  comment: String # Optional context or explanation about the finding\n}\n\nenum Status {\n  PLACEHOLDER\n  PROVISIONAL # enables ecosystem participants to interact with the material in a practical context, resulting in valuable feedback or other data concerning the Document's appropriateness.\n  APPROVED # material instance can be integrated into the Atlas\n  DEFERRED\n  ARCHIVED\n  \n}\n\nenum GlobalTag {\n    SCOPE_ADVISOR_,\n    AVC_,\n    CAIS_,\n    ML___LOW_PRIORITY_,\n    EXTERNAL_REFERENCE_,\n    DAO_TOOLKIT_,\n    ML___DEFER_,\n    PURPOSE_SYSTEM_,\n    NEWCHAIN_,\n    ML___SUPPORT_DOCS_NEEDED_,\n    TWO_STAGE_BRIDGE_,\n    ECOSYSTEM_INTELLIGENCE_,\n    RECURSIVE_IMPROVEMENT_,\n    LEGACY_TERM___USE_APPROVED_,\n}\n",
        "scope": "global"
      },
      "scope": "global",
      "id": "fca973f8-117b-4ac1-88b5-ea9385f2de42",
      "index": 6,
      "timestamp": "2024-12-13T08:55:03.450Z",
      "hash": "S9eP13vo/W/3oIF3Hretrv2JlTU=",
      "skip": 0
    },
    {
      "type": "SET_INITIAL_STATE",
      "input": {
        "initialValue": "{\n  \"name\": \"\",\n  \"docNo\": \"\",\n  \"parent\": \"\",\n  \"content\": \"\",\n  \"masterStatus\": \"PLACEHOLDER\",\n  \"globalTags\": [],\n  \"references\": [],\n  \"provenance\": \"\",\n  \"notionId\": \"\",\n  \"findings\": {\n    \"isAligned\": false,\n    \"comment\": \"\"\n  },\n  \"additionalGuidance\": \"\"\n}",
        "scope": "global"
      },
      "scope": "global",
      "id": "a47cfa8b-6547-424f-b17c-bd1c77c28ecf",
      "index": 7,
      "timestamp": "2024-12-13T08:55:03.630Z",
      "hash": "LpHkBA7HBZkhmSKfLC9QrsPLxIU=",
      "skip": 0
    },
    {
      "type": "SET_STATE_SCHEMA",
      "input": {
        "schema": "type AtlasScenarioState {\n  name: String! # Default value = \"\"\n  docNo: String! \n  parent: PHID! # \n  content: String\n  masterStatus: Status! # \n  globalTags: [GlobalTag!]!\n  references: [PHID!]!\n  provenance: URL\n  notionId: String # verify if this can be changed to UUID type\n  findings: Finding!\n  additionalGuidance: String\n}\n\n  \ntype Finding {\n  isAligned: Boolean! # True if aligned, false if misaligned\n  comment: String # Optional context or explanation about the finding\n}\n\nenum Status {\n  PLACEHOLDER\n  PROVISIONAL # enables ecosystem participants to interact with the material in a practical context, resulting in valuable feedback or other data concerning the Document's appropriateness.\n  APPROVED # material instance can be integrated into the Atlas\n  DEFERRED\n  ARCHIVED\n  \n}\n\nenum GlobalTag {\n    SCOPE_ADVISOR_,\n    AVC_,\n    CAIS_,\n    ML___LOW_PRIORITY_,\n    EXTERNAL_REFERENCE_,\n    DAO_TOOLKIT_,\n    ML___DEFER_,\n    PURPOSE_SYSTEM_,\n    NEWCHAIN_,\n    ML___SUPPORT_DOCS_NEEDED_,\n    TWO_STAGE_BRIDGE_,\n    ECOSYSTEM_INTELLIGENCE_,\n    RECURSIVE_IMPROVEMENT_,\n    LEGACY_TERM___USE_APPROVED_,\n}\n",
        "scope": "global"
      },
      "scope": "global",
      "id": "7f0789c0-a28c-4fb7-8bcb-9fa584153578",
      "index": 8,
      "timestamp": "2024-12-13T08:55:06.236Z",
      "hash": "4aBi4cDp1mkWaAbQR86U77Sf/KU=",
      "skip": 0
    },
    {
      "type": "ADD_MODULE",
      "input": {
        "id": "Opt/cjHs4YyTf3vPyEBe6EzkGcA=",
        "name": "scenario"
      },
      "scope": "global",
      "id": "910e3bb8-590b-410e-a9c6-7d634733090e",
      "index": 9,
      "timestamp": "2024-12-13T08:55:11.097Z",
      "hash": "Y4NlXGxktiuLKw+DGj1ZQXkIIhQ=",
      "skip": 0
    },
    {
      "type": "ADD_OPERATION",
      "input": {
        "id": "6oXxrcAEfugZg8uEIEWrmL/LHII=",
        "moduleId": "Opt/cjHs4YyTf3vPyEBe6EzkGcA=",
        "name": "UPDATE_SCENARIO"
      },
      "scope": "global",
      "id": "5b15e107-87f6-4c7d-89a4-73c109b05c83",
      "index": 10,
      "timestamp": "2024-12-13T08:55:14.936Z",
      "hash": "xSIV+YCXEUsWVKXEYw89xcNlvr0=",
      "skip": 0
    },
    {
      "type": "SET_OPERATION_SCHEMA",
      "input": {
        "id": "6oXxrcAEfugZg8uEIEWrmL/LHII=",
        "schema": "input UpdateScenarioInput {\n  \"Add your inputs here\"\n  _placeholder: String\n}"
      },
      "scope": "global",
      "id": "8ec4aca2-2751-4083-959c-93f10afd8d64",
      "index": 11,
      "timestamp": "2024-12-13T08:55:14.951Z",
      "hash": "qf0KLkoSrIXT3wNiJQuDpoyNql8=",
      "skip": 0
    },
    {
      "type": "SET_OPERATION_SCHEMA",
      "input": {
        "id": "6oXxrcAEfugZg8uEIEWrmL/LHII=",
        "schema": "input UpdateScenarioInput {\n   name: String\n   parent: [PHID!]! # can have multiple parents\n  content: String\n  masterStatus: [Status!]!\n  globalTags: [String]\n  references: [PHID!]!\n}"
      },
      "scope": "global",
      "id": "06a6e792-6ffa-432d-b05f-0c6d5826a50d",
      "index": 12,
      "timestamp": "2024-12-13T08:55:28.039Z",
      "hash": "f9bgNE3fyQRRJGcD56IiOyXp9Qg=",
      "skip": 0
    },
    {
      "type": "SET_OPERATION_SCHEMA",
      "input": {
        "id": "6oXxrcAEfugZg8uEIEWrmL/LHII=",
        "schema": "input UpdateScenarioInput {\n   name: String\n   parent: PHID!]! # can have multiple parents\n  content: String\n  masterStatus: [Status!]!\n  globalTags: [String]\n  references: [PHID!]!\n}"
      },
      "scope": "global",
      "id": "2d6057f6-0a56-4194-bc9f-5554435adf59",
      "index": 13,
      "timestamp": "2024-12-13T08:55:31.448Z",
      "hash": "nJ0HUZX1JjiWfbKVhivp/icMHh4=",
      "skip": 0
    },
    {
      "type": "SET_OPERATION_SCHEMA",
      "input": {
        "id": "6oXxrcAEfugZg8uEIEWrmL/LHII=",
        "schema": "input UpdateScenarioInput {\n   name: String\n   parent: PHID # can have multiple parents\n  content: String\n  masterStatus: [Status!]!\n  globalTags: [String]\n  references: [PHID!]!\n}"
      },
      "scope": "global",
      "id": "a1384aa9-5090-4934-97d7-a11a8f455930",
      "index": 14,
      "timestamp": "2024-12-13T08:55:32.759Z",
      "hash": "E8zoC+0bd51jUQ89De4jaZKdsAc=",
      "skip": 0
    },
    {
      "type": "SET_OPERATION_SCHEMA",
      "input": {
        "id": "6oXxrcAEfugZg8uEIEWrmL/LHII=",
        "schema": "input UpdateScenarioInput {\n   name: String\n  content: String\n  masterStatus: [Status!]!\n  globalTags: [String]\n  references: [PHID!]!\n}"
      },
      "scope": "global",
      "id": "06e5a3f6-88c2-4e61-9123-55a60b041360",
      "index": 15,
      "timestamp": "2024-12-13T08:55:35.040Z",
      "hash": "mPICwgrZUi2an/RzOHovwkoF8UA=",
      "skip": 0
    },
    {
      "type": "SET_OPERATION_SCHEMA",
      "input": {
        "id": "6oXxrcAEfugZg8uEIEWrmL/LHII=",
        "schema": "input UpdateScenarioInput {\n  name: String\n  content: String\n  masterStatus: [Status!]!\n  globalTags: [String]\n  references: [PHID!]!\n}"
      },
      "scope": "global",
      "id": "ea721356-9084-4662-a309-7dca22f5cd10",
      "index": 16,
      "timestamp": "2024-12-13T08:55:36.227Z",
      "hash": "Tcg8BsLe0IamTzKTAHgbMOXB6FQ=",
      "skip": 0
    },
    {
      "type": "SET_OPERATION_SCHEMA",
      "input": {
        "id": "6oXxrcAEfugZg8uEIEWrmL/LHII=",
        "schema": "input UpdateScenarioInput {\n   name: String\n   parent: PHID # can have multiple parents\n  content: String\n  masterStatus: [Status!]!\n  globalTags: [String]\n  references: [PHID!]!\n}"
      },
      "scope": "global",
      "id": "610e5f93-90f4-41af-b810-e904a61d0cd8",
      "index": 17,
      "timestamp": "2024-12-13T08:55:38.020Z",
      "hash": "E8zoC+0bd51jUQ89De4jaZKdsAc=",
      "skip": 0
    },
    {
      "type": "SET_OPERATION_SCHEMA",
      "input": {
        "id": "6oXxrcAEfugZg8uEIEWrmL/LHII=",
        "schema": "input UpdateScenarioInput {\n   name: String\n   parent: PHID! # can have multiple parents\n  content: String\n  masterStatus: [Status!]!\n  globalTags: [String]\n  references: [PHID!]!\n}"
      },
      "scope": "global",
      "id": "83cd478d-1940-44a6-bcbe-c373fe620de9",
      "index": 18,
      "timestamp": "2024-12-13T08:55:41.008Z",
      "hash": "2cN4FKrzg1F3XH1CGgiKu/e1Ipc=",
      "skip": 0
    },
    {
      "type": "SET_OPERATION_SCHEMA",
      "input": {
        "id": "6oXxrcAEfugZg8uEIEWrmL/LHII=",
        "schema": "input UpdateScenarioInput {\n   name: String\n   parent: PHID! \n  content: String\n  masterStatus: [Status!]!\n  globalTags: [String]\n  references: [PHID!]!\n}"
      },
      "scope": "global",
      "id": "e9655c94-86e1-41f7-913c-96ce9b4cd15a",
      "index": 19,
      "timestamp": "2024-12-13T08:55:42.539Z",
      "hash": "bFQTIJ++hFLCQaepdcPFgcjLFo4=",
      "skip": 0
    },
    {
      "type": "SET_OPERATION_SCHEMA",
      "input": {
        "id": "6oXxrcAEfugZg8uEIEWrmL/LHII=",
        "schema": "input UpdateScenarioInput {\n   name: String\n  parent: PHID! \n  content: String\n  masterStatus: [Status!]!\n  globalTags: [String]\n  references: [PHID!]!\n}"
      },
      "scope": "global",
      "id": "825d783f-68ea-48bb-a0b6-2ddc7a69d019",
      "index": 20,
      "timestamp": "2024-12-13T08:55:44.259Z",
      "hash": "QRcRay5VqdhtbtbVHfzd2SD0tDM=",
      "skip": 0
    },
    {
      "type": "SET_OPERATION_SCHEMA",
      "input": {
        "id": "6oXxrcAEfugZg8uEIEWrmL/LHII=",
        "schema": "input UpdateScenarioInput {\n  name: String\n  parent: PHID! \n  content: String\n  masterStatus: [Status!]!\n  globalTags: [String]\n  references: [PHID!]!\n}"
      },
      "scope": "global",
      "id": "f4ba1f62-1fe0-4655-8842-f5ec1cf71eba",
      "index": 21,
      "timestamp": "2024-12-13T08:55:44.817Z",
      "hash": "2HIVFrG6Jvhqx1h9RuHMX/kzchU=",
      "skip": 0
    },
    {
      "type": "SET_OPERATION_SCHEMA",
      "input": {
        "id": "6oXxrcAEfugZg8uEIEWrmL/LHII=",
        "schema": "input UpdateScenarioInput {\n  name: String\n  parent: PHID! \n  content: String\n  masterStatus: [Status!]!\n  globalTags: [String]\n  references: [PHID!]!\n  findings: Finding\n  additionalGuidance: String\n}"
      },
      "scope": "global",
      "id": "d0952bec-58b6-46af-ae1a-f59da192b965",
      "index": 22,
      "timestamp": "2024-12-13T08:55:54.574Z",
      "hash": "Y5B3heLMVXNYe4scopvZbl5C8U8=",
      "skip": 0
    },
    {
      "type": "SET_OPERATION_SCHEMA",
      "input": {
        "id": "6oXxrcAEfugZg8uEIEWrmL/LHII=",
        "schema": "input UpdateScenarioInput {\n  name: String\n  parent: PHID! \n  content: String\n  masterStatus: [Status!]!\n  globalTags: [String]\n  references: [PHID!]!\n  findings: Finding!\n  additionalGuidance: String\n}"
      },
      "scope": "global",
      "id": "151dba5a-7cc6-4fd3-a461-de086a92133f",
      "index": 23,
      "timestamp": "2024-12-13T08:56:06.075Z",
      "hash": "mNXKLgtz3ki9S6C3wE0cmja1LRE=",
      "skip": 0
    },
    {
      "type": "SET_OPERATION_SCHEMA",
      "input": {
        "id": "6oXxrcAEfugZg8uEIEWrmL/LHII=",
        "schema": "input UpdateScenarioInput {\n  name: String\n  parent: PHID! \n  content: String\n  masterStatus: [Status!]!\n  globalTags: [String]\n  references: [PHID!]!\n  findings: Finding!\n  additionalGuidance: String\n}\n\nTYPE"
      },
      "scope": "global",
      "id": "5dc2cbce-669d-4389-9f51-a8f12f3fc71c",
      "index": 24,
      "timestamp": "2024-12-13T08:56:15.685Z",
      "hash": "X0iOCia8FCem0+yFBbCazRQjWnc=",
      "skip": 0
    },
    {
      "type": "SET_OPERATION_SCHEMA",
      "input": {
        "id": "6oXxrcAEfugZg8uEIEWrmL/LHII=",
        "schema": "input UpdateScenarioInput {\n  name: String\n  parent: PHID! \n  content: String\n  masterStatus: [Status!]!\n  globalTags: [String]\n  references: [PHID!]!\n  findings: Finding!\n  additionalGuidance: String\n}\n\ntype Finding {\n  isAligned: Boolean! # True if aligned, false if misaligned\n  comment: String # Optional context or explanation about the finding\n}"
      },
      "scope": "global",
      "id": "a61df472-23f7-4603-82d2-2b9e87aa383e",
      "index": 25,
      "timestamp": "2024-12-13T08:56:20.335Z",
      "hash": "H73rtbEkLgwICTr5RHAT9AmPBZ8=",
      "skip": 0
    },
    {
      "type": "SET_OPERATION_SCHEMA",
      "input": {
        "id": "6oXxrcAEfugZg8uEIEWrmL/LHII=",
        "schema": "input UpdateScenarioInput {\n  name: String\n  parent: PHID! \n  content: String\n  masterStatus: [Status!]!\n  globalTags: [String]\n  references: [PHID!]!\n  findings: Finding!\n  additionalGuidance: String\n}\n\ninput Finding {\n  isAligned: Boolean! # True if aligned, false if misaligned\n  comment: String # Optional context or explanation about the finding\n}"
      },
      "scope": "global",
      "id": "f2dcb0f9-dc5e-492c-b654-7ed4a7ec5454",
      "index": 26,
      "timestamp": "2024-12-13T08:56:23.515Z",
      "hash": "e6tSHIHH7aV+gcwtVA7I8ccJmMk=",
      "skip": 0
    },
    {
      "type": "SET_OPERATION_SCHEMA",
      "input": {
        "id": "6oXxrcAEfugZg8uEIEWrmL/LHII=",
        "schema": "input UpdateScenarioInput {\n  name: String\n  parent: PHID! \n  content: String\n  masterStatus: [Status!]!\n  globalTags: [String]\n  references: [PHID!]!\n  findings: Finding!\n  additionalGuidance: String\n}\n\ninput  {\n  isAligned: Boolean! # True if aligned, false if misaligned\n  comment: String # Optional context or explanation about the finding\n}"
      },
      "scope": "global",
      "id": "96f51c8e-138c-4b0f-9322-394c65e51949",
      "index": 27,
      "timestamp": "2024-12-13T08:56:29.190Z",
      "hash": "gZ5Jexr3rVe9eJqqGYi9sIT7vXw=",
      "skip": 0
    },
    {
      "type": "SET_OPERATION_SCHEMA",
      "input": {
        "id": "6oXxrcAEfugZg8uEIEWrmL/LHII=",
        "schema": "input UpdateScenarioInput {\n  name: String\n  parent: PHID! \n  content: String\n  masterStatus: [Status!]!\n  globalTags: [String]\n  references: [PHID!]!\n  findings: Finding!\n  additionalGuidance: String\n}\n\ninput Update_ {\n  isAligned: Boolean! # True if aligned, false if misaligned\n  comment: String # Optional context or explanation about the finding\n}"
      },
      "scope": "global",
      "id": "81f5360e-e886-45b3-a1c3-6b5eb1541f9f",
      "index": 28,
      "timestamp": "2024-12-13T08:56:36.976Z",
      "hash": "a8o8Burgk6xeKW0dOb/SprHD7jk=",
      "skip": 0
    },
    {
      "type": "SET_OPERATION_SCHEMA",
      "input": {
        "id": "6oXxrcAEfugZg8uEIEWrmL/LHII=",
        "schema": "input UpdateScenarioInput {\n  name: String\n  parent: PHID! \n  content: String\n  masterStatus: [Status!]!\n  globalTags: [String]\n  references: [PHID!]!\n  findings: Finding!\n  additionalGuidance: String\n}\n\ninput Update {\n  isAligned: Boolean! # True if aligned, false if misaligned\n  comment: String # Optional context or explanation about the finding\n}"
      },
      "scope": "global",
      "id": "861d38f6-4b80-452f-8fc1-e5ece9d8f7e4",
      "index": 29,
      "timestamp": "2024-12-13T08:56:37.615Z",
      "hash": "ZdAkVXV4/cGmPj9t9rySrrHSVco=",
      "skip": 0
    },
    {
      "type": "SET_OPERATION_SCHEMA",
      "input": {
        "id": "6oXxrcAEfugZg8uEIEWrmL/LHII=",
        "schema": "input UpdateScenarioInput {\n  name: String\n  parent: PHID! \n  content: String\n  masterStatus: [Status!]!\n  globalTags: [String]\n  references: [PHID!]!\n  findings: Finding!\n  additionalGuidance: String\n}\n\ninput UpdateF {\n  isAligned: Boolean! # True if aligned, false if misaligned\n  comment: String # Optional context or explanation about the finding\n}"
      },
      "scope": "global",
      "id": "e0fa3f7d-81a4-4c8d-b8d4-003acf8bca18",
      "index": 30,
      "timestamp": "2024-12-13T08:56:38.261Z",
      "hash": "BMXLbC6geenxNTYzAOFOOzwDD0I=",
      "skip": 0
    },
    {
      "type": "SET_OPERATION_SCHEMA",
      "input": {
        "id": "6oXxrcAEfugZg8uEIEWrmL/LHII=",
        "schema": "input UpdateScenarioInput {\n  name: String\n  parent: PHID! \n  content: String\n  masterStatus: [Status!]!\n  globalTags: [String]\n  references: [PHID!]!\n  findings: Finding!\n  additionalGuidance: String\n}\n\ninput UpdateFinding {\n  isAligned: Boolean! # True if aligned, false if misaligned\n  comment: String # Optional context or explanation about the finding\n}"
      },
      "scope": "global",
      "id": "06dc9ccd-180b-4159-84af-d976f9f42f02",
      "index": 31,
      "timestamp": "2024-12-13T08:56:39.492Z",
      "hash": "jYJRmtQe4BnanoJaz5JkDX+MlJY=",
      "skip": 0
    },
    {
      "type": "SET_OPERATION_SCHEMA",
      "input": {
        "id": "6oXxrcAEfugZg8uEIEWrmL/LHII=",
        "schema": "input UpdateScenarioInput {\n  name: String\n  parent: PHID! \n  content: String\n  masterStatus: [Status!]!\n  globalTags: [String]\n  references: [PHID!]!\n  findings: Finding!\n  additionalGuidance: String\n}\n\ninput UpdateFindingIN {\n  isAligned: Boolean! # True if aligned, false if misaligned\n  comment: String # Optional context or explanation about the finding\n}"
      },
      "scope": "global",
      "id": "08a3b09b-3a9f-41c5-bc2d-44865be0e9bf",
      "index": 32,
      "timestamp": "2024-12-13T08:56:41.521Z",
      "hash": "PI576E2RA9rau7l7fBOsTIjmMyc=",
      "skip": 0
    },
    {
      "type": "SET_OPERATION_SCHEMA",
      "input": {
        "id": "6oXxrcAEfugZg8uEIEWrmL/LHII=",
        "schema": "input UpdateScenarioInput {\n  name: String\n  parent: PHID! \n  content: String\n  masterStatus: [Status!]!\n  globalTags: [String]\n  references: [PHID!]!\n  findings: Finding!\n  additionalGuidance: String\n}\n\ninput UpdateFindingImnput {\n  isAligned: Boolean! # True if aligned, false if misaligned\n  comment: String # Optional context or explanation about the finding\n}"
      },
      "scope": "global",
      "id": "5387e798-4e81-4f8f-aed0-b1682d1b3329",
      "index": 33,
      "timestamp": "2024-12-13T08:56:45.287Z",
      "hash": "k6nVDrKwhx0sRB08uVt8rQkEItU=",
      "skip": 0
    },
    {
      "type": "SET_OPERATION_SCHEMA",
      "input": {
        "id": "6oXxrcAEfugZg8uEIEWrmL/LHII=",
        "schema": "input UpdateScenarioInput {\n  name: String\n  parent: PHID! \n  content: String\n  masterStatus: [Status!]!\n  globalTags: [String]\n  references: [PHID!]!\n  findings: Finding!\n  additionalGuidance: String\n}\n\ninput UpdateFindingInput {\n  isAligned: Boolean! # True if aligned, false if misaligned\n  comment: String # Optional context or explanation about the finding\n}"
      },
      "scope": "global",
      "id": "ac4efa95-d8fc-4cdf-9a65-e67f7840368f",
      "index": 34,
      "timestamp": "2024-12-13T08:57:48.722Z",
      "hash": "zuDqs/Rsh+oN3r2g6TVHd5I9h+o=",
      "skip": 0
    },
    {
      "type": "SET_OPERATION_SCHEMA",
      "input": {
        "id": "6oXxrcAEfugZg8uEIEWrmL/LHII=",
        "schema": "input UpdateScenarioInput {\n  name: String\n  parent: PHID! \n  content: String\n  masterStatus: [Status!]!\n  globalTags: [String]\n  references: [PHID!]!\n  findings: UpdateFindingInput # Optional inclusion for modularity\n  additionalGuidance: String\n}\n\ninput UpdateFindingInput {\n  isAligned: Boolean! # True if aligned, false if misaligned\n  comment: String # Optional context or explanation about the finding\n}\n"
      },
      "scope": "global",
      "id": "5cefcb55-e333-46bc-aa28-53f55c26e66b",
      "index": 35,
      "timestamp": "2024-12-13T09:02:25.661Z",
      "hash": "t8GiVAdgIdkHZeERXJEYPFxpsiw=",
      "skip": 0
    }
  ],
  "local": []
}