{
  "global": {
    "id": "sky/atlas-tenet",
    "name": "AtlasTenet",
    "extension": "",
    "description": "",
    "author": {
      "name": "",
      "website": ""
    },
    "specifications": [
      {
        "version": 1,
        "changeLog": [],
        "state": {
          "global": {
            "schema": "type AtlasTenetState {\n  name: String\n  docNo: String\n  parent: PHID!\n  content: String\n  masterStatus: Status!\n  globalTags: [GlobalTag!]!\n  references: [PHID!]!\n  provenance: URL\n  notionId: String\n}\n\n\nenum Status {\n  PLACEHOLDER\n  PROVISIONAL\n  APPROVED\n  DEFERRED\n  ARCHIVED\n}\n\nenum GlobalTag {\n  SCOPE_ADVISOR_\n  AVC_\n  CAIS_\n  ML___LOW_PRIORITY_\n  EXTERNAL_REFERENCE_\n  DAO_TOOLKIT_\n  ML___DEFER_\n  PURPOSE_SYSTEM_\n  NEWCHAIN_\n  ML___SUPPORT_DOCS_NEEDED_\n  TWO_STAGE_BRIDGE_\n  ECOSYSTEM_INTELLIGENCE_\n  RECURSIVE_IMPROVEMENT_\n  LEGACY_TERM___USE_APPROVED_\n}",
            "initialValue": "{\n  \"name\": \"\",\n  \"docNo\": \"\",\n  \"type\": \"ARTICLE\",\n  \"parent\": \"\",\n  \"content\": \"\",\n  \"masterStatus\": \"PLACEHOLDER\",\n  \"globalTags\": [],\n  \"references\": [],\n  \"provenance\": \"\",\n  \"notionId\": \"\"\n}",
            "examples": []
          },
          "local": {
            "schema": "",
            "initialValue": "",
            "examples": []
          }
        },
        "modules": [
          {
            "id": "r1n/T0BeANl7p/qBKjvz6T18R+I=",
            "name": "tenet",
            "description": "",
            "operations": [
              {
                "id": "KYEvoUX1+1dlF/8ou2axtkjKoW8=",
                "name": "UPDATE_TENET",
                "description": "",
                "schema": "input UpdateTenetInput {\n  name: String\n  content: String\n  masterStatus: [Status!]!\n  globalTags: [String]\n  references: [PHID!]!\n}",
                "template": "",
                "reducer": "",
                "errors": [],
                "examples": [],
                "scope": "global"
              }
            ]
          }
        ]
      }
    ]
  },
  "local": {}
}