{
  "global": {
    "id": "sky/atlas-ground",
    "name": "AtlasGround",
    "extension": "",
    "description": "",
    "author": {
      "name": "",
      "website": ""
    },
    "specifications": [
      {
        "version": 1,
        "changeLog": [],
        "state": {
          "global": {
            "schema": "type AtlasGroundState {\n  name: String\n  docNo: String\n  parent: PHID!\n  atlasType: AtlasType!\n  content: String\n  masterStatus: Status!\n  globalTags: [GlobalTag!]!\n  references: [PHID!]!\n  provenance: URL\n  notionId: String\n}\n\nenum AtlasType {\nTENET\nORIGINAL_CONTEXT_DATA\nACTIVE_DATA\n}\n\nenum Status {\n  PLACEHOLDER\n  PROVISIONAL\n  APPROVED\n  DEFERRED\n  ARCHIVED\n}\n\nenum GlobalTag {\n  SCOPE_ADVISOR_\n  AVC_\n  CAIS_\n  ML___LOW_PRIORITY_\n  EXTERNAL_REFERENCE_\n  DAO_TOOLKIT_\n  ML___DEFER_\n  PURPOSE_SYSTEM_\n  NEWCHAIN_\n  ML___SUPPORT_DOCS_NEEDED_\n  TWO_STAGE_BRIDGE_\n  ECOSYSTEM_INTELLIGENCE_\n  RECURSIVE_IMPROVEMENT_\n  LEGACY_TERM___USE_APPROVED_\n}",
            "initialValue": "{\n  \"name\": \"\",\n  \"docNo\": \"\",\n  \"parent\": \"\",\n  \"atlasType\": \"TENET\",\n  \"content\": \"\",\n  \"masterStatus\": \"PLACEHOLDER\",\n  \"globalTags\": [],\n  \"references\": [],\n  \"provenance\": \"\",\n  \"notionId\": \"\"\n}",
            "examples": []
          },
          "local": {
            "schema": "",
            "initialValue": "",
            "examples": []
          }
        },
        "modules": [
          {
            "id": "r1n/T0BeANl7p/qBKjvz6T18R+I=",
            "name": "tenet",
            "description": "",
            "operations": [
              {
                "id": "KYEvoUX1+1dlF/8ou2axtkjKoW8=",
                "name": "UPDATE_GROUND",
                "description": "Updates the Grounding document type. ",
                "schema": "input UpdateGroundInput {\n  name: String\n  content: String\n  atlasType: AtlasType!\n  masterStatus: [Status!]\n  globalTags: [String]\n  references: [PHID!]\n}\n\nenum AtlasType {\nTENET\nORIGINAL_CONTEXT_DATA\nACTIVE_DATA\n}\n\nenum Status {\n  PLACEHOLDER\n  PROVISIONAL\n  APPROVED\n  DEFERRED\n  ARCHIVED\n}\n\nenum GlobalTag {\n  SCOPE_ADVISOR_\n  AVC_\n  CAIS_\n  ML___LOW_PRIORITY_\n  EXTERNAL_REFERENCE_\n  DAO_TOOLKIT_\n  ML___DEFER_\n  PURPOSE_SYSTEM_\n  NEWCHAIN_\n  ML___SUPPORT_DOCS_NEEDED_\n  TWO_STAGE_BRIDGE_\n  ECOSYSTEM_INTELLIGENCE_\n  RECURSIVE_IMPROVEMENT_\n  LEGACY_TERM___USE_APPROVED_\n}",
                "template": "",
                "reducer": "",
                "errors": [],
                "examples": [],
                "scope": "global"
              },
              {
                "id": "zpuN9bTFqjHomQQwK846f0CUA9k=",
                "name": "POPULATE_GROUND",
                "description": "",
                "schema": "input PopulateGroundInput {\n  name: String\n  docNo: String\n  parent: PHID!\n  atlasType: AtlasType!\n  content: String\n  masterStatus: Status!\n  globalTags: [GlobalTag!]\n  references: [PHID!]\n  provenance: URL\n  notionId: String\n}\n\n\nenum AtlasType {\nTENET\nORIGINAL_CONTEXT_DATA\nACTIVE_DATA\n}\n\nenum Status {\n  PLACEHOLDER\n  PROVISIONAL\n  APPROVED\n  DEFERRED\n  ARCHIVED\n}\n\nenum GlobalTag {\n  SCOPE_ADVISOR_\n  AVC_\n  CAIS_\n  ML___LOW_PRIORITY_\n  EXTERNAL_REFERENCE_\n  DAO_TOOLKIT_\n  ML___DEFER_\n  PURPOSE_SYSTEM_\n  NEWCHAIN_\n  ML___SUPPORT_DOCS_NEEDED_\n  TWO_STAGE_BRIDGE_\n  ECOSYSTEM_INTELLIGENCE_\n  RECURSIVE_IMPROVEMENT_\n  LEGACY_TERM___USE_APPROVED_\n}",
                "template": "",
                "reducer": "",
                "errors": [
                  {
                    "id": "m1pwIY8AaZwUgfnnSldVEbDvSGs=",
                    "name": "PopulatesAGroundingDocumentTypeWithLiveData",
                    "code": "",
                    "description": "",
                    "template": ""
                  }
                ],
                "examples": [],
                "scope": "global"
              }
            ]
          }
        ]
      }
    ]
  },
  "local": {}
}