{
  "global": [
    {
      "context": {
        "signer": {
          "app": {
            "name": "Connect",
            "key": "did:key:zDnaeqEsC8MYUXmQzTj97rgo9PQzJBjn6qdXPUbuetcRWZUte"
          },
          "user": {
            "address": "0x04fFB597cb8A201D48Df806040f20c81be18aB6e",
            "networkId": "eip155",
            "chainId": 1
          },
          "signatures": [
            [
              "1734078177",
              "did:key:zDnaeqEsC8MYUXmQzTj97rgo9PQzJBjn6qdXPUbuetcRWZUte",
              "P1dURqQf9EM+ZxeQujRQ2caD35E=",
              "",
              "0x1b9fa4ac6c104f1d0adf44ea07294f4316dd145caffe89ee7f78d690dc1abd7e3eabf7fd096a70b65479fdc4cbcec4f3fb42a09d5de548b92375af1c1c45d7a1"
            ]
          ]
        }
      },
      "type": "SET_MODEL_NAME",
      "input": {
        "name": "AtlasTenet"
      },
      "scope": "global",
      "id": "83aae2a1-26cf-4ab7-9a09-24524da75ecf",
      "index": 110,
      "timestamp": "2024-12-13T08:22:56.673Z",
      "hash": "mRbDna9qyPLSJnQ0BFmrpIfcaZY=",
      "skip": 110
    },
    {
      "context": {
        "signer": {
          "app": {
            "name": "Connect",
            "key": "did:key:zDnaeqEsC8MYUXmQzTj97rgo9PQzJBjn6qdXPUbuetcRWZUte"
          },
          "user": {
            "address": "0x04fFB597cb8A201D48Df806040f20c81be18aB6e",
            "networkId": "eip155",
            "chainId": 1
          },
          "signatures": [
            [
              "1734078177",
              "did:key:zDnaeqEsC8MYUXmQzTj97rgo9PQzJBjn6qdXPUbuetcRWZUte",
              "B6xe1aif4qm8c2Xjbtg8v5+cJyk=",
              "mRbDna9qyPLSJnQ0BFmrpIfcaZY=",
              "0x91d04e092192cd47b43b16f0fb2fea3b0270bd7e30c8a37700f1250e8dd008ad80cf9c4ca0484d1683bca3a8be75530392a09d407a5be1093af03c5644156f3e"
            ]
          ]
        }
      },
      "type": "SET_STATE_SCHEMA",
      "input": {
        "schema": "type AtlasTenetState {\n  \"Add your global state fields here\"\n  _placeholder: String\n}",
        "scope": "global"
      },
      "scope": "global",
      "id": "1a6383b4-fa2d-4cd0-aae5-82d935fa74a8",
      "index": 111,
      "timestamp": "2024-12-13T08:22:56.680Z",
      "hash": "f6kTiUfBzYMS3NLNum+kmaix5+0=",
      "skip": 0
    },
    {
      "context": {
        "signer": {
          "app": {
            "name": "Connect",
            "key": "did:key:zDnaeqEsC8MYUXmQzTj97rgo9PQzJBjn6qdXPUbuetcRWZUte"
          },
          "user": {
            "address": "0x04fFB597cb8A201D48Df806040f20c81be18aB6e",
            "networkId": "eip155",
            "chainId": 1
          },
          "signatures": [
            [
              "1734078181",
              "did:key:zDnaeqEsC8MYUXmQzTj97rgo9PQzJBjn6qdXPUbuetcRWZUte",
              "/oz/UQJxuAAgDw4aeKMHb0HuavM=",
              "",
              "0xd2704f266d054326ecd5f0a1f691d171b285848a9770f292ff3813b6f7a3f0303cc7b2f7601361d845cc45f28c3cb3dfbfe9310285d0d49fc566e90ab07d38a1"
            ]
          ]
        }
      },
      "type": "SET_MODEL_ID",
      "input": {
        "id": "sky/atlas-tenet"
      },
      "scope": "global",
      "id": "c962d6e0-9941-4c3a-bc14-4f150c5d4740",
      "index": 112,
      "timestamp": "2024-12-13T08:23:00.790Z",
      "hash": "00Hk6LX5PFf5OaLdSNCHLOIC5bM=",
      "skip": 0
    },
    {
      "context": {
        "signer": {
          "app": {
            "name": "Connect",
            "key": "did:key:zDnaeqEsC8MYUXmQzTj97rgo9PQzJBjn6qdXPUbuetcRWZUte"
          },
          "user": {
            "address": "0x04fFB597cb8A201D48Df806040f20c81be18aB6e",
            "networkId": "eip155",
            "chainId": 1
          },
          "signatures": [
            [
              "1734078198",
              "did:key:zDnaeqEsC8MYUXmQzTj97rgo9PQzJBjn6qdXPUbuetcRWZUte",
              "HZlqYGeAM1ATwyxKur2IWf+oBsE=",
              "yheag1dx8wtfCM8oZvts+vxmwno=",
              "0x6000dccc221c5a482c0c1ac1ab3fda7647d273b252fe810d7671d4848e37d10017d68c02f4b57eb46d2dcd0158c3ddd32ebd9ad918e1bb1b528d2fe411e0f25a"
            ]
          ]
        }
      },
      "type": "SET_STATE_SCHEMA",
      "input": {
        "schema": "# Tenets hold scenarios\ntype TenetState {\n  name: String\n  docNo: String\n  type: AtlasType!\n  parent: PHID! \n  content: String\n  masterStatus: Status! # \n  globalTags: [GlobalTag!]!\n  references: [PHID!]!\n  provenance: URL\n  notionId: String # verify if this can be changed to UUID type\n}\n  \n  \nenum AtlasType {\nARTICLE\nSECTION\nCORE\nACTIVE_DATA_CONTROLLER\nTENET\nORIGINAL_CONTEXT_DATA\nACTIVE_DATA\n}\n\nenum Status {\n  PLACEHOLDER\n  PROVISIONAL # enables ecosystem participants to interact with the material in a practical context, resulting in valuable feedback or other data concerning the Document's appropriateness.\n  APPROVED # material instance can be integrated into the Atlas\n  DEFERRED\n  ARCHIVED\n  \n}\n\nenum GlobalTag {\n    SCOPE_ADVISOR_,\n    AVC_,\n    CAIS_,\n    ML___LOW_PRIORITY_,\n    EXTERNAL_REFERENCE_,\n    DAO_TOOLKIT_,\n    ML___DEFER_,\n    PURPOSE_SYSTEM_,\n    NEWCHAIN_,\n    ML___SUPPORT._DOCS_NEEDED_,\n    TWO_STAGE_BRIDGE_,\n    ECOSYSTEM_INTELLIGENCE_,\n    RECURSIVE_IMPROVEMENT_,\n    LEGACY_TERM___USE_APPROVED_,\n}\n",
        "scope": "global"
      },
      "scope": "global",
      "id": "350292a8-3f96-4f3a-84a6-0ba2469b16ac",
      "index": 113,
      "timestamp": "2024-12-13T08:23:17.503Z",
      "hash": "sBCRq4ia3gloi1pDHu8zX0sqQoY=",
      "skip": 0
    },
    {
      "context": {
        "signer": {
          "app": {
            "name": "Connect",
            "key": "did:key:zDnaeqEsC8MYUXmQzTj97rgo9PQzJBjn6qdXPUbuetcRWZUte"
          },
          "user": {
            "address": "0x04fFB597cb8A201D48Df806040f20c81be18aB6e",
            "networkId": "eip155",
            "chainId": 1
          },
          "signatures": [
            [
              "1734078202",
              "did:key:zDnaeqEsC8MYUXmQzTj97rgo9PQzJBjn6qdXPUbuetcRWZUte",
              "XCK1CdJ9SpkL74LueYUN1YJh4Gw=",
              "AqZKBxKcx4GbdGiPVSbaEemDltc=",
              "0x8653261ad06d26d2706a46af5d3efe34a39556a36a8f03f11de8de337049c859564abcbb6655e97d3dc9a7dada6f184289a81170d573a0016c46e257b218bf5e"
            ]
          ]
        }
      },
      "type": "SET_STATE_SCHEMA",
      "input": {
        "schema": "# Tenets hold scenarios\ntype AtlasTenetState {\n  name: String\n  docNo: String\n  type: AtlasType!\n  parent: PHID! \n  content: String\n  masterStatus: Status! # \n  globalTags: [GlobalTag!]!\n  references: [PHID!]!\n  provenance: URL\n  notionId: String # verify if this can be changed to UUID type\n}\n  \n  \nenum AtlasType {\nARTICLE\nSECTION\nCORE\nACTIVE_DATA_CONTROLLER\nTENET\nORIGINAL_CONTEXT_DATA\nACTIVE_DATA\n}\n\nenum Status {\n  PLACEHOLDER\n  PROVISIONAL # enables ecosystem participants to interact with the material in a practical context, resulting in valuable feedback or other data concerning the Document's appropriateness.\n  APPROVED # material instance can be integrated into the Atlas\n  DEFERRED\n  ARCHIVED\n  \n}\n\nenum GlobalTag {\n    SCOPE_ADVISOR_,\n    AVC_,\n    CAIS_,\n    ML___LOW_PRIORITY_,\n    EXTERNAL_REFERENCE_,\n    DAO_TOOLKIT_,\n    ML___DEFER_,\n    PURPOSE_SYSTEM_,\n    NEWCHAIN_,\n    ML___SUPPORT._DOCS_NEEDED_,\n    TWO_STAGE_BRIDGE_,\n    ECOSYSTEM_INTELLIGENCE_,\n    RECURSIVE_IMPROVEMENT_,\n    LEGACY_TERM___USE_APPROVED_,\n}\n",
        "scope": "global"
      },
      "scope": "global",
      "id": "ec16632f-9351-4ed0-9ab8-0a0982e5f589",
      "index": 114,
      "timestamp": "2024-12-13T08:23:22.254Z",
      "hash": "6BDbwdR+QkvMDmw6xjJaCy1hJOg=",
      "skip": 0
    },
    {
      "context": {
        "signer": {
          "app": {
            "name": "Connect",
            "key": "did:key:zDnaeqEsC8MYUXmQzTj97rgo9PQzJBjn6qdXPUbuetcRWZUte"
          },
          "user": {
            "address": "0x04fFB597cb8A201D48Df806040f20c81be18aB6e",
            "networkId": "eip155",
            "chainId": 1
          },
          "signatures": [
            [
              "1734078209",
              "did:key:zDnaeqEsC8MYUXmQzTj97rgo9PQzJBjn6qdXPUbuetcRWZUte",
              "bdPk6gr5mkiFsd4ySuMF4tIMDeY=",
              "//fbz7A71dSQ+b3Hv5Sar8m/kEE=",
              "0xfcab40ae6b105e4e32c3187e8ffdb39b984cf791069a3273b1c9f737f64d5ee6ef0a639e9fc51e8f7d166ebaed45b9c1b225025972c5c0a11513c36943313471"
            ]
          ]
        }
      },
      "type": "SET_STATE_SCHEMA",
      "input": {
        "schema": "# Tenets hold scenarios\ntype AtlasTenetState {\n  name: String\n  docNo: String\n  type: AtlasType!\n  parent: PHID! \n  content: String\n  masterStatus: Status! # \n  globalTags: [GlobalTag!]!\n  references: [PHID!]!\n  provenance: URL\n  notionId: String # verify if this can be changed to UUID type\n}\n  \n  \nenum AtlasType {\nARTICLE\nSECTION\nCORE\nACTIVE_DATA_CONTROLLER\nTENET\nORIGINAL_CONTEXT_DATA\nACTIVE_DATA\n}\n\nenum Status {\n  PLACEHOLDER\n  PROVISIONAL # enables ecosystem participants to interact with the material in a practical context, resulting in valuable feedback or other data concerning the Document's appropriateness.\n  APPROVED # material instance can be integrated into the Atlas\n  DEFERRED\n  ARCHIVED\n  \n}\n\nenum GlobalTag {\n    SCOPE_ADVISOR_,\n    AVC_,\n    CAIS_,\n    ML___LOW_PRIORITY_,\n    EXTERNAL_REFERENCE_,\n    DAO_TOOLKIT_,\n    ML___DEFER_,\n    PURPOSE_SYSTEM_,\n    NEWCHAIN_,\n    ML___SUPPORT_DOCS_NEEDED_,\n    TWO_STAGE_BRIDGE_,\n    ECOSYSTEM_INTELLIGENCE_,\n    RECURSIVE_IMPROVEMENT_,\n    LEGACY_TERM___USE_APPROVED_,\n}\n",
        "scope": "global"
      },
      "scope": "global",
      "id": "5acedc74-c106-4cbc-9185-88fd3907983a",
      "index": 115,
      "timestamp": "2024-12-13T08:23:28.650Z",
      "hash": "8KixH1SY/ZEw3sYzfFbxb/o0DJk=",
      "skip": 0
    },
    {
      "context": {
        "signer": {
          "app": {
            "name": "Connect",
            "key": "did:key:zDnaeqEsC8MYUXmQzTj97rgo9PQzJBjn6qdXPUbuetcRWZUte"
          },
          "user": {
            "address": "0x04fFB597cb8A201D48Df806040f20c81be18aB6e",
            "networkId": "eip155",
            "chainId": 1
          },
          "signatures": [
            [
              "1734078211",
              "did:key:zDnaeqEsC8MYUXmQzTj97rgo9PQzJBjn6qdXPUbuetcRWZUte",
              "SOCai5MY4YJUDsY70d6hmMobpGE=",
              "s5aL55FnoUfECMSjJblR8s+w4ck=",
              "0x22d8e5d5d2495c63ef40d8f117245e8a57332bc78bc0f0e9b599222e2781046443e684e2286e9a9941d53b6e4eaf9f9aa8ccd0bf1ee9d8309be6f633b74ec103"
            ]
          ]
        }
      },
      "type": "SET_STATE_SCHEMA",
      "input": {
        "schema": "# Tenets hold scenarios\ntype TenetState {\n  name: String\n  docNo: String\n  type: AtlasType!\n  parent: PHID! \n  content: String\n  masterStatus: Status! # \n  globalTags: [GlobalTag!]!\n  references: [PHID!]!\n  provenance: URL\n  notionId: String # verify if this can be changed to UUID type\n}\n  \n  \nenum AtlasType {\nARTICLE\nSECTION\nCORE\nACTIVE_DATA_CONTROLLER\nTENET\nORIGINAL_CONTEXT_DATA\nACTIVE_DATA\n}\n\nenum Status {\n  PLACEHOLDER\n  PROVISIONAL # enables ecosystem participants to interact with the material in a practical context, resulting in valuable feedback or other data concerning the Document's appropriateness.\n  APPROVED # material instance can be integrated into the Atlas\n  DEFERRED\n  ARCHIVED\n  \n}\n\nenum GlobalTag {\n    SCOPE_ADVISOR_,\n    AVC_,\n    CAIS_,\n    ML___LOW_PRIORITY_,\n    EXTERNAL_REFERENCE_,\n    DAO_TOOLKIT_,\n    ML___DEFER_,\n    PURPOSE_SYSTEM_,\n    NEWCHAIN_,\n    ML___SUPPORT_DOCS_NEEDED_,\n    TWO_STAGE_BRIDGE_,\n    ECOSYSTEM_INTELLIGENCE_,\n    RECURSIVE_IMPROVEMENT_,\n    LEGACY_TERM___USE_APPROVED_,\n}\n",
        "scope": "global"
      },
      "scope": "global",
      "id": "9f4b992a-5b4a-42c9-a57a-8e6d7f530e9b",
      "index": 116,
      "timestamp": "2024-12-13T08:23:31.437Z",
      "hash": "Qkj9G82F+Occ+jXl9kkLzh1pdrY=",
      "skip": 0
    },
    {
      "context": {
        "signer": {
          "app": {
            "name": "Connect",
            "key": "did:key:zDnaeqEsC8MYUXmQzTj97rgo9PQzJBjn6qdXPUbuetcRWZUte"
          },
          "user": {
            "address": "0x04fFB597cb8A201D48Df806040f20c81be18aB6e",
            "networkId": "eip155",
            "chainId": 1
          },
          "signatures": [
            [
              "1734078211",
              "did:key:zDnaeqEsC8MYUXmQzTj97rgo9PQzJBjn6qdXPUbuetcRWZUte",
              "LqDtfhBN98IOnfHI3xmMf45BV3c=",
              "SYgxLrHp4+9mP+4LGwSa6UfoaHg=",
              "0x7c50f4fff3b369714f4f71f074ae7be1d3edbdb3ecc6b026f555f10d65a346bf5bcbc26a255cf524384859e74ccf60c85e460b874bdb5205083f9ba538e97686"
            ]
          ]
        }
      },
      "type": "SET_INITIAL_STATE",
      "input": {
        "initialValue": "{\n  \"name\": \"\",\n  \"docNo\": \"\",\n  \"type\": \"ARTICLE\",\n  \"parent\": \"\",\n  \"content\": \"\",\n  \"masterStatus\": \"PLACEHOLDER\",\n  \"globalTags\": [],\n  \"references\": [],\n  \"provenance\": \"\",\n  \"notionId\": \"\"\n}",
        "scope": "global"
      },
      "scope": "global",
      "id": "4586df1a-f086-4e9f-bac4-6faf23cefabf",
      "index": 117,
      "timestamp": "2024-12-13T08:23:31.491Z",
      "hash": "Cv+Ho8RmkKUfzmK+Ql5jJ1zZowc=",
      "skip": 0
    },
    {
      "context": {
        "signer": {
          "app": {
            "name": "Connect",
            "key": "did:key:zDnaeqEsC8MYUXmQzTj97rgo9PQzJBjn6qdXPUbuetcRWZUte"
          },
          "user": {
            "address": "0x04fFB597cb8A201D48Df806040f20c81be18aB6e",
            "networkId": "eip155",
            "chainId": 1
          },
          "signatures": [
            [
              "1734078219",
              "did:key:zDnaeqEsC8MYUXmQzTj97rgo9PQzJBjn6qdXPUbuetcRWZUte",
              "IOOhIrK4b59zpxtDwkgNsAIzGCE=",
              "O03JEtgTLSy2QKq0lS9WZIekoEQ=",
              "0xbee707c5858747c62361153ae3a6688e9032a820f31c52d11c2a6e041a63f5aeb32e9d96dcbeea2053e761b82cfa1c834b7a9e70af2241c21f5ad0039686382d"
            ]
          ]
        }
      },
      "type": "SET_STATE_SCHEMA",
      "input": {
        "schema": "# Tenets hold scenarios\ntype State {\n  name: String\n  docNo: String\n  type: AtlasType!\n  parent: PHID! \n  content: String\n  masterStatus: Status! # \n  globalTags: [GlobalTag!]!\n  references: [PHID!]!\n  provenance: URL\n  notionId: String # verify if this can be changed to UUID type\n}\n  \n  \nenum AtlasType {\nARTICLE\nSECTION\nCORE\nACTIVE_DATA_CONTROLLER\nTENET\nORIGINAL_CONTEXT_DATA\nACTIVE_DATA\n}\n\nenum Status {\n  PLACEHOLDER\n  PROVISIONAL # enables ecosystem participants to interact with the material in a practical context, resulting in valuable feedback or other data concerning the Document's appropriateness.\n  APPROVED # material instance can be integrated into the Atlas\n  DEFERRED\n  ARCHIVED\n  \n}\n\nenum GlobalTag {\n    SCOPE_ADVISOR_,\n    AVC_,\n    CAIS_,\n    ML___LOW_PRIORITY_,\n    EXTERNAL_REFERENCE_,\n    DAO_TOOLKIT_,\n    ML___DEFER_,\n    PURPOSE_SYSTEM_,\n    NEWCHAIN_,\n    ML___SUPPORT_DOCS_NEEDED_,\n    TWO_STAGE_BRIDGE_,\n    ECOSYSTEM_INTELLIGENCE_,\n    RECURSIVE_IMPROVEMENT_,\n    LEGACY_TERM___USE_APPROVED_,\n}\n",
        "scope": "global"
      },
      "scope": "global",
      "id": "d5ca5b33-94c1-437a-907a-eb4ad6f1c8ce",
      "index": 118,
      "timestamp": "2024-12-13T08:23:38.862Z",
      "hash": "/8V8NWD8v43Y4fm0IDPHiZHWvDs=",
      "skip": 0
    },
    {
      "context": {
        "signer": {
          "app": {
            "name": "Connect",
            "key": "did:key:zDnaeqEsC8MYUXmQzTj97rgo9PQzJBjn6qdXPUbuetcRWZUte"
          },
          "user": {
            "address": "0x04fFB597cb8A201D48Df806040f20c81be18aB6e",
            "networkId": "eip155",
            "chainId": 1
          },
          "signatures": [
            [
              "1734078227",
              "did:key:zDnaeqEsC8MYUXmQzTj97rgo9PQzJBjn6qdXPUbuetcRWZUte",
              "Oyfi2GbwaGs9DnFRggmErQyKaQI=",
              "A+kUJmldt8M+hnak3k4rcqzKxJY=",
              "0x8006985dc96e48ddbdac49cb50e31ab1d3f7fde9fae636c467be135f841461475b259d85e0df7db66f5973e970654e97c9ca244f7a15ef031eac160c0be080fe"
            ]
          ]
        }
      },
      "type": "SET_MODEL_NAME",
      "input": {
        "name": "AtlasTenet"
      },
      "scope": "global",
      "id": "7ecb6871-f071-4c6c-b02b-c3c8ed99aa68",
      "index": 119,
      "timestamp": "2024-12-13T08:23:47.043Z",
      "hash": "/8V8NWD8v43Y4fm0IDPHiZHWvDs=",
      "skip": 0
    },
    {
      "context": {
        "signer": {
          "app": {
            "name": "Connect",
            "key": "did:key:zDnaeqEsC8MYUXmQzTj97rgo9PQzJBjn6qdXPUbuetcRWZUte"
          },
          "user": {
            "address": "0x04fFB597cb8A201D48Df806040f20c81be18aB6e",
            "networkId": "eip155",
            "chainId": 1
          },
          "signatures": [
            [
              "1734078227",
              "did:key:zDnaeqEsC8MYUXmQzTj97rgo9PQzJBjn6qdXPUbuetcRWZUte",
              "/avk8xu2JXA131QuynPhtgYjykM=",
              "/8V8NWD8v43Y4fm0IDPHiZHWvDs=",
              "0x7ddc2dd956097d0ca70c6d80e31c577c27eee1eaee7f9dd504c4a0f7785258d90f3f935fcd24cea8344de46e64c7decb16ae2aff46db8422acdafbb9559f734b"
            ]
          ]
        }
      },
      "type": "SET_STATE_SCHEMA",
      "input": {
        "schema": "type AtlasTenetState {\n  name: String\n  docNo: String\n  type: AtlasType!\n  parent: PHID!\n  content: String\n  masterStatus: Status!\n  globalTags: [GlobalTag!]!\n  references: [PHID!]!\n  provenance: URL\n  notionId: String\n}\n\nenum AtlasType {\n  ARTICLE\n  SECTION\n  CORE\n  ACTIVE_DATA_CONTROLLER\n  TENET\n  ORIGINAL_CONTEXT_DATA\n  ACTIVE_DATA\n}\n\nenum Status {\n  PLACEHOLDER\n  PROVISIONAL\n  APPROVED\n  DEFERRED\n  ARCHIVED\n}\n\nenum GlobalTag {\n  SCOPE_ADVISOR_\n  AVC_\n  CAIS_\n  ML___LOW_PRIORITY_\n  EXTERNAL_REFERENCE_\n  DAO_TOOLKIT_\n  ML___DEFER_\n  PURPOSE_SYSTEM_\n  NEWCHAIN_\n  ML___SUPPORT_DOCS_NEEDED_\n  TWO_STAGE_BRIDGE_\n  ECOSYSTEM_INTELLIGENCE_\n  RECURSIVE_IMPROVEMENT_\n  LEGACY_TERM___USE_APPROVED_\n}",
        "scope": "global"
      },
      "scope": "global",
      "id": "0c23dfde-7b43-4a9f-ad0a-d9579f6671ff",
      "index": 120,
      "timestamp": "2024-12-13T08:23:47.059Z",
      "hash": "IsTvuUxsinKFiMfsNqoPg2OR1cE=",
      "skip": 0
    },
    {
      "context": {
        "signer": {
          "app": {
            "name": "Connect",
            "key": "did:key:zDnaeqEsC8MYUXmQzTj97rgo9PQzJBjn6qdXPUbuetcRWZUte"
          },
          "user": {
            "address": "0x04fFB597cb8A201D48Df806040f20c81be18aB6e",
            "networkId": "eip155",
            "chainId": 1
          },
          "signatures": [
            [
              "1734078227",
              "did:key:zDnaeqEsC8MYUXmQzTj97rgo9PQzJBjn6qdXPUbuetcRWZUte",
              "tnLIajvPbn963D9nc81HIF+r78c=",
              "IsTvuUxsinKFiMfsNqoPg2OR1cE=",
              "0x1935496d9b1f86250e692f3d90a485eeb96ea00943f2de29b50a481f7877bbf8ed8f0e974f2e839d8cbfdf06ebf75d676cae56291ecd1330a1897bcb023837e5"
            ]
          ]
        }
      },
      "type": "SET_STATE_SCHEMA",
      "input": {
        "schema": "type AtlasTenetState {\n  name: String\n  docNo: String\n  type: AtlasType!\n  parent: PHID!\n  content: String\n  masterStatus: Status!\n  globalTags: [GlobalTag!]!\n  references: [PHID!]!\n  provenance: URL\n  notionId: String\n}\n\nenum AtlasType {\n  ARTICLE\n  SECTION\n  CORE\n  ACTIVE_DATA_CONTROLLER\n  TENET\n  ORIGINAL_CONTEXT_DATA\n  ACTIVE_DATA\n}\n\nenum Status {\n  PLACEHOLDER\n  PROVISIONAL\n  APPROVED\n  DEFERRED\n  ARCHIVED\n}\n\nenum GlobalTag {\n  SCOPE_ADVISOR_\n  AVC_\n  CAIS_\n  ML___LOW_PRIORITY_\n  EXTERNAL_REFERENCE_\n  DAO_TOOLKIT_\n  ML___DEFER_\n  PURPOSE_SYSTEM_\n  NEWCHAIN_\n  ML___SUPPORT_DOCS_NEEDED_\n  TWO_STAGE_BRIDGE_\n  ECOSYSTEM_INTELLIGENCE_\n  RECURSIVE_IMPROVEMENT_\n  LEGACY_TERM___USE_APPROVED_\n}",
        "scope": "global"
      },
      "scope": "global",
      "id": "a8ee397f-73fd-4caf-8ed5-409f9f127971",
      "index": 121,
      "timestamp": "2024-12-13T08:23:47.059Z",
      "hash": "IsTvuUxsinKFiMfsNqoPg2OR1cE=",
      "skip": 0
    },
    {
      "context": {
        "signer": {
          "app": {
            "name": "Connect",
            "key": "did:key:zDnaeqEsC8MYUXmQzTj97rgo9PQzJBjn6qdXPUbuetcRWZUte"
          },
          "user": {
            "address": "0x04fFB597cb8A201D48Df806040f20c81be18aB6e",
            "networkId": "eip155",
            "chainId": 1
          },
          "signatures": [
            [
              "1734078232",
              "did:key:zDnaeqEsC8MYUXmQzTj97rgo9PQzJBjn6qdXPUbuetcRWZUte",
              "2pZedFEVMlNDM8tOWnk6tSvnzxw=",
              "IsTvuUxsinKFiMfsNqoPg2OR1cE=",
              "0x8c4b7b27ac668cb956ffd32bdb5fd6f550a55ab6f8c1f3c634f26a62db0c85cab3fb0e8ed14eb9158a9151dbac07071102adb0f06731f712690fa66c23ee6ba8"
            ]
          ]
        }
      },
      "type": "ADD_MODULE",
      "input": {
        "id": "r1n/T0BeANl7p/qBKjvz6T18R+I=",
        "name": "tenet"
      },
      "scope": "global",
      "id": "c388a788-6015-49e5-bd7f-a46c2d89fb39",
      "index": 122,
      "timestamp": "2024-12-13T08:23:52.391Z",
      "hash": "kIfs8iEbrCgCftPHRpKTexGzS38=",
      "skip": 0
    },
    {
      "context": {
        "signer": {
          "app": {
            "name": "Connect",
            "key": "did:key:zDnaeqEsC8MYUXmQzTj97rgo9PQzJBjn6qdXPUbuetcRWZUte"
          },
          "user": {
            "address": "0x04fFB597cb8A201D48Df806040f20c81be18aB6e",
            "networkId": "eip155",
            "chainId": 1
          },
          "signatures": [
            [
              "1734078237",
              "did:key:zDnaeqEsC8MYUXmQzTj97rgo9PQzJBjn6qdXPUbuetcRWZUte",
              "o49Y6JHJ9ORzCkvzRasC8fn42Y0=",
              "kIfs8iEbrCgCftPHRpKTexGzS38=",
              "0xfdac541c98f38d8802b78350c3e6da35e7d70c05dea0e5ff8b87b1a349d9fcc88ccac5e08b5b1c3e534b12c75ce1a15d65532511413d356c3c67caf5efc6b279"
            ]
          ]
        }
      },
      "type": "ADD_OPERATION",
      "input": {
        "id": "KYEvoUX1+1dlF/8ou2axtkjKoW8=",
        "moduleId": "r1n/T0BeANl7p/qBKjvz6T18R+I=",
        "name": "UPDATE_TENET"
      },
      "scope": "global",
      "id": "157809d7-ad5d-4efe-af6c-4912e520b92d",
      "index": 123,
      "timestamp": "2024-12-13T08:23:57.186Z",
      "hash": "4VhdtblIpakst5S9FiEFXrZ9s7Y=",
      "skip": 0
    },
    {
      "context": {
        "signer": {
          "app": {
            "name": "Connect",
            "key": "did:key:zDnaeqEsC8MYUXmQzTj97rgo9PQzJBjn6qdXPUbuetcRWZUte"
          },
          "user": {
            "address": "0x04fFB597cb8A201D48Df806040f20c81be18aB6e",
            "networkId": "eip155",
            "chainId": 1
          },
          "signatures": [
            [
              "1734078237",
              "did:key:zDnaeqEsC8MYUXmQzTj97rgo9PQzJBjn6qdXPUbuetcRWZUte",
              "orUXz/e0t5Zclr8sUdSFkXhYQ+Y=",
              "4VhdtblIpakst5S9FiEFXrZ9s7Y=",
              "0x68b333efbb41e89c95cab358f2e54c0bf0df97e201cfc37664f5bcf4189628395367c22c12ac477926f8ba46eb51693ed3e7c9e9713c2ecfc49198a29759e193"
            ]
          ]
        }
      },
      "type": "SET_OPERATION_SCHEMA",
      "input": {
        "id": "KYEvoUX1+1dlF/8ou2axtkjKoW8=",
        "schema": "input UpdateTenetInput {\n  \"Add your inputs here\"\n  _placeholder: String\n}"
      },
      "scope": "global",
      "id": "e9b3f052-49cb-4fad-ab5e-5b1eb3cbfe40",
      "index": 124,
      "timestamp": "2024-12-13T08:23:57.197Z",
      "hash": "yMjgWYkEYB2kwim6+hSum9bzrCQ=",
      "skip": 0
    },
    {
      "context": {
        "signer": {
          "app": {
            "name": "Connect",
            "key": "did:key:zDnaeqEsC8MYUXmQzTj97rgo9PQzJBjn6qdXPUbuetcRWZUte"
          },
          "user": {
            "address": "0x04fFB597cb8A201D48Df806040f20c81be18aB6e",
            "networkId": "eip155",
            "chainId": 1
          },
          "signatures": [
            [
              "1734078265",
              "did:key:zDnaeqEsC8MYUXmQzTj97rgo9PQzJBjn6qdXPUbuetcRWZUte",
              "0nKZb1qVW22mlSGzVk4ouvYTe2M=",
              "yMjgWYkEYB2kwim6+hSum9bzrCQ=",
              "0xd561bf5f00c5e1555762d17cf593223eb3acbe0e9a9d36113dafe9ecf6c52bd9d247d47babf682baddd7bdc0a181be2ef04f29cea4d77ec5289698615d248d3d"
            ]
          ]
        }
      },
      "type": "SET_STATE_SCHEMA",
      "input": {
        "schema": "type AtlasTenetState {\n  name: String\n  docNo: String\n  parent: PHID!\n  content: String\n  masterStatus: Status!\n  globalTags: [GlobalTag!]!\n  references: [PHID!]!\n  provenance: URL\n  notionId: String\n}\n\n\nenum Status {\n  PLACEHOLDER\n  PROVISIONAL\n  APPROVED\n  DEFERRED\n  ARCHIVED\n}\n\nenum GlobalTag {\n  SCOPE_ADVISOR_\n  AVC_\n  CAIS_\n  ML___LOW_PRIORITY_\n  EXTERNAL_REFERENCE_\n  DAO_TOOLKIT_\n  ML___DEFER_\n  PURPOSE_SYSTEM_\n  NEWCHAIN_\n  ML___SUPPORT_DOCS_NEEDED_\n  TWO_STAGE_BRIDGE_\n  ECOSYSTEM_INTELLIGENCE_\n  RECURSIVE_IMPROVEMENT_\n  LEGACY_TERM___USE_APPROVED_\n}",
        "scope": "global"
      },
      "scope": "global",
      "id": "4df7a8c2-3b6c-41d7-a0da-4ed00183151f",
      "index": 125,
      "timestamp": "2024-12-13T08:24:24.540Z",
      "hash": "sevbBWw9lTAlaxjQcOapfhvVGbU=",
      "skip": 0
    },
    {
      "context": {
        "signer": {
          "app": {
            "name": "Connect",
            "key": "did:key:zDnaeqEsC8MYUXmQzTj97rgo9PQzJBjn6qdXPUbuetcRWZUte"
          },
          "user": {
            "address": "0x04fFB597cb8A201D48Df806040f20c81be18aB6e",
            "networkId": "eip155",
            "chainId": 1
          },
          "signatures": [
            [
              "1734078311",
              "did:key:zDnaeqEsC8MYUXmQzTj97rgo9PQzJBjn6qdXPUbuetcRWZUte",
              "YZSkLn0RAxuVQy5PZGTrXxRHDX8=",
              "sevbBWw9lTAlaxjQcOapfhvVGbU=",
              "0x3041a8e2db686da8dbd334d1980e64acf3a0539b440a8b2ea0609e8c34e66db064477f1b0732d46d2ddb416e71074fbba9547c5ff5569af666bae03ea8375a84"
            ]
          ]
        }
      },
      "type": "SET_OPERATION_SCHEMA",
      "input": {
        "id": "KYEvoUX1+1dlF/8ou2axtkjKoW8=",
        "schema": ""
      },
      "scope": "global",
      "id": "e646bc91-f449-4d6e-b9f5-32c59b5fddc6",
      "index": 126,
      "timestamp": "2024-12-13T08:25:10.679Z",
      "hash": "Lri9rb2rTm8Mdqp2eXeNySkKM0g=",
      "skip": 0
    },
    {
      "context": {
        "signer": {
          "app": {
            "name": "Connect",
            "key": "did:key:zDnaeqEsC8MYUXmQzTj97rgo9PQzJBjn6qdXPUbuetcRWZUte"
          },
          "user": {
            "address": "0x04fFB597cb8A201D48Df806040f20c81be18aB6e",
            "networkId": "eip155",
            "chainId": 1
          },
          "signatures": [
            [
              "1734078312",
              "did:key:zDnaeqEsC8MYUXmQzTj97rgo9PQzJBjn6qdXPUbuetcRWZUte",
              "KkzBXPbM2HiiitLuZAQNW0yCCSc=",
              "sevbBWw9lTAlaxjQcOapfhvVGbU=",
              "0xc74775c200ded3e1d75fb4c2cc97ae7125ea7a6b0230bc83699a68bfd412fd3adac1dbc4d89a0e89d2f5118528b6411744f6ed79d99bd6bf51c0eb438b549b99"
            ]
          ]
        }
      },
      "type": "SET_OPERATION_SCHEMA",
      "input": {
        "id": "KYEvoUX1+1dlF/8ou2axtkjKoW8=",
        "schema": ""
      },
      "scope": "global",
      "id": "ea725977-fbd9-4fea-a229-78554e184fb8",
      "index": 127,
      "timestamp": "2024-12-13T08:25:11.766Z",
      "hash": "Lri9rb2rTm8Mdqp2eXeNySkKM0g=",
      "skip": 0
    },
    {
      "context": {
        "signer": {
          "app": {
            "name": "Connect",
            "key": "did:key:zDnaeqEsC8MYUXmQzTj97rgo9PQzJBjn6qdXPUbuetcRWZUte"
          },
          "user": {
            "address": "0x04fFB597cb8A201D48Df806040f20c81be18aB6e",
            "networkId": "eip155",
            "chainId": 1
          },
          "signatures": []
        }
      },
      "type": "SET_OPERATION_SCHEMA",
      "input": {
        "id": "KYEvoUX1+1dlF/8ou2axtkjKoW8=",
        "schema": ""
      },
      "scope": "global",
      "id": "d1fd3210-4927-4504-813a-7d74e15115da",
      "index": 128,
      "timestamp": "2024-12-13T08:25:18.464Z",
      "hash": "Lri9rb2rTm8Mdqp2eXeNySkKM0g=",
      "skip": 0
    },
    {
      "context": {
        "signer": {
          "app": {
            "name": "Connect",
            "key": "did:key:zDnaeqEsC8MYUXmQzTj97rgo9PQzJBjn6qdXPUbuetcRWZUte"
          },
          "user": {
            "address": "0x04fFB597cb8A201D48Df806040f20c81be18aB6e",
            "networkId": "eip155",
            "chainId": 1
          },
          "signatures": []
        }
      },
      "type": "SET_OPERATION_SCHEMA",
      "input": {
        "id": "KYEvoUX1+1dlF/8ou2axtkjKoW8=",
        "schema": "input UpdateTenetInput {\n  name: String\n  content: String\n  masterStatus: [Status!]!\n  globalTags: [String]\n  references: [PHID!]!\n}"
      },
      "scope": "global",
      "id": "c780dec7-9058-4bbb-b692-5762a0a00ed6",
      "index": 129,
      "timestamp": "2024-12-13T08:25:26.603Z",
      "hash": "zzDo/CXxsy4tdXwmxjs7dVBQvj4=",
      "skip": 0
    },
    {
      "type": "SET_MODEL_NAME",
      "input": {
        "name": "AtlasGrounding"
      },
      "scope": "global",
      "id": "6906427e-ac71-46da-a29c-fb81fc67842e",
      "index": 130,
      "timestamp": "2024-12-17T10:57:37.342Z",
      "hash": "FVsqjz2qpyQu75HVvZ5j/bV8q6U=",
      "skip": 0
    },
    {
      "type": "SET_STATE_SCHEMA",
      "input": {
        "schema": "type AtlasGroundingState {\n  name: String\n  docNo: String\n  parent: PHID!\n  content: String\n  masterStatus: Status!\n  globalTags: [GlobalTag!]!\n  references: [PHID!]!\n  provenance: URL\n  notionId: String\n}\n\nenum Status {\n  PLACEHOLDER\n  PROVISIONAL\n  APPROVED\n  DEFERRED\n  ARCHIVED\n}\n\nenum GlobalTag {\n  SCOPE_ADVISOR_\n  AVC_\n  CAIS_\n  ML___LOW_PRIORITY_\n  EXTERNAL_REFERENCE_\n  DAO_TOOLKIT_\n  ML___DEFER_\n  PURPOSE_SYSTEM_\n  NEWCHAIN_\n  ML___SUPPORT_DOCS_NEEDED_\n  TWO_STAGE_BRIDGE_\n  ECOSYSTEM_INTELLIGENCE_\n  RECURSIVE_IMPROVEMENT_\n  LEGACY_TERM___USE_APPROVED_\n}",
        "scope": "global"
      },
      "scope": "global",
      "id": "caf805a1-ffdd-47ac-b80a-3da9a0526228",
      "index": 131,
      "timestamp": "2024-12-17T10:57:37.343Z",
      "hash": "Zhc803NZevurOvDEXPWdYaawLfk=",
      "skip": 0
    },
    {
      "type": "SET_STATE_SCHEMA",
      "input": {
        "schema": "type AtlasGroundingState {\n  name: String\n  docNo: String\n  parent: PHID!\n  content: String\n  masterStatus: Status!\n  globalTags: [GlobalTag!]!\n  references: [PHID!]!\n  provenance: URL\n  notionId: String\n}\n\nenum Status {\n  PLACEHOLDER\n  PROVISIONAL\n  APPROVED\n  DEFERRED\n  ARCHIVED\n}\n\nenum GlobalTag {\n  SCOPE_ADVISOR_\n  AVC_\n  CAIS_\n  ML___LOW_PRIORITY_\n  EXTERNAL_REFERENCE_\n  DAO_TOOLKIT_\n  ML___DEFER_\n  PURPOSE_SYSTEM_\n  NEWCHAIN_\n  ML___SUPPORT_DOCS_NEEDED_\n  TWO_STAGE_BRIDGE_\n  ECOSYSTEM_INTELLIGENCE_\n  RECURSIVE_IMPROVEMENT_\n  LEGACY_TERM___USE_APPROVED_\n}",
        "scope": "global"
      },
      "scope": "global",
      "id": "5a74fd87-7063-482d-bc67-e5daad0d71f7",
      "index": 132,
      "timestamp": "2024-12-17T10:57:37.343Z",
      "hash": "Zhc803NZevurOvDEXPWdYaawLfk=",
      "skip": 0
    },
    {
      "type": "SET_MODEL_ID",
      "input": {
        "id": "sky/atlas-ground"
      },
      "scope": "global",
      "id": "d67eb2a7-1b5e-435c-b293-97b0b5eab36f",
      "index": 133,
      "timestamp": "2024-12-17T10:57:51.110Z",
      "hash": "U1LcvKSQiT18543OyUJgOlwtUxs=",
      "skip": 0
    },
    {
      "type": "SET_MODEL_NAME",
      "input": {
        "name": "AtlasGround"
      },
      "scope": "global",
      "id": "23693ea4-cef3-4d3d-b0ad-cd620253f346",
      "index": 134,
      "timestamp": "2024-12-17T10:57:52.934Z",
      "hash": "x/3I0zdMpHpv/2th+Os3yfPuohw=",
      "skip": 0
    },
    {
      "type": "SET_STATE_SCHEMA",
      "input": {
        "schema": "type AtlasGroundState {\n  name: String\n  docNo: String\n  parent: PHID!\n  content: String\n  masterStatus: Status!\n  globalTags: [GlobalTag!]!\n  references: [PHID!]!\n  provenance: URL\n  notionId: String\n}\n\nenum Status {\n  PLACEHOLDER\n  PROVISIONAL\n  APPROVED\n  DEFERRED\n  ARCHIVED\n}\n\nenum GlobalTag {\n  SCOPE_ADVISOR_\n  AVC_\n  CAIS_\n  ML___LOW_PRIORITY_\n  EXTERNAL_REFERENCE_\n  DAO_TOOLKIT_\n  ML___DEFER_\n  PURPOSE_SYSTEM_\n  NEWCHAIN_\n  ML___SUPPORT_DOCS_NEEDED_\n  TWO_STAGE_BRIDGE_\n  ECOSYSTEM_INTELLIGENCE_\n  RECURSIVE_IMPROVEMENT_\n  LEGACY_TERM___USE_APPROVED_\n}",
        "scope": "global"
      },
      "scope": "global",
      "id": "0eb931a3-751c-488d-9110-918f39587197",
      "index": 135,
      "timestamp": "2024-12-17T10:57:52.935Z",
      "hash": "jVJPN/J2EO5SagVlKYbDTkl+qfE=",
      "skip": 0
    },
    {
      "type": "SET_STATE_SCHEMA",
      "input": {
        "schema": "type AtlasGroundState {\n  name: String\n  docNo: String\n  parent: PHID!\n  content: String\n  masterStatus: Status!\n  globalTags: [GlobalTag!]!\n  references: [PHID!]!\n  provenance: URL\n  notionId: String\n}\n\nenum Status {\n  PLACEHOLDER\n  PROVISIONAL\n  APPROVED\n  DEFERRED\n  ARCHIVED\n}\n\nenum GlobalTag {\n  SCOPE_ADVISOR_\n  AVC_\n  CAIS_\n  ML___LOW_PRIORITY_\n  EXTERNAL_REFERENCE_\n  DAO_TOOLKIT_\n  ML___DEFER_\n  PURPOSE_SYSTEM_\n  NEWCHAIN_\n  ML___SUPPORT_DOCS_NEEDED_\n  TWO_STAGE_BRIDGE_\n  ECOSYSTEM_INTELLIGENCE_\n  RECURSIVE_IMPROVEMENT_\n  LEGACY_TERM___USE_APPROVED_\n}",
        "scope": "global"
      },
      "scope": "global",
      "id": "add88096-a3ee-463c-aada-f98da41912b0",
      "index": 136,
      "timestamp": "2024-12-17T10:57:52.935Z",
      "hash": "jVJPN/J2EO5SagVlKYbDTkl+qfE=",
      "skip": 0
    },
    {
      "type": "SET_INITIAL_STATE",
      "input": {
        "initialValue": "{\n  \"name\": \"\",\n  \"docNo\": \"\",\n  \"parent\": \"\",\n  \"content\": \"\",\n  \"masterStatus\": \"PLACEHOLDER\",\n  \"globalTags\": [],\n  \"references\": [],\n  \"provenance\": \"\",\n  \"notionId\": \"\"\n}",
        "scope": "global"
      },
      "scope": "global",
      "id": "6131aaf5-f8fe-46f2-9557-8e098a4a4145",
      "index": 137,
      "timestamp": "2024-12-17T10:57:58.630Z",
      "hash": "lxx2Y2a3XwS4WKn6thBpRsXwBhk=",
      "skip": 0
    },
    {
      "type": "SET_STATE_SCHEMA",
      "input": {
        "schema": "type AtlasGroundState {\n  name: String\n  docNo: String\n  parent: PHID!\n    atlasType: AtlasType! ###\n\n  content: String\n  masterStatus: Status!\n  globalTags: [GlobalTag!]!\n  references: [PHID!]!\n  provenance: URL\n  notionId: String\n}\n\nenum Status {\n  PLACEHOLDER\n  PROVISIONAL\n  APPROVED\n  DEFERRED\n  ARCHIVED\n}\n\nenum GlobalTag {\n  SCOPE_ADVISOR_\n  AVC_\n  CAIS_\n  ML___LOW_PRIORITY_\n  EXTERNAL_REFERENCE_\n  DAO_TOOLKIT_\n  ML___DEFER_\n  PURPOSE_SYSTEM_\n  NEWCHAIN_\n  ML___SUPPORT_DOCS_NEEDED_\n  TWO_STAGE_BRIDGE_\n  ECOSYSTEM_INTELLIGENCE_\n  RECURSIVE_IMPROVEMENT_\n  LEGACY_TERM___USE_APPROVED_\n}",
        "scope": "global"
      },
      "scope": "global",
      "id": "686b32ee-943a-473e-8b51-671c297bb424",
      "index": 138,
      "timestamp": "2024-12-17T10:58:17.398Z",
      "hash": "8kw5avLDi7/+3Bf4O9NoV/mJ9ow=",
      "skip": 0
    },
    {
      "type": "SET_STATE_SCHEMA",
      "input": {
        "schema": "type AtlasGroundState {\n  name: String\n  docNo: String\n  parent: PHID!\n  atlasType: AtlasType! ###\n\n  content: String\n  masterStatus: Status!\n  globalTags: [GlobalTag!]!\n  references: [PHID!]!\n  provenance: URL\n  notionId: String\n}\n\nenum Status {\n  PLACEHOLDER\n  PROVISIONAL\n  APPROVED\n  DEFERRED\n  ARCHIVED\n}\n\nenum GlobalTag {\n  SCOPE_ADVISOR_\n  AVC_\n  CAIS_\n  ML___LOW_PRIORITY_\n  EXTERNAL_REFERENCE_\n  DAO_TOOLKIT_\n  ML___DEFER_\n  PURPOSE_SYSTEM_\n  NEWCHAIN_\n  ML___SUPPORT_DOCS_NEEDED_\n  TWO_STAGE_BRIDGE_\n  ECOSYSTEM_INTELLIGENCE_\n  RECURSIVE_IMPROVEMENT_\n  LEGACY_TERM___USE_APPROVED_\n}",
        "scope": "global"
      },
      "scope": "global",
      "id": "22274196-c32c-47a7-b63d-0290976f0f9c",
      "index": 139,
      "timestamp": "2024-12-17T10:58:18.857Z",
      "hash": "OMmbvrLfuoO7WHc06sIB3fW4s+o=",
      "skip": 0
    },
    {
      "type": "SET_STATE_SCHEMA",
      "input": {
        "schema": "type AtlasGroundState {\n  name: String\n  docNo: String\n  parent: PHID!\n  atlasType: AtlasType! ###\n\n  content: String\n  masterStatus: Status!\n  globalTags: [GlobalTag!]!\n  references: [PHID!]!\n  provenance: URL\n  notionId: String\n}\n\n\nenum Status {\n  PLACEHOLDER\n  PROVISIONAL\n  APPROVED\n  DEFERRED\n  ARCHIVED\n}\n\nenum GlobalTag {\n  SCOPE_ADVISOR_\n  AVC_\n  CAIS_\n  ML___LOW_PRIORITY_\n  EXTERNAL_REFERENCE_\n  DAO_TOOLKIT_\n  ML___DEFER_\n  PURPOSE_SYSTEM_\n  NEWCHAIN_\n  ML___SUPPORT_DOCS_NEEDED_\n  TWO_STAGE_BRIDGE_\n  ECOSYSTEM_INTELLIGENCE_\n  RECURSIVE_IMPROVEMENT_\n  LEGACY_TERM___USE_APPROVED_\n}",
        "scope": "global"
      },
      "scope": "global",
      "id": "56e5fe51-56a6-4b00-9a31-a7c8f74c8f7d",
      "index": 140,
      "timestamp": "2024-12-17T10:58:20.423Z",
      "hash": "tZcwFAE5R1GW75BGB04BVoOtnnM=",
      "skip": 0
    },
    {
      "type": "SET_STATE_SCHEMA",
      "input": {
        "schema": "type AtlasGroundState {\n  name: String\n  docNo: String\n  parent: PHID!\n  atlasType: AtlasType! ###\n\n  content: String\n  masterStatus: Status!\n  globalTags: [GlobalTag!]!\n  references: [PHID!]!\n  provenance: URL\n  notionId: String\n}\n\nenum A\nenum Status {\n  PLACEHOLDER\n  PROVISIONAL\n  APPROVED\n  DEFERRED\n  ARCHIVED\n}\n\nenum GlobalTag {\n  SCOPE_ADVISOR_\n  AVC_\n  CAIS_\n  ML___LOW_PRIORITY_\n  EXTERNAL_REFERENCE_\n  DAO_TOOLKIT_\n  ML___DEFER_\n  PURPOSE_SYSTEM_\n  NEWCHAIN_\n  ML___SUPPORT_DOCS_NEEDED_\n  TWO_STAGE_BRIDGE_\n  ECOSYSTEM_INTELLIGENCE_\n  RECURSIVE_IMPROVEMENT_\n  LEGACY_TERM___USE_APPROVED_\n}",
        "scope": "global"
      },
      "scope": "global",
      "id": "25143387-1360-4810-82b5-b3ab72f55742",
      "index": 141,
      "timestamp": "2024-12-17T10:58:23.075Z",
      "hash": "0Cf9t+YzOlTBIf1R8z8JRV+jpmY=",
      "skip": 0
    },
    {
      "type": "SET_STATE_SCHEMA",
      "input": {
        "schema": "type AtlasGroundState {\n  name: String\n  docNo: String\n  parent: PHID!\n  atlasType: AtlasType! ###\n\n  content: String\n  masterStatus: Status!\n  globalTags: [GlobalTag!]!\n  references: [PHID!]!\n  provenance: URL\n  notionId: String\n}\n\nenum Atlas\nenum Status {\n  PLACEHOLDER\n  PROVISIONAL\n  APPROVED\n  DEFERRED\n  ARCHIVED\n}\n\nenum GlobalTag {\n  SCOPE_ADVISOR_\n  AVC_\n  CAIS_\n  ML___LOW_PRIORITY_\n  EXTERNAL_REFERENCE_\n  DAO_TOOLKIT_\n  ML___DEFER_\n  PURPOSE_SYSTEM_\n  NEWCHAIN_\n  ML___SUPPORT_DOCS_NEEDED_\n  TWO_STAGE_BRIDGE_\n  ECOSYSTEM_INTELLIGENCE_\n  RECURSIVE_IMPROVEMENT_\n  LEGACY_TERM___USE_APPROVED_\n}",
        "scope": "global"
      },
      "scope": "global",
      "id": "6a1c37f1-8673-4dc1-88dc-c46e8efbc874",
      "index": 142,
      "timestamp": "2024-12-17T10:58:23.997Z",
      "hash": "R+aoAyi0u90oDvAUQOsJbSRduTI=",
      "skip": 0
    },
    {
      "type": "SET_STATE_SCHEMA",
      "input": {
        "schema": "type AtlasGroundState {\n  name: String\n  docNo: String\n  parent: PHID!\n  atlasType: AtlasType! ###\n\n  content: String\n  masterStatus: Status!\n  globalTags: [GlobalTag!]!\n  references: [PHID!]!\n  provenance: URL\n  notionId: String\n}\n\nenum AtlasType \nenum Status {\n  PLACEHOLDER\n  PROVISIONAL\n  APPROVED\n  DEFERRED\n  ARCHIVED\n}\n\nenum GlobalTag {\n  SCOPE_ADVISOR_\n  AVC_\n  CAIS_\n  ML___LOW_PRIORITY_\n  EXTERNAL_REFERENCE_\n  DAO_TOOLKIT_\n  ML___DEFER_\n  PURPOSE_SYSTEM_\n  NEWCHAIN_\n  ML___SUPPORT_DOCS_NEEDED_\n  TWO_STAGE_BRIDGE_\n  ECOSYSTEM_INTELLIGENCE_\n  RECURSIVE_IMPROVEMENT_\n  LEGACY_TERM___USE_APPROVED_\n}",
        "scope": "global"
      },
      "scope": "global",
      "id": "0ecf2397-9075-43da-a865-a5fbafcce76d",
      "index": 143,
      "timestamp": "2024-12-17T10:58:26.479Z",
      "hash": "E8/gKiS6VfnG3jHIYNVv4nOZcOg=",
      "skip": 0
    },
    {
      "type": "SET_STATE_SCHEMA",
      "input": {
        "schema": "type AtlasGroundState {\n  name: String\n  docNo: String\n  parent: PHID!\n  atlasType: AtlasType! ###\n\n  content: String\n  masterStatus: Status!\n  globalTags: [GlobalTag!]!\n  references: [PHID!]!\n  provenance: URL\n  notionId: String\n}\n\nenum AtlasType []\nenum Status {\n  PLACEHOLDER\n  PROVISIONAL\n  APPROVED\n  DEFERRED\n  ARCHIVED\n}\n\nenum GlobalTag {\n  SCOPE_ADVISOR_\n  AVC_\n  CAIS_\n  ML___LOW_PRIORITY_\n  EXTERNAL_REFERENCE_\n  DAO_TOOLKIT_\n  ML___DEFER_\n  PURPOSE_SYSTEM_\n  NEWCHAIN_\n  ML___SUPPORT_DOCS_NEEDED_\n  TWO_STAGE_BRIDGE_\n  ECOSYSTEM_INTELLIGENCE_\n  RECURSIVE_IMPROVEMENT_\n  LEGACY_TERM___USE_APPROVED_\n}",
        "scope": "global"
      },
      "scope": "global",
      "id": "1a6b0591-321e-4ec9-bf9b-42acb4b42bae",
      "index": 144,
      "timestamp": "2024-12-17T10:58:27.078Z",
      "hash": "Atp329uTNyHMtxgo1qYdI8I4oOo=",
      "skip": 0
    },
    {
      "type": "SET_STATE_SCHEMA",
      "input": {
        "schema": "type AtlasGroundState {\n  name: String\n  docNo: String\n  parent: PHID!\n  atlasType: AtlasType! ###\n\n  content: String\n  masterStatus: Status!\n  globalTags: [GlobalTag!]!\n  references: [PHID!]!\n  provenance: URL\n  notionId: String\n}\n\nenum AtlasType @\nenum Status {\n  PLACEHOLDER\n  PROVISIONAL\n  APPROVED\n  DEFERRED\n  ARCHIVED\n}\n\nenum GlobalTag {\n  SCOPE_ADVISOR_\n  AVC_\n  CAIS_\n  ML___LOW_PRIORITY_\n  EXTERNAL_REFERENCE_\n  DAO_TOOLKIT_\n  ML___DEFER_\n  PURPOSE_SYSTEM_\n  NEWCHAIN_\n  ML___SUPPORT_DOCS_NEEDED_\n  TWO_STAGE_BRIDGE_\n  ECOSYSTEM_INTELLIGENCE_\n  RECURSIVE_IMPROVEMENT_\n  LEGACY_TERM___USE_APPROVED_\n}",
        "scope": "global"
      },
      "scope": "global",
      "id": "ed8ad6e8-e31b-4ce4-9efb-9c853510d1a9",
      "index": 145,
      "timestamp": "2024-12-17T10:58:28.033Z",
      "hash": "hBWOELCWuvlctCiGhfNB3KesgM8=",
      "skip": 0
    },
    {
      "type": "SET_STATE_SCHEMA",
      "input": {
        "schema": "type AtlasGroundState {\n  name: String\n  docNo: String\n  parent: PHID!\n  atlasType: AtlasType! ###\n\n  content: String\n  masterStatus: Status!\n  globalTags: [GlobalTag!]!\n  references: [PHID!]!\n  provenance: URL\n  notionId: String\n}\n\nenum AtlasType {}\nenum Status {\n  PLACEHOLDER\n  PROVISIONAL\n  APPROVED\n  DEFERRED\n  ARCHIVED\n}\n\nenum GlobalTag {\n  SCOPE_ADVISOR_\n  AVC_\n  CAIS_\n  ML___LOW_PRIORITY_\n  EXTERNAL_REFERENCE_\n  DAO_TOOLKIT_\n  ML___DEFER_\n  PURPOSE_SYSTEM_\n  NEWCHAIN_\n  ML___SUPPORT_DOCS_NEEDED_\n  TWO_STAGE_BRIDGE_\n  ECOSYSTEM_INTELLIGENCE_\n  RECURSIVE_IMPROVEMENT_\n  LEGACY_TERM___USE_APPROVED_\n}",
        "scope": "global"
      },
      "scope": "global",
      "id": "4a6b790f-1196-4936-a6a7-20be0ca4b1f7",
      "index": 146,
      "timestamp": "2024-12-17T10:58:28.847Z",
      "hash": "caaJT79q0cgXMWmqbvi+31jGUD8=",
      "skip": 0
    },
    {
      "type": "SET_STATE_SCHEMA",
      "input": {
        "schema": "type AtlasGroundState {\n  name: String\n  docNo: String\n  parent: PHID!\n  atlasType: AtlasType! ###\n\n  content: String\n  masterStatus: Status!\n  globalTags: [GlobalTag!]!\n  references: [PHID!]!\n  provenance: URL\n  notionId: String\n}\n\nenum AtlasType {\n\n  \n}\nenum Status {\n  PLACEHOLDER\n  PROVISIONAL\n  APPROVED\n  DEFERRED\n  ARCHIVED\n}\n\nenum GlobalTag {\n  SCOPE_ADVISOR_\n  AVC_\n  CAIS_\n  ML___LOW_PRIORITY_\n  EXTERNAL_REFERENCE_\n  DAO_TOOLKIT_\n  ML___DEFER_\n  PURPOSE_SYSTEM_\n  NEWCHAIN_\n  ML___SUPPORT_DOCS_NEEDED_\n  TWO_STAGE_BRIDGE_\n  ECOSYSTEM_INTELLIGENCE_\n  RECURSIVE_IMPROVEMENT_\n  LEGACY_TERM___USE_APPROVED_\n}",
        "scope": "global"
      },
      "scope": "global",
      "id": "b9883a44-adba-4567-b100-4b18ca781ad5",
      "index": 147,
      "timestamp": "2024-12-17T10:58:29.615Z",
      "hash": "HuXMfuA2uPzlEWUkNMenEQStiWg=",
      "skip": 0
    },
    {
      "type": "SET_STATE_SCHEMA",
      "input": {
        "schema": "type AtlasGroundState {\n  name: String\n  docNo: String\n  parent: PHID!\n  atlasType: AtlasType! ###\n\n  content: String\n  masterStatus: Status!\n  globalTags: [GlobalTag!]!\n  references: [PHID!]!\n  provenance: URL\n  notionId: String\n}\n\nenum AtlasType {\nTENET\n  \n  \n}\nenum Status {\n  PLACEHOLDER\n  PROVISIONAL\n  APPROVED\n  DEFERRED\n  ARCHIVED\n}\n\nenum GlobalTag {\n  SCOPE_ADVISOR_\n  AVC_\n  CAIS_\n  ML___LOW_PRIORITY_\n  EXTERNAL_REFERENCE_\n  DAO_TOOLKIT_\n  ML___DEFER_\n  PURPOSE_SYSTEM_\n  NEWCHAIN_\n  ML___SUPPORT_DOCS_NEEDED_\n  TWO_STAGE_BRIDGE_\n  ECOSYSTEM_INTELLIGENCE_\n  RECURSIVE_IMPROVEMENT_\n  LEGACY_TERM___USE_APPROVED_\n}",
        "scope": "global"
      },
      "scope": "global",
      "id": "48bd2060-bb6b-4129-8bc3-904c557b64b9",
      "index": 148,
      "timestamp": "2024-12-17T10:58:34.430Z",
      "hash": "kyg1vMIQFciS4Vek2o00imJc7sU=",
      "skip": 0
    },
    {
      "type": "SET_STATE_SCHEMA",
      "input": {
        "schema": "type AtlasGroundState {\n  name: String\n  docNo: String\n  parent: PHID!\n  atlasType: AtlasType! ###\n\n  content: String\n  masterStatus: Status!\n  globalTags: [GlobalTag!]!\n  references: [PHID!]!\n  provenance: URL\n  notionId: String\n}\n\nenum AtlasType {\nTENET\n\n  \n}\nenum Status {\n  PLACEHOLDER\n  PROVISIONAL\n  APPROVED\n  DEFERRED\n  ARCHIVED\n}\n\nenum GlobalTag {\n  SCOPE_ADVISOR_\n  AVC_\n  CAIS_\n  ML___LOW_PRIORITY_\n  EXTERNAL_REFERENCE_\n  DAO_TOOLKIT_\n  ML___DEFER_\n  PURPOSE_SYSTEM_\n  NEWCHAIN_\n  ML___SUPPORT_DOCS_NEEDED_\n  TWO_STAGE_BRIDGE_\n  ECOSYSTEM_INTELLIGENCE_\n  RECURSIVE_IMPROVEMENT_\n  LEGACY_TERM___USE_APPROVED_\n}",
        "scope": "global"
      },
      "scope": "global",
      "id": "8c73b176-4634-4859-a1d1-1395c567f26d",
      "index": 149,
      "timestamp": "2024-12-17T10:58:36.032Z",
      "hash": "BF46pIJrmmxdMxr83DQhsofugBo=",
      "skip": 0
    },
    {
      "type": "SET_STATE_SCHEMA",
      "input": {
        "schema": "type AtlasGroundState {\n  name: String\n  docNo: String\n  parent: PHID!\n  atlasType: AtlasType! ###\n\n  content: String\n  masterStatus: Status!\n  globalTags: [GlobalTag!]!\n  references: [PHID!]!\n  provenance: URL\n  notionId: String\n}\n\nenum AtlasType {\nTENET\nORIGINAL\n  \n}\nenum Status {\n  PLACEHOLDER\n  PROVISIONAL\n  APPROVED\n  DEFERRED\n  ARCHIVED\n}\n\nenum GlobalTag {\n  SCOPE_ADVISOR_\n  AVC_\n  CAIS_\n  ML___LOW_PRIORITY_\n  EXTERNAL_REFERENCE_\n  DAO_TOOLKIT_\n  ML___DEFER_\n  PURPOSE_SYSTEM_\n  NEWCHAIN_\n  ML___SUPPORT_DOCS_NEEDED_\n  TWO_STAGE_BRIDGE_\n  ECOSYSTEM_INTELLIGENCE_\n  RECURSIVE_IMPROVEMENT_\n  LEGACY_TERM___USE_APPROVED_\n}",
        "scope": "global"
      },
      "scope": "global",
      "id": "2277ff0b-9baf-49f4-8376-88c36cdd2e3d",
      "index": 150,
      "timestamp": "2024-12-17T10:58:38.756Z",
      "hash": "QmFMt1D6qizhB/nnFehN+g/i74g=",
      "skip": 0
    },
    {
      "type": "SET_STATE_SCHEMA",
      "input": {
        "schema": "type AtlasGroundState {\n  name: String\n  docNo: String\n  parent: PHID!\n  atlasType: AtlasType! ###\n\n  content: String\n  masterStatus: Status!\n  globalTags: [GlobalTag!]!\n  references: [PHID!]!\n  provenance: URL\n  notionId: String\n}\n\nenum AtlasType {\nTENET\nORIGINAL_CONTEXt_\n  \n}\nenum Status {\n  PLACEHOLDER\n  PROVISIONAL\n  APPROVED\n  DEFERRED\n  ARCHIVED\n}\n\nenum GlobalTag {\n  SCOPE_ADVISOR_\n  AVC_\n  CAIS_\n  ML___LOW_PRIORITY_\n  EXTERNAL_REFERENCE_\n  DAO_TOOLKIT_\n  ML___DEFER_\n  PURPOSE_SYSTEM_\n  NEWCHAIN_\n  ML___SUPPORT_DOCS_NEEDED_\n  TWO_STAGE_BRIDGE_\n  ECOSYSTEM_INTELLIGENCE_\n  RECURSIVE_IMPROVEMENT_\n  LEGACY_TERM___USE_APPROVED_\n}",
        "scope": "global"
      },
      "scope": "global",
      "id": "f37055a2-c147-4e8c-af86-c8f5e4757499",
      "index": 151,
      "timestamp": "2024-12-17T10:58:40.524Z",
      "hash": "lx7hNAedIYMLJfLpNJv+HRwuBCQ=",
      "skip": 0
    },
    {
      "type": "SET_STATE_SCHEMA",
      "input": {
        "schema": "type AtlasGroundState {\n  name: String\n  docNo: String\n  parent: PHID!\n  atlasType: AtlasType! ###\n\n  content: String\n  masterStatus: Status!\n  globalTags: [GlobalTag!]!\n  references: [PHID!]!\n  provenance: URL\n  notionId: String\n}\n\nenum AtlasType {\nTENET\nORIGINAL_CONTEX\n  \n}\nenum Status {\n  PLACEHOLDER\n  PROVISIONAL\n  APPROVED\n  DEFERRED\n  ARCHIVED\n}\n\nenum GlobalTag {\n  SCOPE_ADVISOR_\n  AVC_\n  CAIS_\n  ML___LOW_PRIORITY_\n  EXTERNAL_REFERENCE_\n  DAO_TOOLKIT_\n  ML___DEFER_\n  PURPOSE_SYSTEM_\n  NEWCHAIN_\n  ML___SUPPORT_DOCS_NEEDED_\n  TWO_STAGE_BRIDGE_\n  ECOSYSTEM_INTELLIGENCE_\n  RECURSIVE_IMPROVEMENT_\n  LEGACY_TERM___USE_APPROVED_\n}",
        "scope": "global"
      },
      "scope": "global",
      "id": "52b06924-1368-4d47-978f-3e6d5e657aba",
      "index": 152,
      "timestamp": "2024-12-17T10:58:41.170Z",
      "hash": "ozifmAn/egCDVHYg2wctmO8D3g0=",
      "skip": 0
    },
    {
      "type": "SET_STATE_SCHEMA",
      "input": {
        "schema": "type AtlasGroundState {\n  name: String\n  docNo: String\n  parent: PHID!\n  atlasType: AtlasType! ###\n\n  content: String\n  masterStatus: Status!\n  globalTags: [GlobalTag!]!\n  references: [PHID!]!\n  provenance: URL\n  notionId: String\n}\n\nenum AtlasType {\nTENET\nORIGINAL_CONTEXt\n  \n}\nenum Status {\n  PLACEHOLDER\n  PROVISIONAL\n  APPROVED\n  DEFERRED\n  ARCHIVED\n}\n\nenum GlobalTag {\n  SCOPE_ADVISOR_\n  AVC_\n  CAIS_\n  ML___LOW_PRIORITY_\n  EXTERNAL_REFERENCE_\n  DAO_TOOLKIT_\n  ML___DEFER_\n  PURPOSE_SYSTEM_\n  NEWCHAIN_\n  ML___SUPPORT_DOCS_NEEDED_\n  TWO_STAGE_BRIDGE_\n  ECOSYSTEM_INTELLIGENCE_\n  RECURSIVE_IMPROVEMENT_\n  LEGACY_TERM___USE_APPROVED_\n}",
        "scope": "global"
      },
      "scope": "global",
      "id": "17921931-ff73-4ad2-bc49-38c23867ad35",
      "index": 153,
      "timestamp": "2024-12-17T10:58:42.093Z",
      "hash": "1uJyhA4YNeujYLcqNzC/E4eikLc=",
      "skip": 0
    },
    {
      "type": "SET_STATE_SCHEMA",
      "input": {
        "schema": "type AtlasGroundState {\n  name: String\n  docNo: String\n  parent: PHID!\n  atlasType: AtlasType! ###\n\n  content: String\n  masterStatus: Status!\n  globalTags: [GlobalTag!]!\n  references: [PHID!]!\n  provenance: URL\n  notionId: String\n}\n\nenum AtlasType {\nTENET\nORIGINAL_CONTEXT\n  \n}\nenum Status {\n  PLACEHOLDER\n  PROVISIONAL\n  APPROVED\n  DEFERRED\n  ARCHIVED\n}\n\nenum GlobalTag {\n  SCOPE_ADVISOR_\n  AVC_\n  CAIS_\n  ML___LOW_PRIORITY_\n  EXTERNAL_REFERENCE_\n  DAO_TOOLKIT_\n  ML___DEFER_\n  PURPOSE_SYSTEM_\n  NEWCHAIN_\n  ML___SUPPORT_DOCS_NEEDED_\n  TWO_STAGE_BRIDGE_\n  ECOSYSTEM_INTELLIGENCE_\n  RECURSIVE_IMPROVEMENT_\n  LEGACY_TERM___USE_APPROVED_\n}",
        "scope": "global"
      },
      "scope": "global",
      "id": "5484ef4e-85f5-4711-9332-9f2c568ed08a",
      "index": 154,
      "timestamp": "2024-12-17T10:58:44.050Z",
      "hash": "K096I78t6RXMNNpamH5aAF8jNms=",
      "skip": 0
    },
    {
      "type": "SET_STATE_SCHEMA",
      "input": {
        "schema": "type AtlasGroundState {\n  name: String\n  docNo: String\n  parent: PHID!\n  atlasType: AtlasType! ###\n\n  content: String\n  masterStatus: Status!\n  globalTags: [GlobalTag!]!\n  references: [PHID!]!\n  provenance: URL\n  notionId: String\n}\n\nenum AtlasType {\nTENET\nORIGINAL_CONTEXT_DATA\n  \n  \n}\nenum Status {\n  PLACEHOLDER\n  PROVISIONAL\n  APPROVED\n  DEFERRED\n  ARCHIVED\n}\n\nenum GlobalTag {\n  SCOPE_ADVISOR_\n  AVC_\n  CAIS_\n  ML___LOW_PRIORITY_\n  EXTERNAL_REFERENCE_\n  DAO_TOOLKIT_\n  ML___DEFER_\n  PURPOSE_SYSTEM_\n  NEWCHAIN_\n  ML___SUPPORT_DOCS_NEEDED_\n  TWO_STAGE_BRIDGE_\n  ECOSYSTEM_INTELLIGENCE_\n  RECURSIVE_IMPROVEMENT_\n  LEGACY_TERM___USE_APPROVED_\n}",
        "scope": "global"
      },
      "scope": "global",
      "id": "e66fb3c3-5d30-4522-95a3-1008ea7c1d3b",
      "index": 155,
      "timestamp": "2024-12-17T10:58:45.669Z",
      "hash": "iadd2fqYEftH65HwhOmNOrf0qcA=",
      "skip": 0
    },
    {
      "type": "SET_STATE_SCHEMA",
      "input": {
        "schema": "type AtlasGroundState {\n  name: String\n  docNo: String\n  parent: PHID!\n  atlasType: AtlasType! ###\n\n  content: String\n  masterStatus: Status!\n  globalTags: [GlobalTag!]!\n  references: [PHID!]!\n  provenance: URL\n  notionId: String\n}\n\nenum AtlasType {\nTENET\nORIGINAL_CONTEXT_DATA\n\n  \n}\nenum Status {\n  PLACEHOLDER\n  PROVISIONAL\n  APPROVED\n  DEFERRED\n  ARCHIVED\n}\n\nenum GlobalTag {\n  SCOPE_ADVISOR_\n  AVC_\n  CAIS_\n  ML___LOW_PRIORITY_\n  EXTERNAL_REFERENCE_\n  DAO_TOOLKIT_\n  ML___DEFER_\n  PURPOSE_SYSTEM_\n  NEWCHAIN_\n  ML___SUPPORT_DOCS_NEEDED_\n  TWO_STAGE_BRIDGE_\n  ECOSYSTEM_INTELLIGENCE_\n  RECURSIVE_IMPROVEMENT_\n  LEGACY_TERM___USE_APPROVED_\n}",
        "scope": "global"
      },
      "scope": "global",
      "id": "e2ead509-1842-44eb-96f7-bf87481d9938",
      "index": 156,
      "timestamp": "2024-12-17T10:58:46.446Z",
      "hash": "tXwhKJsQz4ZqE0rTJ2TihJuFIAQ=",
      "skip": 0
    },
    {
      "type": "SET_STATE_SCHEMA",
      "input": {
        "schema": "type AtlasGroundState {\n  name: String\n  docNo: String\n  parent: PHID!\n  atlasType: AtlasType! ###\n\n  content: String\n  masterStatus: Status!\n  globalTags: [GlobalTag!]!\n  references: [PHID!]!\n  provenance: URL\n  notionId: String\n}\n\nenum AtlasType {\nTENET\nORIGINAL_CONTEXT_DATA\nACTIVE_DATA\n  \n}\nenum Status {\n  PLACEHOLDER\n  PROVISIONAL\n  APPROVED\n  DEFERRED\n  ARCHIVED\n}\n\nenum GlobalTag {\n  SCOPE_ADVISOR_\n  AVC_\n  CAIS_\n  ML___LOW_PRIORITY_\n  EXTERNAL_REFERENCE_\n  DAO_TOOLKIT_\n  ML___DEFER_\n  PURPOSE_SYSTEM_\n  NEWCHAIN_\n  ML___SUPPORT_DOCS_NEEDED_\n  TWO_STAGE_BRIDGE_\n  ECOSYSTEM_INTELLIGENCE_\n  RECURSIVE_IMPROVEMENT_\n  LEGACY_TERM___USE_APPROVED_\n}",
        "scope": "global"
      },
      "scope": "global",
      "id": "0ed01e3d-9637-47bc-b4ba-464329e236c0",
      "index": 157,
      "timestamp": "2024-12-17T10:58:49.180Z",
      "hash": "1ipacgL8X5+rHRQHWJURB8vXuQY=",
      "skip": 0
    },
    {
      "type": "SET_STATE_SCHEMA",
      "input": {
        "schema": "type AtlasGroundState {\n  name: String\n  docNo: String\n  parent: PHID!\n  atlasType: AtlasType! ###\n\n  content: String\n  masterStatus: Status!\n  globalTags: [GlobalTag!]!\n  references: [PHID!]!\n  provenance: URL\n  notionId: String\n}\n\nenum AtlasType {\nTENET\nORIGINAL_CONTEXT_DATA\nACTIVE_DATA\n}\nenum Status {\n  PLACEHOLDER\n  PROVISIONAL\n  APPROVED\n  DEFERRED\n  ARCHIVED\n}\n\nenum GlobalTag {\n  SCOPE_ADVISOR_\n  AVC_\n  CAIS_\n  ML___LOW_PRIORITY_\n  EXTERNAL_REFERENCE_\n  DAO_TOOLKIT_\n  ML___DEFER_\n  PURPOSE_SYSTEM_\n  NEWCHAIN_\n  ML___SUPPORT_DOCS_NEEDED_\n  TWO_STAGE_BRIDGE_\n  ECOSYSTEM_INTELLIGENCE_\n  RECURSIVE_IMPROVEMENT_\n  LEGACY_TERM___USE_APPROVED_\n}",
        "scope": "global"
      },
      "scope": "global",
      "id": "594024b0-663c-46dd-8015-c562d452d1c0",
      "index": 158,
      "timestamp": "2024-12-17T10:58:51.032Z",
      "hash": "gA97SpUbAGgO3009L+Lc8g4k6Mw=",
      "skip": 0
    },
    {
      "type": "SET_STATE_SCHEMA",
      "input": {
        "schema": "type AtlasGroundState {\n  name: String\n  docNo: String\n  parent: PHID!\n  atlasType: AtlasType! ###\n\n  content: String\n  masterStatus: Status!\n  globalTags: [GlobalTag!]!\n  references: [PHID!]!\n  provenance: URL\n  notionId: String\n}\n\nenum AtlasType {\nTENET\nORIGINAL_CONTEXT_DATA\nACTIVE_DATA\n}\n\nenum Status {\n  PLACEHOLDER\n  PROVISIONAL\n  APPROVED\n  DEFERRED\n  ARCHIVED\n}\n\nenum GlobalTag {\n  SCOPE_ADVISOR_\n  AVC_\n  CAIS_\n  ML___LOW_PRIORITY_\n  EXTERNAL_REFERENCE_\n  DAO_TOOLKIT_\n  ML___DEFER_\n  PURPOSE_SYSTEM_\n  NEWCHAIN_\n  ML___SUPPORT_DOCS_NEEDED_\n  TWO_STAGE_BRIDGE_\n  ECOSYSTEM_INTELLIGENCE_\n  RECURSIVE_IMPROVEMENT_\n  LEGACY_TERM___USE_APPROVED_\n}",
        "scope": "global"
      },
      "scope": "global",
      "id": "6d3e5579-2c5e-4774-8e9d-99fa99041187",
      "index": 159,
      "timestamp": "2024-12-17T10:58:52.770Z",
      "hash": "2IrtnfbM4o3EjkWATjvyOhvbu6w=",
      "skip": 0
    },
    {
      "type": "SET_STATE_SCHEMA",
      "input": {
        "schema": "type AtlasGroundState {\n  name: String\n  docNo: String\n  parent: PHID!\n  atlasType: AtlasType! ###\n  content: String\n  masterStatus: Status!\n  globalTags: [GlobalTag!]!\n  references: [PHID!]!\n  provenance: URL\n  notionId: String\n}\n\nenum AtlasType {\nTENET\nORIGINAL_CONTEXT_DATA\nACTIVE_DATA\n}\n\nenum Status {\n  PLACEHOLDER\n  PROVISIONAL\n  APPROVED\n  DEFERRED\n  ARCHIVED\n}\n\nenum GlobalTag {\n  SCOPE_ADVISOR_\n  AVC_\n  CAIS_\n  ML___LOW_PRIORITY_\n  EXTERNAL_REFERENCE_\n  DAO_TOOLKIT_\n  ML___DEFER_\n  PURPOSE_SYSTEM_\n  NEWCHAIN_\n  ML___SUPPORT_DOCS_NEEDED_\n  TWO_STAGE_BRIDGE_\n  ECOSYSTEM_INTELLIGENCE_\n  RECURSIVE_IMPROVEMENT_\n  LEGACY_TERM___USE_APPROVED_\n}",
        "scope": "global"
      },
      "scope": "global",
      "id": "167afb45-b9e3-486b-9cac-f23d343f759f",
      "index": 160,
      "timestamp": "2024-12-17T10:58:54.341Z",
      "hash": "jss5u3dtMZbIgDZ2KXDV4yfrBA0=",
      "skip": 0
    },
    {
      "type": "SET_OPERATION_NAME",
      "input": {
        "id": "KYEvoUX1+1dlF/8ou2axtkjKoW8=",
        "name": "UPDATE_GROUND"
      },
      "scope": "global",
      "id": "36ce4016-9d45-4517-849d-2f474ea25656",
      "index": 161,
      "timestamp": "2024-12-17T10:59:02.967Z",
      "hash": "siCVKRTb9zHs9EYI0ZSPlXJXdsY=",
      "skip": 0
    },
    {
      "type": "SET_OPERATION_SCHEMA",
      "input": {
        "id": "KYEvoUX1+1dlF/8ou2axtkjKoW8=",
        "schema": "input UpdateInput {\n  name: String\n  content: String\n  masterStatus: [Status!]!\n  globalTags: [String]\n  references: [PHID!]!\n}"
      },
      "scope": "global",
      "id": "05581a4b-99cb-482a-94bd-4fb2ccfc543f",
      "index": 162,
      "timestamp": "2024-12-17T10:59:06.310Z",
      "hash": "DAzS+MO6rfN8gZlkO1BzA2FROmw=",
      "skip": 0
    },
    {
      "type": "SET_OPERATION_SCHEMA",
      "input": {
        "id": "KYEvoUX1+1dlF/8ou2axtkjKoW8=",
        "schema": "input UpdateGROUNInput {\n  name: String\n  content: String\n  masterStatus: [Status!]!\n  globalTags: [String]\n  references: [PHID!]!\n}"
      },
      "scope": "global",
      "id": "c6f5a06f-9869-4c2f-b85a-c26a8c264b51",
      "index": 163,
      "timestamp": "2024-12-17T10:59:07.410Z",
      "hash": "23l3jCbm1up4m4XLlsW817XzZYI=",
      "skip": 0
    },
    {
      "type": "SET_OPERATION_SCHEMA",
      "input": {
        "id": "KYEvoUX1+1dlF/8ou2axtkjKoW8=",
        "schema": "input UpdateInput {\n  name: String\n  content: String\n  masterStatus: [Status!]!\n  globalTags: [String]\n  references: [PHID!]!\n}"
      },
      "scope": "global",
      "id": "dd9ad808-b64a-4d88-b01a-29fe19b2d115",
      "index": 164,
      "timestamp": "2024-12-17T10:59:09.037Z",
      "hash": "DAzS+MO6rfN8gZlkO1BzA2FROmw=",
      "skip": 0
    },
    {
      "type": "SET_OPERATION_SCHEMA",
      "input": {
        "id": "KYEvoUX1+1dlF/8ou2axtkjKoW8=",
        "schema": "input UpdateGroundInput {\n  name: String\n  content: String\n  masterStatus: [Status!]!\n  globalTags: [String]\n  references: [PHID!]!\n}"
      },
      "scope": "global",
      "id": "a9714b3b-aac8-4c67-9cc3-cb0fd14c5aa7",
      "index": 165,
      "timestamp": "2024-12-17T10:59:10.583Z",
      "hash": "imJ1iW3PYeAKYlS7QmT3O62oxTw=",
      "skip": 0
    },
    {
      "type": "SET_OPERATION_SCHEMA",
      "input": {
        "id": "KYEvoUX1+1dlF/8ou2axtkjKoW8=",
        "schema": "input UpdateGroundInput {\n  name: String\n  content: String\n  masterStatus: [Status!]\n  globalTags: [String]\n  references: [PHID!]!\n}"
      },
      "scope": "global",
      "id": "7b199523-a6a1-47c3-9678-b401beae990d",
      "index": 166,
      "timestamp": "2024-12-17T10:59:19.438Z",
      "hash": "pfvtaBhSnH0gvCe1SYuZXUYDOFw=",
      "skip": 0
    },
    {
      "type": "SET_OPERATION_SCHEMA",
      "input": {
        "id": "KYEvoUX1+1dlF/8ou2axtkjKoW8=",
        "schema": "input UpdateGroundInput {\n  name: String\n  content: String\n  masterStatus: [Status!]\n  globalTags: [String]\n  references: [PHID!]\n}"
      },
      "scope": "global",
      "id": "d21be51c-52d7-4e52-acb0-f78e1de793cd",
      "index": 167,
      "timestamp": "2024-12-17T10:59:20.285Z",
      "hash": "nNfA7+Ja9t4wV8bMD73UY4fjliY=",
      "skip": 0
    },
    {
      "type": "SET_OPERATION_DESCRIPTION",
      "input": {
        "id": "KYEvoUX1+1dlF/8ou2axtkjKoW8=",
        "description": "Updates the Grounding document type. "
      },
      "scope": "global",
      "id": "a502d0b1-bd72-4d09-affe-a2218c73e42b",
      "index": 168,
      "timestamp": "2024-12-17T10:59:51.069Z",
      "hash": "pm7G/EBOLy1pVbFyjJ9EMT0xYpo=",
      "skip": 0
    },
    {
      "type": "ADD_OPERATION",
      "input": {
        "id": "zpuN9bTFqjHomQQwK846f0CUA9k=",
        "moduleId": "r1n/T0BeANl7p/qBKjvz6T18R+I=",
        "name": "POPULATE_GROUND"
      },
      "scope": "global",
      "id": "be6604e1-31d9-477e-a837-ee7cb992f566",
      "index": 169,
      "timestamp": "2024-12-17T11:00:00.501Z",
      "hash": "o2tPynQiCP+bFeaH26Ka52ipM/M=",
      "skip": 0
    },
    {
      "type": "SET_OPERATION_SCHEMA",
      "input": {
        "id": "zpuN9bTFqjHomQQwK846f0CUA9k=",
        "schema": "input PopulateGroundInput {\n  \"Add your inputs here\"\n  _placeholder: String\n}"
      },
      "scope": "global",
      "id": "7c27e2b0-cb80-4cc6-9e80-bb63501f3c61",
      "index": 170,
      "timestamp": "2024-12-17T11:00:00.524Z",
      "hash": "K64XgSdi/31AVqiBjrfrEkcKc10=",
      "skip": 0
    },
    {
      "type": "SET_OPERATION_SCHEMA",
      "input": {
        "id": "zpuN9bTFqjHomQQwK846f0CUA9k=",
        "schema": "input PopulateScopeInput {\n  name: String\n  docNo: String # e.g, A.1\n  content: String # change to markdown later (includes links, tables...)\n  masterStatus: [Status!]! \n  globalTags: [GlobalTag!]!\n\toriginalContextData: [PHID!]!\n\tprovenance: URL # p0Hub backlink\n\tnotionId: String # verify if this can be changed to UUID type\n}\n"
      },
      "scope": "global",
      "id": "75261a04-7b45-4d36-837a-97467e438fd0",
      "index": 171,
      "timestamp": "2024-12-17T11:00:03.771Z",
      "hash": "W6qu3v6UnOLrCrf3DuWVARCMyQ8=",
      "skip": 0
    },
    {
      "type": "SET_OPERATION_SCHEMA",
      "input": {
        "id": "zpuN9bTFqjHomQQwK846f0CUA9k=",
        "schema": "input PopulateScopeInput {\n   name: String\n  docNo: String\n  parent: PHID!\n  atlasType: AtlasType! ###\n  content: String\n  masterStatus: Status!\n  globalTags: [GlobalTag!]!\n  references: [PHID!]!\n  provenance: URL\n  notionId: String\n}\n"
      },
      "scope": "global",
      "id": "f846ae2c-1c70-427d-be6a-f0d4626ad867",
      "index": 172,
      "timestamp": "2024-12-17T11:00:10.398Z",
      "hash": "lClD/5C9PLChR5HZhr7vn2BQlU4=",
      "skip": 0
    },
    {
      "type": "SET_OPERATION_SCHEMA",
      "input": {
        "id": "zpuN9bTFqjHomQQwK846f0CUA9k=",
        "schema": "input PopulateGroundInput {\n   name: String\n  docNo: String\n  parent: PHID!\n  atlasType: AtlasType! ###\n  content: String\n  masterStatus: Status!\n  globalTags: [GlobalTag!]!\n  references: [PHID!]!\n  provenance: URL\n  notionId: String\n}\n"
      },
      "scope": "global",
      "id": "10753cfc-bb5f-4a02-9a85-eaa3414211b8",
      "index": 173,
      "timestamp": "2024-12-17T11:00:13.762Z",
      "hash": "gRTfv2F7aBSxt5ikZ5gR2XW9fD0=",
      "skip": 0
    },
    {
      "type": "SET_OPERATION_SCHEMA",
      "input": {
        "id": "zpuN9bTFqjHomQQwK846f0CUA9k=",
        "schema": "input PopulateGroundInput {\n  name: String\n  docNo: String\n  parent: PHID!\n  atlasType: AtlasType! ###\n  content: String\n  masterStatus: Status!\n  globalTags: [GlobalTag!]!\n  references: [PHID!]!\n  provenance: URL\n  notionId: String\n}\n"
      },
      "scope": "global",
      "id": "b40bb679-3c0a-413c-a321-1bf1543045db",
      "index": 174,
      "timestamp": "2024-12-17T11:00:15.571Z",
      "hash": "1tbme5Ol7OhdGPCBBT41XKjAKIg=",
      "skip": 0
    },
    {
      "type": "SET_OPERATION_SCHEMA",
      "input": {
        "id": "zpuN9bTFqjHomQQwK846f0CUA9k=",
        "schema": "input PopulateGroundInput {\n  name: String\n  docNo: String\n  parent: PHID!\n  atlasType: AtlasType! ###\n  content: String\n  masterStatus: Status!\n  globalTags: [GlobalTag!]\n  references: [PHID!]!\n  provenance: URL\n  notionId: String\n}\n"
      },
      "scope": "global",
      "id": "8703d8d4-f449-430b-a49c-8564b34d59f9",
      "index": 175,
      "timestamp": "2024-12-17T11:00:17.838Z",
      "hash": "SpKvREQ0nYMPZkWmdwDOoByXBqM=",
      "skip": 0
    },
    {
      "type": "SET_OPERATION_SCHEMA",
      "input": {
        "id": "zpuN9bTFqjHomQQwK846f0CUA9k=",
        "schema": "input PopulateGroundInput {\n  name: String\n  docNo: String\n  parent: PHID!\n  atlasType: AtlasType! ###\n  content: String\n  masterStatus: Status!\n  globalTags: [GlobalTag!]\n  references: [PHID!]\n  provenance: URL\n  notionId: String\n}\n"
      },
      "scope": "global",
      "id": "38f11958-e508-4463-9b8f-186dbeaef953",
      "index": 176,
      "timestamp": "2024-12-17T11:00:18.438Z",
      "hash": "pTg0tGYeSUQyE7aaGDOI6tPkfZg=",
      "skip": 0
    },
    {
      "type": "SET_OPERATION_SCHEMA",
      "input": {
        "id": "zpuN9bTFqjHomQQwK846f0CUA9k=",
        "schema": "input PopulateGroundInput {\n  name: String\n  docNo: String\n  parent: PHID!\n  atlasType: AtlasType!\n  content: String\n  masterStatus: Status!\n  globalTags: [GlobalTag!]\n  references: [PHID!]\n  provenance: URL\n  notionId: String\n}\n"
      },
      "scope": "global",
      "id": "7fe2775e-9d93-4a64-a488-455804cceff5",
      "index": 177,
      "timestamp": "2024-12-17T11:00:22.615Z",
      "hash": "2ePr2vUfwAJ9H3/AR9Ae79wzaX8=",
      "skip": 0
    },
    {
      "type": "ADD_OPERATION_ERROR",
      "input": {
        "id": "m1pwIY8AaZwUgfnnSldVEbDvSGs=",
        "operationId": "zpuN9bTFqjHomQQwK846f0CUA9k=",
        "errorName": "PopulatesAGroundingDocumentTypeWithLiveData"
      },
      "scope": "global",
      "id": "f01ede90-8376-441b-a687-2a4388a21d06",
      "index": 178,
      "timestamp": "2024-12-17T11:00:35.435Z",
      "hash": "Bldreep8zYDw1Z7D2XAZEvAhvMc=",
      "skip": 0
    },
    {
      "type": "SET_INITIAL_STATE",
      "input": {
        "initialValue": "{\n  \"name\": \"\",\n  \"docNo\": \"\",\n  \"parent\": \"\",\n  \"atlasType\": \"TENET\",\n  \"content\": \"\",\n  \"masterStatus\": \"PLACEHOLDER\",\n  \"globalTags\": [],\n  \"references\": [],\n  \"provenance\": \"\",\n  \"notionId\": \"\"\n}",
        "scope": "global"
      },
      "scope": "global",
      "id": "acb273d8-d9d8-4d12-baa1-91b0bbab0289",
      "index": 179,
      "timestamp": "2024-12-17T11:00:40.319Z",
      "hash": "csU8w7Bd11kmc3IMvfzDc6JAgmk=",
      "skip": 0
    },
    {
      "type": "SET_STATE_SCHEMA",
      "input": {
        "schema": "type AtlasGroundState {\n  name: String\n  docNo: String\n  parent: PHID!\n  atlasType: AtlasType!\n  content: String\n  masterStatus: Status!\n  globalTags: [GlobalTag!]!\n  references: [PHID!]!\n  provenance: URL\n  notionId: String\n}\n\nenum AtlasType {\nTENET\nORIGINAL_CONTEXT_DATA\nACTIVE_DATA\n}\n\nenum Status {\n  PLACEHOLDER\n  PROVISIONAL\n  APPROVED\n  DEFERRED\n  ARCHIVED\n}\n\nenum GlobalTag {\n  SCOPE_ADVISOR_\n  AVC_\n  CAIS_\n  ML___LOW_PRIORITY_\n  EXTERNAL_REFERENCE_\n  DAO_TOOLKIT_\n  ML___DEFER_\n  PURPOSE_SYSTEM_\n  NEWCHAIN_\n  ML___SUPPORT_DOCS_NEEDED_\n  TWO_STAGE_BRIDGE_\n  ECOSYSTEM_INTELLIGENCE_\n  RECURSIVE_IMPROVEMENT_\n  LEGACY_TERM___USE_APPROVED_\n}",
        "scope": "global"
      },
      "scope": "global",
      "id": "4258a5da-a446-4301-884d-bec1e254a1cf",
      "index": 180,
      "timestamp": "2024-12-17T11:00:43.207Z",
      "hash": "Ki/rrqndERmhcS50dts2O7fJcfY=",
      "skip": 0
    },
    {
      "type": "SET_OPERATION_SCHEMA",
      "input": {
        "id": "KYEvoUX1+1dlF/8ou2axtkjKoW8=",
        "schema": "input UpdateGroundInput {\n  name: String\n  content: String\n  atlasType: AtlasType!\n  masterStatus: [Status!]\n  globalTags: [String]\n  references: [PHID!]\n}"
      },
      "scope": "global",
      "id": "a5b82a43-2ea1-4dc6-81d2-568355295151",
      "index": 181,
      "timestamp": "2024-12-17T11:07:13.506Z",
      "hash": "W79hjydCSY+/QjNIt7XZx7o7Xik=",
      "skip": 0
    },
    {
      "type": "SET_OPERATION_SCHEMA",
      "input": {
        "id": "KYEvoUX1+1dlF/8ou2axtkjKoW8=",
        "schema": "input UpdateGroundInput {\n  name: String\n  content: String\n  atlasType: AtlasType!\n  masterStatus: [Status!]\n  globalTags: [String]\n  references: [PHID!]\n}\n\nenum AtlasType {\nTENET\nORIGINAL_CONTEXT_DATA\nACTIVE_DATA\n}\n\nenum Status {\n  PLACEHOLDER\n  PROVISIONAL\n  APPROVED\n  DEFERRED\n  ARCHIVED\n}\n\nenum GlobalTag {\n  SCOPE_ADVISOR_\n  AVC_\n  CAIS_\n  ML___LOW_PRIORITY_\n  EXTERNAL_REFERENCE_\n  DAO_TOOLKIT_\n  ML___DEFER_\n  PURPOSE_SYSTEM_\n  NEWCHAIN_\n  ML___SUPPORT_DOCS_NEEDED_\n  TWO_STAGE_BRIDGE_\n  ECOSYSTEM_INTELLIGENCE_\n  RECURSIVE_IMPROVEMENT_\n  LEGACY_TERM___USE_APPROVED_\n}"
      },
      "scope": "global",
      "id": "5345f1da-09e5-4244-a737-b65f846cee07",
      "index": 182,
      "timestamp": "2024-12-17T11:08:39.424Z",
      "hash": "JNaoHREFgle5SATxzxnSfDq0iNY=",
      "skip": 0
    },
    {
      "type": "SET_OPERATION_SCHEMA",
      "input": {
        "id": "zpuN9bTFqjHomQQwK846f0CUA9k=",
        "schema": "input PopulateGroundInput {\n  name: String\n  docNo: String\n  parent: PHID!\n  atlasType: AtlasType!\n  content: String\n  masterStatus: Status!\n  globalTags: [GlobalTag!]\n  references: [PHID!]\n  provenance: URL\n  notionId: String\n}\n\n\nenum AtlasType {\nTENET\nORIGINAL_CONTEXT_DATA\nACTIVE_DATA\n}\n\nenum Status {\n  PLACEHOLDER\n  PROVISIONAL\n  APPROVED\n  DEFERRED\n  ARCHIVED\n}\n\nenum GlobalTag {\n  SCOPE_ADVISOR_\n  AVC_\n  CAIS_\n  ML___LOW_PRIORITY_\n  EXTERNAL_REFERENCE_\n  DAO_TOOLKIT_\n  ML___DEFER_\n  PURPOSE_SYSTEM_\n  NEWCHAIN_\n  ML___SUPPORT_DOCS_NEEDED_\n  TWO_STAGE_BRIDGE_\n  ECOSYSTEM_INTELLIGENCE_\n  RECURSIVE_IMPROVEMENT_\n  LEGACY_TERM___USE_APPROVED_\n}"
      },
      "scope": "global",
      "id": "f3a77a51-0702-4b7d-97cb-f0b421f53345",
      "index": 183,
      "timestamp": "2024-12-17T11:08:42.328Z",
      "hash": "51Ghz11Hziw2/TkrCtk76kHgybw=",
      "skip": 0
    }
  ],
  "local": []
}