{
  "global": [
    {
      "context": {
        "signer": {
          "app": {
            "name": "Connect",
            "key": "did:key:zDnaeqEsC8MYUXmQzTj97rgo9PQzJBjn6qdXPUbuetcRWZUte"
          },
          "user": {
            "address": "0x04fFB597cb8A201D48Df806040f20c81be18aB6e",
            "networkId": "eip155",
            "chainId": 1
          },
          "signatures": [
            [
              "1734035249",
              "did:key:zDnaeqEsC8MYUXmQzTj97rgo9PQzJBjn6qdXPUbuetcRWZUte",
              "3y+rk4j6GjF7LN/ElncOMuurQK0=",
              "",
              "0x102979a672eb8b354ef23bf12b7c59ce6b854487c7243cb31502275386ec0e3f66235ca5039a488ddde9afc10791370b77adad89a9681718ba02ef42bca09d13"
            ]
          ]
        }
      },
      "type": "SET_MODEL_NAME",
      "input": {
        "name": "Atlas Core"
      },
      "scope": "global",
      "id": "e9abdb00-de0e-4cd0-958e-95e3b2da8f17",
      "index": 0,
      "timestamp": "2024-12-12T20:27:28.783Z",
      "hash": "BjKE3ipBRP1taHbJJ/7PfS30fyM=",
      "skip": 0
    },
    {
      "context": {
        "signer": {
          "app": {
            "name": "Connect",
            "key": "did:key:zDnaeqEsC8MYUXmQzTj97rgo9PQzJBjn6qdXPUbuetcRWZUte"
          },
          "user": {
            "address": "0x04fFB597cb8A201D48Df806040f20c81be18aB6e",
            "networkId": "eip155",
            "chainId": 1
          },
          "signatures": [
            [
              "1734035249",
              "did:key:zDnaeqEsC8MYUXmQzTj97rgo9PQzJBjn6qdXPUbuetcRWZUte",
              "D5rSvTWBBjiIbSXjKFfS2tohl70=",
              "BjKE3ipBRP1taHbJJ/7PfS30fyM=",
              "0xf1142821085b8c6ea78b431aef0367a60fad0394673e8de8b6c60c92e7ddfd6b677a3952e88c8f0f68bf9ba1f44899dad71dab46d2777a323c56223543ea83f2"
            ]
          ]
        }
      },
      "type": "SET_STATE_SCHEMA",
      "input": {
        "schema": "type AtlasCoreState {\n  \"Add your global state fields here\"\n  _placeholder: String\n}",
        "scope": "global"
      },
      "scope": "global",
      "id": "0da0fbcb-09eb-4c98-b731-0a4255a5be79",
      "index": 1,
      "timestamp": "2024-12-12T20:27:28.787Z",
      "hash": "mpgqRt+xzkIkpU70ILV4o2iub+c=",
      "skip": 0
    },
    {
      "context": {
        "signer": {
          "app": {
            "name": "Connect",
            "key": "did:key:zDnaeqEsC8MYUXmQzTj97rgo9PQzJBjn6qdXPUbuetcRWZUte"
          },
          "user": {
            "address": "0x04fFB597cb8A201D48Df806040f20c81be18aB6e",
            "networkId": "eip155",
            "chainId": 1
          },
          "signatures": [
            [
              "1734035249",
              "did:key:zDnaeqEsC8MYUXmQzTj97rgo9PQzJBjn6qdXPUbuetcRWZUte",
              "3y+rk4j6GjF7LN/ElncOMuurQK0=",
              "",
              "0x102979a672eb8b354ef23bf12b7c59ce6b854487c7243cb31502275386ec0e3f66235ca5039a488ddde9afc10791370b77adad89a9681718ba02ef42bca09d13"
            ]
          ]
        }
      },
      "type": "SET_MODEL_NAME",
      "input": {
        "name": "Atlas Core"
      },
      "scope": "global",
      "id": "e9abdb00-de0e-4cd0-958e-95e3b2da8f17",
      "index": 2,
      "timestamp": "2024-12-12T20:27:28.783Z",
      "hash": "BjKE3ipBRP1taHbJJ/7PfS30fyM=",
      "skip": 2
    },
    {
      "context": {
        "signer": {
          "app": {
            "name": "Connect",
            "key": "did:key:zDnaeqEsC8MYUXmQzTj97rgo9PQzJBjn6qdXPUbuetcRWZUte"
          },
          "user": {
            "address": "0x04fFB597cb8A201D48Df806040f20c81be18aB6e",
            "networkId": "eip155",
            "chainId": 1
          },
          "signatures": [
            [
              "1734035249",
              "did:key:zDnaeqEsC8MYUXmQzTj97rgo9PQzJBjn6qdXPUbuetcRWZUte",
              "D5rSvTWBBjiIbSXjKFfS2tohl70=",
              "BjKE3ipBRP1taHbJJ/7PfS30fyM=",
              "0xf1142821085b8c6ea78b431aef0367a60fad0394673e8de8b6c60c92e7ddfd6b677a3952e88c8f0f68bf9ba1f44899dad71dab46d2777a323c56223543ea83f2"
            ]
          ]
        }
      },
      "type": "SET_STATE_SCHEMA",
      "input": {
        "schema": "type AtlasCoreState {\n  \"Add your global state fields here\"\n  _placeholder: String\n}",
        "scope": "global"
      },
      "scope": "global",
      "id": "0da0fbcb-09eb-4c98-b731-0a4255a5be79",
      "index": 3,
      "timestamp": "2024-12-12T20:27:28.787Z",
      "hash": "mpgqRt+xzkIkpU70ILV4o2iub+c=",
      "skip": 0
    },
    {
      "context": {
        "signer": {
          "app": {
            "name": "Connect",
            "key": "did:key:zDnaeqEsC8MYUXmQzTj97rgo9PQzJBjn6qdXPUbuetcRWZUte"
          },
          "user": {
            "address": "0x04fFB597cb8A201D48Df806040f20c81be18aB6e",
            "networkId": "eip155",
            "chainId": 1
          },
          "signatures": [
            [
              "1734035253",
              "did:key:zDnaeqEsC8MYUXmQzTj97rgo9PQzJBjn6qdXPUbuetcRWZUte",
              "/RtA/OJLXrgUFWKyA8RTO8oQmF4=",
              "",
              "0x1a16105ab7a304e82f638a5cc884d47d8f8f8d521a40f1e8be589626d812ada54947fd7ed9a886aca7101f5f8ab769855476652be44dd6ece1268aa00aa0a577"
            ]
          ]
        }
      },
      "type": "SET_MODEL_NAME",
      "input": {
        "name": "AtlasCore"
      },
      "scope": "global",
      "id": "763e0e8c-1122-479a-9f5b-6b52521c7606",
      "index": 4,
      "timestamp": "2024-12-12T20:27:33.079Z",
      "hash": "ih3P5eJE8TZUDZGtCjt/2lgLd1g=",
      "skip": 0
    },
    {
      "context": {
        "signer": {
          "app": {
            "name": "Connect",
            "key": "did:key:zDnaeqEsC8MYUXmQzTj97rgo9PQzJBjn6qdXPUbuetcRWZUte"
          },
          "user": {
            "address": "0x04fFB597cb8A201D48Df806040f20c81be18aB6e",
            "networkId": "eip155",
            "chainId": 1
          },
          "signatures": [
            [
              "1734035253",
              "did:key:zDnaeqEsC8MYUXmQzTj97rgo9PQzJBjn6qdXPUbuetcRWZUte",
              "iwtj+0jtw3++J32wIbtduIvql/Q=",
              "VTRQPLb/hn18qeV2MbHYxu7jK44=",
              "0x850cfeaf42eaf95593c5ccbe480813ff9ba52fca871bbdc7ab461cfbdde789fa4112dbf43ab19a0e6ad55818131e9d7f5f8ef91023c6e6be976dbb48fc9c3dae"
            ]
          ]
        }
      },
      "type": "SET_STATE_SCHEMA",
      "input": {
        "schema": "type AtlasCoreState {\n  \"Add your global state fields here\"\n  _placeholder: String\n}",
        "scope": "global"
      },
      "scope": "global",
      "id": "af2ba87c-c76b-4821-9d11-b1206c6f35ba",
      "index": 5,
      "timestamp": "2024-12-12T20:27:33.079Z",
      "hash": "ih3P5eJE8TZUDZGtCjt/2lgLd1g=",
      "skip": 0
    },
    {
      "context": {
        "signer": {
          "app": {
            "name": "Connect",
            "key": "did:key:zDnaeqEsC8MYUXmQzTj97rgo9PQzJBjn6qdXPUbuetcRWZUte"
          },
          "user": {
            "address": "0x04fFB597cb8A201D48Df806040f20c81be18aB6e",
            "networkId": "eip155",
            "chainId": 1
          },
          "signatures": [
            [
              "1734035249",
              "did:key:zDnaeqEsC8MYUXmQzTj97rgo9PQzJBjn6qdXPUbuetcRWZUte",
              "3y+rk4j6GjF7LN/ElncOMuurQK0=",
              "",
              "0x102979a672eb8b354ef23bf12b7c59ce6b854487c7243cb31502275386ec0e3f66235ca5039a488ddde9afc10791370b77adad89a9681718ba02ef42bca09d13"
            ]
          ]
        }
      },
      "type": "SET_MODEL_NAME",
      "input": {
        "name": "Atlas Core"
      },
      "scope": "global",
      "id": "e9abdb00-de0e-4cd0-958e-95e3b2da8f17",
      "index": 6,
      "timestamp": "2024-12-12T20:27:28.783Z",
      "hash": "BjKE3ipBRP1taHbJJ/7PfS30fyM=",
      "skip": 6
    },
    {
      "context": {
        "signer": {
          "app": {
            "name": "Connect",
            "key": "did:key:zDnaeqEsC8MYUXmQzTj97rgo9PQzJBjn6qdXPUbuetcRWZUte"
          },
          "user": {
            "address": "0x04fFB597cb8A201D48Df806040f20c81be18aB6e",
            "networkId": "eip155",
            "chainId": 1
          },
          "signatures": [
            [
              "1734035249",
              "did:key:zDnaeqEsC8MYUXmQzTj97rgo9PQzJBjn6qdXPUbuetcRWZUte",
              "D5rSvTWBBjiIbSXjKFfS2tohl70=",
              "BjKE3ipBRP1taHbJJ/7PfS30fyM=",
              "0xf1142821085b8c6ea78b431aef0367a60fad0394673e8de8b6c60c92e7ddfd6b677a3952e88c8f0f68bf9ba1f44899dad71dab46d2777a323c56223543ea83f2"
            ]
          ]
        }
      },
      "type": "SET_STATE_SCHEMA",
      "input": {
        "schema": "type AtlasCoreState {\n  \"Add your global state fields here\"\n  _placeholder: String\n}",
        "scope": "global"
      },
      "scope": "global",
      "id": "0da0fbcb-09eb-4c98-b731-0a4255a5be79",
      "index": 7,
      "timestamp": "2024-12-12T20:27:28.787Z",
      "hash": "mpgqRt+xzkIkpU70ILV4o2iub+c=",
      "skip": 0
    },
    {
      "context": {
        "signer": {
          "app": {
            "name": "Connect",
            "key": "did:key:zDnaeqEsC8MYUXmQzTj97rgo9PQzJBjn6qdXPUbuetcRWZUte"
          },
          "user": {
            "address": "0x04fFB597cb8A201D48Df806040f20c81be18aB6e",
            "networkId": "eip155",
            "chainId": 1
          },
          "signatures": [
            [
              "1734035253",
              "did:key:zDnaeqEsC8MYUXmQzTj97rgo9PQzJBjn6qdXPUbuetcRWZUte",
              "/RtA/OJLXrgUFWKyA8RTO8oQmF4=",
              "",
              "0x1a16105ab7a304e82f638a5cc884d47d8f8f8d521a40f1e8be589626d812ada54947fd7ed9a886aca7101f5f8ab769855476652be44dd6ece1268aa00aa0a577"
            ]
          ]
        }
      },
      "type": "SET_MODEL_NAME",
      "input": {
        "name": "AtlasCore"
      },
      "scope": "global",
      "id": "763e0e8c-1122-479a-9f5b-6b52521c7606",
      "index": 8,
      "timestamp": "2024-12-12T20:27:33.079Z",
      "hash": "ih3P5eJE8TZUDZGtCjt/2lgLd1g=",
      "skip": 0
    },
    {
      "context": {
        "signer": {
          "app": {
            "name": "Connect",
            "key": "did:key:zDnaeqEsC8MYUXmQzTj97rgo9PQzJBjn6qdXPUbuetcRWZUte"
          },
          "user": {
            "address": "0x04fFB597cb8A201D48Df806040f20c81be18aB6e",
            "networkId": "eip155",
            "chainId": 1
          },
          "signatures": [
            [
              "1734035253",
              "did:key:zDnaeqEsC8MYUXmQzTj97rgo9PQzJBjn6qdXPUbuetcRWZUte",
              "iwtj+0jtw3++J32wIbtduIvql/Q=",
              "VTRQPLb/hn18qeV2MbHYxu7jK44=",
              "0x850cfeaf42eaf95593c5ccbe480813ff9ba52fca871bbdc7ab461cfbdde789fa4112dbf43ab19a0e6ad55818131e9d7f5f8ef91023c6e6be976dbb48fc9c3dae"
            ]
          ]
        }
      },
      "type": "SET_STATE_SCHEMA",
      "input": {
        "schema": "type AtlasCoreState {\n  \"Add your global state fields here\"\n  _placeholder: String\n}",
        "scope": "global"
      },
      "scope": "global",
      "id": "af2ba87c-c76b-4821-9d11-b1206c6f35ba",
      "index": 9,
      "timestamp": "2024-12-12T20:27:33.079Z",
      "hash": "ih3P5eJE8TZUDZGtCjt/2lgLd1g=",
      "skip": 0
    },
    {
      "context": {
        "signer": {
          "app": {
            "name": "Connect",
            "key": "did:key:zDnaeqEsC8MYUXmQzTj97rgo9PQzJBjn6qdXPUbuetcRWZUte"
          },
          "user": {
            "address": "0x04fFB597cb8A201D48Df806040f20c81be18aB6e",
            "networkId": "eip155",
            "chainId": 1
          },
          "signatures": [
            [
              "1734035262",
              "did:key:zDnaeqEsC8MYUXmQzTj97rgo9PQzJBjn6qdXPUbuetcRWZUte",
              "SB9kheLMEB9+ZCwaOXWp2qxAvlM=",
              "ih3P5eJE8TZUDZGtCjt/2lgLd1g=",
              "0x6e50c80a6d91657cced18d7d6d0c9304c412b60b584b7e6b4432da2c0cba0151a1efad9f59b590c4443799609d7c7363c85e4e29ee4342b9b06c3a48fe680126"
            ]
          ]
        }
      },
      "type": "SET_MODEL_ID",
      "input": {
        "id": "sky/atlas-core"
      },
      "scope": "global",
      "id": "573df8a6-dc5f-4c0b-9115-7cfad107b5a2",
      "index": 10,
      "timestamp": "2024-12-12T20:27:42.433Z",
      "hash": "dl0JRKOeL+xxGDmVc/g2pdjucWU=",
      "skip": 0
    },
    {
      "context": {
        "signer": {
          "app": {
            "name": "Connect",
            "key": "did:key:zDnaeqEsC8MYUXmQzTj97rgo9PQzJBjn6qdXPUbuetcRWZUte"
          },
          "user": {
            "address": "0x04fFB597cb8A201D48Df806040f20c81be18aB6e",
            "networkId": "eip155",
            "chainId": 1
          },
          "signatures": [
            [
              "1734035249",
              "did:key:zDnaeqEsC8MYUXmQzTj97rgo9PQzJBjn6qdXPUbuetcRWZUte",
              "3y+rk4j6GjF7LN/ElncOMuurQK0=",
              "",
              "0x102979a672eb8b354ef23bf12b7c59ce6b854487c7243cb31502275386ec0e3f66235ca5039a488ddde9afc10791370b77adad89a9681718ba02ef42bca09d13"
            ]
          ]
        }
      },
      "type": "SET_MODEL_NAME",
      "input": {
        "name": "Atlas Core"
      },
      "scope": "global",
      "id": "e9abdb00-de0e-4cd0-958e-95e3b2da8f17",
      "index": 11,
      "timestamp": "2024-12-12T20:27:28.783Z",
      "hash": "BjKE3ipBRP1taHbJJ/7PfS30fyM=",
      "skip": 11
    },
    {
      "context": {
        "signer": {
          "app": {
            "name": "Connect",
            "key": "did:key:zDnaeqEsC8MYUXmQzTj97rgo9PQzJBjn6qdXPUbuetcRWZUte"
          },
          "user": {
            "address": "0x04fFB597cb8A201D48Df806040f20c81be18aB6e",
            "networkId": "eip155",
            "chainId": 1
          },
          "signatures": [
            [
              "1734035249",
              "did:key:zDnaeqEsC8MYUXmQzTj97rgo9PQzJBjn6qdXPUbuetcRWZUte",
              "D5rSvTWBBjiIbSXjKFfS2tohl70=",
              "BjKE3ipBRP1taHbJJ/7PfS30fyM=",
              "0xf1142821085b8c6ea78b431aef0367a60fad0394673e8de8b6c60c92e7ddfd6b677a3952e88c8f0f68bf9ba1f44899dad71dab46d2777a323c56223543ea83f2"
            ]
          ]
        }
      },
      "type": "SET_STATE_SCHEMA",
      "input": {
        "schema": "type AtlasCoreState {\n  \"Add your global state fields here\"\n  _placeholder: String\n}",
        "scope": "global"
      },
      "scope": "global",
      "id": "0da0fbcb-09eb-4c98-b731-0a4255a5be79",
      "index": 12,
      "timestamp": "2024-12-12T20:27:28.787Z",
      "hash": "mpgqRt+xzkIkpU70ILV4o2iub+c=",
      "skip": 0
    },
    {
      "context": {
        "signer": {
          "app": {
            "name": "Connect",
            "key": "did:key:zDnaeqEsC8MYUXmQzTj97rgo9PQzJBjn6qdXPUbuetcRWZUte"
          },
          "user": {
            "address": "0x04fFB597cb8A201D48Df806040f20c81be18aB6e",
            "networkId": "eip155",
            "chainId": 1
          },
          "signatures": [
            [
              "1734035253",
              "did:key:zDnaeqEsC8MYUXmQzTj97rgo9PQzJBjn6qdXPUbuetcRWZUte",
              "/RtA/OJLXrgUFWKyA8RTO8oQmF4=",
              "",
              "0x1a16105ab7a304e82f638a5cc884d47d8f8f8d521a40f1e8be589626d812ada54947fd7ed9a886aca7101f5f8ab769855476652be44dd6ece1268aa00aa0a577"
            ]
          ]
        }
      },
      "type": "SET_MODEL_NAME",
      "input": {
        "name": "AtlasCore"
      },
      "scope": "global",
      "id": "763e0e8c-1122-479a-9f5b-6b52521c7606",
      "index": 13,
      "timestamp": "2024-12-12T20:27:33.079Z",
      "hash": "ih3P5eJE8TZUDZGtCjt/2lgLd1g=",
      "skip": 0
    },
    {
      "context": {
        "signer": {
          "app": {
            "name": "Connect",
            "key": "did:key:zDnaeqEsC8MYUXmQzTj97rgo9PQzJBjn6qdXPUbuetcRWZUte"
          },
          "user": {
            "address": "0x04fFB597cb8A201D48Df806040f20c81be18aB6e",
            "networkId": "eip155",
            "chainId": 1
          },
          "signatures": [
            [
              "1734035253",
              "did:key:zDnaeqEsC8MYUXmQzTj97rgo9PQzJBjn6qdXPUbuetcRWZUte",
              "iwtj+0jtw3++J32wIbtduIvql/Q=",
              "VTRQPLb/hn18qeV2MbHYxu7jK44=",
              "0x850cfeaf42eaf95593c5ccbe480813ff9ba52fca871bbdc7ab461cfbdde789fa4112dbf43ab19a0e6ad55818131e9d7f5f8ef91023c6e6be976dbb48fc9c3dae"
            ]
          ]
        }
      },
      "type": "SET_STATE_SCHEMA",
      "input": {
        "schema": "type AtlasCoreState {\n  \"Add your global state fields here\"\n  _placeholder: String\n}",
        "scope": "global"
      },
      "scope": "global",
      "id": "af2ba87c-c76b-4821-9d11-b1206c6f35ba",
      "index": 14,
      "timestamp": "2024-12-12T20:27:33.079Z",
      "hash": "ih3P5eJE8TZUDZGtCjt/2lgLd1g=",
      "skip": 0
    },
    {
      "context": {
        "signer": {
          "app": {
            "name": "Connect",
            "key": "did:key:zDnaeqEsC8MYUXmQzTj97rgo9PQzJBjn6qdXPUbuetcRWZUte"
          },
          "user": {
            "address": "0x04fFB597cb8A201D48Df806040f20c81be18aB6e",
            "networkId": "eip155",
            "chainId": 1
          },
          "signatures": [
            [
              "1734035262",
              "did:key:zDnaeqEsC8MYUXmQzTj97rgo9PQzJBjn6qdXPUbuetcRWZUte",
              "SB9kheLMEB9+ZCwaOXWp2qxAvlM=",
              "ih3P5eJE8TZUDZGtCjt/2lgLd1g=",
              "0x6e50c80a6d91657cced18d7d6d0c9304c412b60b584b7e6b4432da2c0cba0151a1efad9f59b590c4443799609d7c7363c85e4e29ee4342b9b06c3a48fe680126"
            ]
          ]
        }
      },
      "type": "SET_MODEL_ID",
      "input": {
        "id": "sky/atlas-core"
      },
      "scope": "global",
      "id": "573df8a6-dc5f-4c0b-9115-7cfad107b5a2",
      "index": 15,
      "timestamp": "2024-12-12T20:27:42.433Z",
      "hash": "dl0JRKOeL+xxGDmVc/g2pdjucWU=",
      "skip": 0
    },
    {
      "context": {
        "signer": {
          "app": {
            "name": "Connect",
            "key": "did:key:zDnaeqEsC8MYUXmQzTj97rgo9PQzJBjn6qdXPUbuetcRWZUte"
          },
          "user": {
            "address": "0x04fFB597cb8A201D48Df806040f20c81be18aB6e",
            "networkId": "eip155",
            "chainId": 1
          },
          "signatures": [
            [
              "1734035272",
              "did:key:zDnaeqEsC8MYUXmQzTj97rgo9PQzJBjn6qdXPUbuetcRWZUte",
              "2VaPlJ9/Il/oRmmNySYur/Y+NmM=",
              "dl0JRKOeL+xxGDmVc/g2pdjucWU=",
              "0xd42c3d243b84d52a0d5f150272cd445a91f1e3cb52ff3c6218f152065a40f5a33dbaa96b79fecadf28645157ab584c780e6162a6320ff42cbffd2dac3304cfc6"
            ]
          ]
        }
      },
      "type": "SET_STATE_SCHEMA",
      "input": {
        "schema": "",
        "scope": "global"
      },
      "scope": "global",
      "id": "31bfb877-79d7-4079-8b38-d26546c02162",
      "index": 16,
      "timestamp": "2024-12-12T20:27:51.704Z",
      "hash": "VT/U9KE4o3WNNKsThAlK8RjjI64=",
      "skip": 0
    },
    {
      "context": {
        "signer": {
          "app": {
            "name": "Connect",
            "key": "did:key:zDnaeqEsC8MYUXmQzTj97rgo9PQzJBjn6qdXPUbuetcRWZUte"
          },
          "user": {
            "address": "0x04fFB597cb8A201D48Df806040f20c81be18aB6e",
            "networkId": "eip155",
            "chainId": 1
          },
          "signatures": [
            [
              "1734035289",
              "did:key:zDnaeqEsC8MYUXmQzTj97rgo9PQzJBjn6qdXPUbuetcRWZUte",
              "+MPEMFKaJ3Gkqy2Pw42LwdmXP0Y=",
              "VT/U9KE4o3WNNKsThAlK8RjjI64=",
              "0x4e071c25b933cd821274ec3a78be3160d00822c837fd2d447389d5d3c26b497f31680c34752b35fa7db0d0f57d3071928187107d3457e1784daa8c2ca37e87b9"
            ]
          ]
        }
      },
      "type": "SET_STATE_SCHEMA",
      "input": {
        "schema": "type AtlasCoreState {\n  name: String\n  docNo: String\n  parent: PHID!\n  content: String\n  masterStatus: Status!\n  globalTags: [GlobalTag!]!\n  references: [PHID!]!\n  originalContextData: [PHID!]!\n  provenance: URL\n  notionId: String\n}\n\nenum Status {\n  PLACEHOLDER\n  PROVISIONAL\n  APPROVED\n  DEFERRED\n  ARCHIVED\n}\n\nenum GlobalTag {\n  SCOPE_ADVISOR_\n  AVC_\n  CAIS_\n  ML___LOW_PRIORITY_\n  EXTERNAL_REFERENCE_\n  DAO_TOOLKIT_\n  ML___DEFER_\n  PURPOSE_SYSTEM_\n  NEWCHAIN_\n  ML___SUPPORT_DOCS_NEEDED_\n  TWO_STAGE_BRIDGE_\n  ECOSYSTEM_INTELLIGENCE_\n  RECURSIVE_IMPROVEMENT_\n  LEGACY_TERM___USE_APPROVED_\n}\n",
        "scope": "global"
      },
      "scope": "global",
      "id": "c5673230-b8ae-458c-a369-33420831d22b",
      "index": 17,
      "timestamp": "2024-12-12T20:28:08.933Z",
      "hash": "Ai/2O484mu5iXGsNxS/PPZepABY=",
      "skip": 0
    },
    {
      "context": {
        "signer": {
          "app": {
            "name": "Connect",
            "key": "did:key:zDnaeqEsC8MYUXmQzTj97rgo9PQzJBjn6qdXPUbuetcRWZUte"
          },
          "user": {
            "address": "0x04fFB597cb8A201D48Df806040f20c81be18aB6e",
            "networkId": "eip155",
            "chainId": 1
          },
          "signatures": [
            [
              "1734035330",
              "did:key:zDnaeqEsC8MYUXmQzTj97rgo9PQzJBjn6qdXPUbuetcRWZUte",
              "9LQm7XnV/BI/lrDilT8C0bxBxXo=",
              "Ai/2O484mu5iXGsNxS/PPZepABY=",
              "0x9d986ccf4cdc9a3f8d1a5724d4b900076411e768fff1ad48cd72409014d147bbed87b496ead1593ac3c46e8b0c5721649863207376f70419ef640d6600141eec"
            ]
          ]
        }
      },
      "type": "SET_STATE_SCHEMA",
      "input": {
        "schema": "type CoreState {\n  name: String\n  docNo: String\n  parent: PHID!\n  content: String\n  masterStatus: Status!\n  globalTags: [GlobalTag!]!\n  references: [PHID!]!\n  originalContextData: [PHID!]!\n  provenance: URL\n  notionId: String\n}\n\nenum Status {\n  PLACEHOLDER\n  PROVISIONAL\n  APPROVED\n  DEFERRED\n  ARCHIVED\n}\n\nenum GlobalTag {\n  SCOPE_ADVISOR_\n  AVC_\n  CAIS_\n  ML___LOW_PRIORITY_\n  EXTERNAL_REFERENCE_\n  DAO_TOOLKIT_\n  ML___DEFER_\n  PURPOSE_SYSTEM_\n  NEWCHAIN_\n  ML___SUPPORT_DOCS_NEEDED_\n  TWO_STAGE_BRIDGE_\n  ECOSYSTEM_INTELLIGENCE_\n  RECURSIVE_IMPROVEMENT_\n  LEGACY_TERM___USE_APPROVED_\n}\n",
        "scope": "global"
      },
      "scope": "global",
      "id": "e40b9c2d-a2e7-4fe9-bf3c-7fda3f89f474",
      "index": 18,
      "timestamp": "2024-12-12T20:28:50.115Z",
      "hash": "wg1CpcMYYvfQyzbW1NK7GUBc/Og=",
      "skip": 0
    },
    {
      "context": {
        "signer": {
          "app": {
            "name": "Connect",
            "key": "did:key:zDnaeqEsC8MYUXmQzTj97rgo9PQzJBjn6qdXPUbuetcRWZUte"
          },
          "user": {
            "address": "0x04fFB597cb8A201D48Df806040f20c81be18aB6e",
            "networkId": "eip155",
            "chainId": 1
          },
          "signatures": [
            [
              "1734035330",
              "did:key:zDnaeqEsC8MYUXmQzTj97rgo9PQzJBjn6qdXPUbuetcRWZUte",
              "3M+WGWr4y61tYme40EwDugm1vmA=",
              "wg1CpcMYYvfQyzbW1NK7GUBc/Og=",
              "0x4ede9a1c5f4d606afddc24c86e078f9a04008ecbdd56d0b5231e4f4c582d273c1eee34d8c0ffcc432fa6dbf931bc0e6586391bf1edcbbf95499b3afd428678f3"
            ]
          ]
        }
      },
      "type": "SET_INITIAL_STATE",
      "input": {
        "initialValue": "{\n  \"name\": \"\",\n  \"docNo\": \"\",\n  \"parent\": \"\",\n  \"content\": \"\",\n  \"masterStatus\": \"PLACEHOLDER\",\n  \"globalTags\": [],\n  \"references\": [],\n  \"originalContextData\": [],\n  \"provenance\": \"\",\n  \"notionId\": \"\"\n}",
        "scope": "global"
      },
      "scope": "global",
      "id": "ef0b6fa7-66ab-4535-b563-af5a4398dd9e",
      "index": 19,
      "timestamp": "2024-12-12T20:28:50.189Z",
      "hash": "Y+Zo6PD6iKSUuRay1xF5lMXXzW8=",
      "skip": 0
    },
    {
      "context": {
        "signer": {
          "app": {
            "name": "Connect",
            "key": "did:key:zDnaeqEsC8MYUXmQzTj97rgo9PQzJBjn6qdXPUbuetcRWZUte"
          },
          "user": {
            "address": "0x04fFB597cb8A201D48Df806040f20c81be18aB6e",
            "networkId": "eip155",
            "chainId": 1
          },
          "signatures": [
            [
              "1734035344",
              "did:key:zDnaeqEsC8MYUXmQzTj97rgo9PQzJBjn6qdXPUbuetcRWZUte",
              "mUuOk1ktsMvqbFohtDTd4UcP0cI=",
              "Y+Zo6PD6iKSUuRay1xF5lMXXzW8=",
              "0xd3cb9ab6147873ee7ff1ae445148d539f7cda70a8207e6afceb82d60d2abb8d59fc52dbb0f60ca1313dd274a278eeb0d56fc1fb5b8781dad8338c89af4d3a2fd"
            ]
          ]
        }
      },
      "type": "SET_STATE_SCHEMA",
      "input": {
        "schema": "type AtlasCoreState {\n  name: String\n  docNo: String\n  parent: PHID!\n  content: String\n  masterStatus: Status!\n  globalTags: [GlobalTag!]!\n  references: [PHID!]!\n  originalContextData: [PHID!]!\n  provenance: URL\n  notionId: String\n}\n\nenum Status {\n  PLACEHOLDER\n  PROVISIONAL\n  APPROVED\n  DEFERRED\n  ARCHIVED\n}\n\nenum GlobalTag {\n  SCOPE_ADVISOR_\n  AVC_\n  CAIS_\n  ML___LOW_PRIORITY_\n  EXTERNAL_REFERENCE_\n  DAO_TOOLKIT_\n  ML___DEFER_\n  PURPOSE_SYSTEM_\n  NEWCHAIN_\n  ML___SUPPORT_DOCS_NEEDED_\n  TWO_STAGE_BRIDGE_\n  ECOSYSTEM_INTELLIGENCE_\n  RECURSIVE_IMPROVEMENT_\n  LEGACY_TERM___USE_APPROVED_\n}\n",
        "scope": "global"
      },
      "scope": "global",
      "id": "6e309492-46ec-4bfd-9535-3e84ac1ad132",
      "index": 20,
      "timestamp": "2024-12-12T20:29:03.966Z",
      "hash": "Ee8KbdT+6gXOa6dXKPGAZqTba5s=",
      "skip": 0
    },
    {
      "context": {
        "signer": {
          "app": {
            "name": "Connect",
            "key": "did:key:zDnaeqEsC8MYUXmQzTj97rgo9PQzJBjn6qdXPUbuetcRWZUte"
          },
          "user": {
            "address": "0x04fFB597cb8A201D48Df806040f20c81be18aB6e",
            "networkId": "eip155",
            "chainId": 1
          },
          "signatures": [
            [
              "1734035346",
              "did:key:zDnaeqEsC8MYUXmQzTj97rgo9PQzJBjn6qdXPUbuetcRWZUte",
              "Ft4t3fu6qJZI79FDD8PEERrO2YA=",
              "Ee8KbdT+6gXOa6dXKPGAZqTba5s=",
              "0x420a027bea13307844c286d58c393a3d08e2d74b9292194bde474c1b43d5a153939a7bdd8b1eb96d5998bcb92b90da4cf9a6df822e1dc1c013ab4fda1691459f"
            ]
          ]
        }
      },
      "type": "ADD_MODULE",
      "input": {
        "id": "s/d2jIEcKy4gdD6rjpV/J3uHvDI=",
        "name": "core"
      },
      "scope": "global",
      "id": "f0076c56-076a-45b5-b3ec-2cafe21558ba",
      "index": 21,
      "timestamp": "2024-12-12T20:29:05.976Z",
      "hash": "x7vadMGDw3MNL4hv5ke7YY3fauA=",
      "skip": 0
    },
    {
      "context": {
        "signer": {
          "app": {
            "name": "Connect",
            "key": "did:key:zDnaeqEsC8MYUXmQzTj97rgo9PQzJBjn6qdXPUbuetcRWZUte"
          },
          "user": {
            "address": "0x04fFB597cb8A201D48Df806040f20c81be18aB6e",
            "networkId": "eip155",
            "chainId": 1
          },
          "signatures": [
            [
              "1734035350",
              "did:key:zDnaeqEsC8MYUXmQzTj97rgo9PQzJBjn6qdXPUbuetcRWZUte",
              "wn29faKxvOSDuq8KJFTdVG8BUt4=",
              "x7vadMGDw3MNL4hv5ke7YY3fauA=",
              "0x02069c2b6ce7a38c43f5f7a48eb26f116cfb138ceb55e7717bf2089abb6cb947278439b1131ac06a8b1943e29590783cca64e27b179ff66eeae3514ae6c5bd18"
            ]
          ]
        }
      },
      "type": "ADD_OPERATION",
      "input": {
        "id": "AFOQs65sNdleMZUgUu8V2y0UkrI=",
        "moduleId": "s/d2jIEcKy4gdD6rjpV/J3uHvDI=",
        "name": "UPDATE_CORE"
      },
      "scope": "global",
      "id": "450e8448-73e3-4143-820c-565ed74c1a41",
      "index": 22,
      "timestamp": "2024-12-12T20:29:10.102Z",
      "hash": "aZ3d/ZpbzNGRLKhs1zw5c8RH9sg=",
      "skip": 0
    },
    {
      "context": {
        "signer": {
          "app": {
            "name": "Connect",
            "key": "did:key:zDnaeqEsC8MYUXmQzTj97rgo9PQzJBjn6qdXPUbuetcRWZUte"
          },
          "user": {
            "address": "0x04fFB597cb8A201D48Df806040f20c81be18aB6e",
            "networkId": "eip155",
            "chainId": 1
          },
          "signatures": [
            [
              "1734035350",
              "did:key:zDnaeqEsC8MYUXmQzTj97rgo9PQzJBjn6qdXPUbuetcRWZUte",
              "AWIYLvnwFgE8lQ/v7/ONscVCVY8=",
              "aZ3d/ZpbzNGRLKhs1zw5c8RH9sg=",
              "0x0709d7e1d7ee98e96cffcfcb45932cc8801ddbf6e3987de41b675eb655c9f8e10d87a59d779a2ad8c5c0b870fdc6430fb955fa3c28224f4aa283a4e54a34e860"
            ]
          ]
        }
      },
      "type": "SET_OPERATION_SCHEMA",
      "input": {
        "id": "AFOQs65sNdleMZUgUu8V2y0UkrI=",
        "schema": "input UpdateCoreInput {\n  \"Add your inputs here\"\n  _placeholder: String\n}"
      },
      "scope": "global",
      "id": "341f629b-9e4b-4529-9435-cb45e66639df",
      "index": 23,
      "timestamp": "2024-12-12T20:29:10.112Z",
      "hash": "NbVsXsldxBt0hkZ7Z82FvHhFvkI=",
      "skip": 0
    },
    {
      "context": {
        "signer": {
          "app": {
            "name": "Connect",
            "key": "did:key:zDnaeqEsC8MYUXmQzTj97rgo9PQzJBjn6qdXPUbuetcRWZUte"
          },
          "user": {
            "address": "0x04fFB597cb8A201D48Df806040f20c81be18aB6e",
            "networkId": "eip155",
            "chainId": 1
          },
          "signatures": [
            [
              "1734035356",
              "did:key:zDnaeqEsC8MYUXmQzTj97rgo9PQzJBjn6qdXPUbuetcRWZUte",
              "ak+7XCRPT8VUz+xprbhbLTRtYSI=",
              "NbVsXsldxBt0hkZ7Z82FvHhFvkI=",
              "0xaab38bcaf7516bdaa8551a2f3173247b7873c8256d0edf25efc9b73b414b7914af7e9aab63ac54777dfa2ef3054412be136fec869f784d517f1e3ba15a5876ff"
            ]
          ]
        }
      },
      "type": "SET_OPERATION_SCHEMA",
      "input": {
        "id": "AFOQs65sNdleMZUgUu8V2y0UkrI=",
        "schema": ""
      },
      "scope": "global",
      "id": "dfd32919-bfdf-4c94-8462-a894bb60ecda",
      "index": 24,
      "timestamp": "2024-12-12T20:29:15.955Z",
      "hash": "aZ3d/ZpbzNGRLKhs1zw5c8RH9sg=",
      "skip": 0
    },
    {
      "context": {
        "signer": {
          "app": {
            "name": "Connect",
            "key": "did:key:zDnaeqEsC8MYUXmQzTj97rgo9PQzJBjn6qdXPUbuetcRWZUte"
          },
          "user": {
            "address": "0x04fFB597cb8A201D48Df806040f20c81be18aB6e",
            "networkId": "eip155",
            "chainId": 1
          },
          "signatures": [
            [
              "1734035350",
              "did:key:zDnaeqEsC8MYUXmQzTj97rgo9PQzJBjn6qdXPUbuetcRWZUte",
              "AWIYLvnwFgE8lQ/v7/ONscVCVY8=",
              "aZ3d/ZpbzNGRLKhs1zw5c8RH9sg=",
              "0x0709d7e1d7ee98e96cffcfcb45932cc8801ddbf6e3987de41b675eb655c9f8e10d87a59d779a2ad8c5c0b870fdc6430fb955fa3c28224f4aa283a4e54a34e860"
            ]
          ]
        }
      },
      "type": "SET_OPERATION_SCHEMA",
      "input": {
        "id": "AFOQs65sNdleMZUgUu8V2y0UkrI=",
        "schema": "input UpdateCoreInput {\n  \"Add your inputs here\"\n  _placeholder: String\n}"
      },
      "scope": "global",
      "id": "341f629b-9e4b-4529-9435-cb45e66639df",
      "index": 25,
      "timestamp": "2024-12-12T20:29:10.112Z",
      "hash": "NbVsXsldxBt0hkZ7Z82FvHhFvkI=",
      "skip": 2
    },
    {
      "context": {
        "signer": {
          "app": {
            "name": "Connect",
            "key": "did:key:zDnaeqEsC8MYUXmQzTj97rgo9PQzJBjn6qdXPUbuetcRWZUte"
          },
          "user": {
            "address": "0x04fFB597cb8A201D48Df806040f20c81be18aB6e",
            "networkId": "eip155",
            "chainId": 1
          },
          "signatures": [
            [
              "1734035356",
              "did:key:zDnaeqEsC8MYUXmQzTj97rgo9PQzJBjn6qdXPUbuetcRWZUte",
              "ak+7XCRPT8VUz+xprbhbLTRtYSI=",
              "NbVsXsldxBt0hkZ7Z82FvHhFvkI=",
              "0xaab38bcaf7516bdaa8551a2f3173247b7873c8256d0edf25efc9b73b414b7914af7e9aab63ac54777dfa2ef3054412be136fec869f784d517f1e3ba15a5876ff"
            ]
          ]
        }
      },
      "type": "SET_OPERATION_SCHEMA",
      "input": {
        "id": "AFOQs65sNdleMZUgUu8V2y0UkrI=",
        "schema": ""
      },
      "scope": "global",
      "id": "dfd32919-bfdf-4c94-8462-a894bb60ecda",
      "index": 26,
      "timestamp": "2024-12-12T20:29:15.955Z",
      "hash": "aZ3d/ZpbzNGRLKhs1zw5c8RH9sg=",
      "skip": 0
    },
    {
      "context": {
        "signer": {
          "app": {
            "name": "Connect",
            "key": "did:key:zDnaeqEsC8MYUXmQzTj97rgo9PQzJBjn6qdXPUbuetcRWZUte"
          },
          "user": {
            "address": "0x04fFB597cb8A201D48Df806040f20c81be18aB6e",
            "networkId": "eip155",
            "chainId": 1
          },
          "signatures": [
            [
              "1734035365",
              "did:key:zDnaeqEsC8MYUXmQzTj97rgo9PQzJBjn6qdXPUbuetcRWZUte",
              "qcTA+EOdl9SXWll6fMkSSAnIYpU=",
              "aZ3d/ZpbzNGRLKhs1zw5c8RH9sg=",
              "0x35560fce45b5133afdabb72a7e7023f3a990b138b5459519866a94faca0e3d886697167c575deceea3b8edd0cc50f6c50dffdf86491497109f96081008ccb935"
            ]
          ]
        }
      },
      "type": "SET_OPERATION_SCHEMA",
      "input": {
        "id": "AFOQs65sNdleMZUgUu8V2y0UkrI=",
        "schema": "input UpdateCoreInput {\n  name: String\n  content: String\n  masterStatus: [Status!]!\n  globalTags: [String]\n  references: [PHID!]!\n}"
      },
      "scope": "global",
      "id": "fc742cfd-8fff-41c4-991b-c9d9dd628c5f",
      "index": 27,
      "timestamp": "2024-12-12T20:29:25.447Z",
      "hash": "ElffEhmARkkh0vVNHSeBqOyP6FE=",
      "skip": 0
    },
    {
      "context": {
        "signer": {
          "app": {
            "name": "Connect",
            "key": "did:key:zDnaeqEsC8MYUXmQzTj97rgo9PQzJBjn6qdXPUbuetcRWZUte"
          },
          "user": {
            "address": "0x04fFB597cb8A201D48Df806040f20c81be18aB6e",
            "networkId": "eip155",
            "chainId": 1
          },
          "signatures": [
            [
              "1734035350",
              "did:key:zDnaeqEsC8MYUXmQzTj97rgo9PQzJBjn6qdXPUbuetcRWZUte",
              "AWIYLvnwFgE8lQ/v7/ONscVCVY8=",
              "aZ3d/ZpbzNGRLKhs1zw5c8RH9sg=",
              "0x0709d7e1d7ee98e96cffcfcb45932cc8801ddbf6e3987de41b675eb655c9f8e10d87a59d779a2ad8c5c0b870fdc6430fb955fa3c28224f4aa283a4e54a34e860"
            ]
          ]
        }
      },
      "type": "SET_OPERATION_SCHEMA",
      "input": {
        "id": "AFOQs65sNdleMZUgUu8V2y0UkrI=",
        "schema": "input UpdateCoreInput {\n  \"Add your inputs here\"\n  _placeholder: String\n}"
      },
      "scope": "global",
      "id": "341f629b-9e4b-4529-9435-cb45e66639df",
      "index": 28,
      "timestamp": "2024-12-12T20:29:10.112Z",
      "hash": "NbVsXsldxBt0hkZ7Z82FvHhFvkI=",
      "skip": 5
    },
    {
      "context": {
        "signer": {
          "app": {
            "name": "Connect",
            "key": "did:key:zDnaeqEsC8MYUXmQzTj97rgo9PQzJBjn6qdXPUbuetcRWZUte"
          },
          "user": {
            "address": "0x04fFB597cb8A201D48Df806040f20c81be18aB6e",
            "networkId": "eip155",
            "chainId": 1
          },
          "signatures": [
            [
              "1734035356",
              "did:key:zDnaeqEsC8MYUXmQzTj97rgo9PQzJBjn6qdXPUbuetcRWZUte",
              "ak+7XCRPT8VUz+xprbhbLTRtYSI=",
              "NbVsXsldxBt0hkZ7Z82FvHhFvkI=",
              "0xaab38bcaf7516bdaa8551a2f3173247b7873c8256d0edf25efc9b73b414b7914af7e9aab63ac54777dfa2ef3054412be136fec869f784d517f1e3ba15a5876ff"
            ]
          ]
        }
      },
      "type": "SET_OPERATION_SCHEMA",
      "input": {
        "id": "AFOQs65sNdleMZUgUu8V2y0UkrI=",
        "schema": ""
      },
      "scope": "global",
      "id": "dfd32919-bfdf-4c94-8462-a894bb60ecda",
      "index": 29,
      "timestamp": "2024-12-12T20:29:15.955Z",
      "hash": "aZ3d/ZpbzNGRLKhs1zw5c8RH9sg=",
      "skip": 0
    },
    {
      "context": {
        "signer": {
          "app": {
            "name": "Connect",
            "key": "did:key:zDnaeqEsC8MYUXmQzTj97rgo9PQzJBjn6qdXPUbuetcRWZUte"
          },
          "user": {
            "address": "0x04fFB597cb8A201D48Df806040f20c81be18aB6e",
            "networkId": "eip155",
            "chainId": 1
          },
          "signatures": [
            [
              "1734035365",
              "did:key:zDnaeqEsC8MYUXmQzTj97rgo9PQzJBjn6qdXPUbuetcRWZUte",
              "qcTA+EOdl9SXWll6fMkSSAnIYpU=",
              "aZ3d/ZpbzNGRLKhs1zw5c8RH9sg=",
              "0x35560fce45b5133afdabb72a7e7023f3a990b138b5459519866a94faca0e3d886697167c575deceea3b8edd0cc50f6c50dffdf86491497109f96081008ccb935"
            ]
          ]
        }
      },
      "type": "SET_OPERATION_SCHEMA",
      "input": {
        "id": "AFOQs65sNdleMZUgUu8V2y0UkrI=",
        "schema": "input UpdateCoreInput {\n  name: String\n  content: String\n  masterStatus: [Status!]!\n  globalTags: [String]\n  references: [PHID!]!\n}"
      },
      "scope": "global",
      "id": "fc742cfd-8fff-41c4-991b-c9d9dd628c5f",
      "index": 30,
      "timestamp": "2024-12-12T20:29:25.447Z",
      "hash": "ElffEhmARkkh0vVNHSeBqOyP6FE=",
      "skip": 0
    },
    {
      "context": {
        "signer": {
          "app": {
            "name": "Connect",
            "key": "did:key:zDnaeqEsC8MYUXmQzTj97rgo9PQzJBjn6qdXPUbuetcRWZUte"
          },
          "user": {
            "address": "0x04fFB597cb8A201D48Df806040f20c81be18aB6e",
            "networkId": "eip155",
            "chainId": 1
          },
          "signatures": [
            [
              "1734035380",
              "did:key:zDnaeqEsC8MYUXmQzTj97rgo9PQzJBjn6qdXPUbuetcRWZUte",
              "Shvonp3K1YXzhBmR2Wa73GUBt5c=",
              "aZ3d/ZpbzNGRLKhs1zw5c8RH9sg=",
              "0x8d9d4b9b5f217246527e4e8a00bebf7b02d6423de1fece265db73c67b051a7cdd8db4697aac5443a409773385a21f42286fecfc151d21eb21a51c1597752b196"
            ]
          ]
        }
      },
      "type": "SET_OPERATION_DESCRIPTION",
      "input": {
        "id": "AFOQs65sNdleMZUgUu8V2y0UkrI=",
        "description": "Updates an existing CoreDoc in the CoreDocState."
      },
      "scope": "global",
      "id": "d7e905bc-ca5c-4a1a-ba8e-dff10b7a0365",
      "index": 31,
      "timestamp": "2024-12-12T20:29:39.980Z",
      "hash": "r8H9aldq9T7TcC+sFqsysjIIPQw=",
      "skip": 0
    },
    {
      "context": {
        "signer": {
          "app": {
            "name": "Connect",
            "key": "did:key:zDnaeqEsC8MYUXmQzTj97rgo9PQzJBjn6qdXPUbuetcRWZUte"
          },
          "user": {
            "address": "0x04fFB597cb8A201D48Df806040f20c81be18aB6e",
            "networkId": "eip155",
            "chainId": 1
          },
          "signatures": [
            [
              "1734035350",
              "did:key:zDnaeqEsC8MYUXmQzTj97rgo9PQzJBjn6qdXPUbuetcRWZUte",
              "AWIYLvnwFgE8lQ/v7/ONscVCVY8=",
              "aZ3d/ZpbzNGRLKhs1zw5c8RH9sg=",
              "0x0709d7e1d7ee98e96cffcfcb45932cc8801ddbf6e3987de41b675eb655c9f8e10d87a59d779a2ad8c5c0b870fdc6430fb955fa3c28224f4aa283a4e54a34e860"
            ]
          ]
        }
      },
      "type": "SET_OPERATION_SCHEMA",
      "input": {
        "id": "AFOQs65sNdleMZUgUu8V2y0UkrI=",
        "schema": "input UpdateCoreInput {\n  \"Add your inputs here\"\n  _placeholder: String\n}"
      },
      "scope": "global",
      "id": "341f629b-9e4b-4529-9435-cb45e66639df",
      "index": 32,
      "timestamp": "2024-12-12T20:29:10.112Z",
      "hash": "NbVsXsldxBt0hkZ7Z82FvHhFvkI=",
      "skip": 9
    },
    {
      "context": {
        "signer": {
          "app": {
            "name": "Connect",
            "key": "did:key:zDnaeqEsC8MYUXmQzTj97rgo9PQzJBjn6qdXPUbuetcRWZUte"
          },
          "user": {
            "address": "0x04fFB597cb8A201D48Df806040f20c81be18aB6e",
            "networkId": "eip155",
            "chainId": 1
          },
          "signatures": [
            [
              "1734035356",
              "did:key:zDnaeqEsC8MYUXmQzTj97rgo9PQzJBjn6qdXPUbuetcRWZUte",
              "ak+7XCRPT8VUz+xprbhbLTRtYSI=",
              "NbVsXsldxBt0hkZ7Z82FvHhFvkI=",
              "0xaab38bcaf7516bdaa8551a2f3173247b7873c8256d0edf25efc9b73b414b7914af7e9aab63ac54777dfa2ef3054412be136fec869f784d517f1e3ba15a5876ff"
            ]
          ]
        }
      },
      "type": "SET_OPERATION_SCHEMA",
      "input": {
        "id": "AFOQs65sNdleMZUgUu8V2y0UkrI=",
        "schema": ""
      },
      "scope": "global",
      "id": "dfd32919-bfdf-4c94-8462-a894bb60ecda",
      "index": 33,
      "timestamp": "2024-12-12T20:29:15.955Z",
      "hash": "aZ3d/ZpbzNGRLKhs1zw5c8RH9sg=",
      "skip": 0
    },
    {
      "context": {
        "signer": {
          "app": {
            "name": "Connect",
            "key": "did:key:zDnaeqEsC8MYUXmQzTj97rgo9PQzJBjn6qdXPUbuetcRWZUte"
          },
          "user": {
            "address": "0x04fFB597cb8A201D48Df806040f20c81be18aB6e",
            "networkId": "eip155",
            "chainId": 1
          },
          "signatures": [
            [
              "1734035365",
              "did:key:zDnaeqEsC8MYUXmQzTj97rgo9PQzJBjn6qdXPUbuetcRWZUte",
              "qcTA+EOdl9SXWll6fMkSSAnIYpU=",
              "aZ3d/ZpbzNGRLKhs1zw5c8RH9sg=",
              "0x35560fce45b5133afdabb72a7e7023f3a990b138b5459519866a94faca0e3d886697167c575deceea3b8edd0cc50f6c50dffdf86491497109f96081008ccb935"
            ]
          ]
        }
      },
      "type": "SET_OPERATION_SCHEMA",
      "input": {
        "id": "AFOQs65sNdleMZUgUu8V2y0UkrI=",
        "schema": "input UpdateCoreInput {\n  name: String\n  content: String\n  masterStatus: [Status!]!\n  globalTags: [String]\n  references: [PHID!]!\n}"
      },
      "scope": "global",
      "id": "fc742cfd-8fff-41c4-991b-c9d9dd628c5f",
      "index": 34,
      "timestamp": "2024-12-12T20:29:25.447Z",
      "hash": "ElffEhmARkkh0vVNHSeBqOyP6FE=",
      "skip": 0
    },
    {
      "context": {
        "signer": {
          "app": {
            "name": "Connect",
            "key": "did:key:zDnaeqEsC8MYUXmQzTj97rgo9PQzJBjn6qdXPUbuetcRWZUte"
          },
          "user": {
            "address": "0x04fFB597cb8A201D48Df806040f20c81be18aB6e",
            "networkId": "eip155",
            "chainId": 1
          },
          "signatures": [
            [
              "1734035380",
              "did:key:zDnaeqEsC8MYUXmQzTj97rgo9PQzJBjn6qdXPUbuetcRWZUte",
              "Shvonp3K1YXzhBmR2Wa73GUBt5c=",
              "aZ3d/ZpbzNGRLKhs1zw5c8RH9sg=",
              "0x8d9d4b9b5f217246527e4e8a00bebf7b02d6423de1fece265db73c67b051a7cdd8db4697aac5443a409773385a21f42286fecfc151d21eb21a51c1597752b196"
            ]
          ]
        }
      },
      "type": "SET_OPERATION_DESCRIPTION",
      "input": {
        "id": "AFOQs65sNdleMZUgUu8V2y0UkrI=",
        "description": "Updates an existing CoreDoc in the CoreDocState."
      },
      "scope": "global",
      "id": "d7e905bc-ca5c-4a1a-ba8e-dff10b7a0365",
      "index": 35,
      "timestamp": "2024-12-12T20:29:39.980Z",
      "hash": "r8H9aldq9T7TcC+sFqsysjIIPQw=",
      "skip": 0
    },
    {
      "context": {
        "signer": {
          "app": {
            "name": "Connect",
            "key": "did:key:zDnaeqEsC8MYUXmQzTj97rgo9PQzJBjn6qdXPUbuetcRWZUte"
          },
          "user": {
            "address": "0x04fFB597cb8A201D48Df806040f20c81be18aB6e",
            "networkId": "eip155",
            "chainId": 1
          },
          "signatures": [
            [
              "1734035385",
              "did:key:zDnaeqEsC8MYUXmQzTj97rgo9PQzJBjn6qdXPUbuetcRWZUte",
              "MGRYlTNEz79OZU/txQRLbaHjnqQ=",
              "aZ3d/ZpbzNGRLKhs1zw5c8RH9sg=",
              "0xd0543aeb04dcf47a1fdd8811e75ec5d71691bac6813bffadbb23496c3f3652a4a8d0c924fa8eca676ffe841c1dbed5e5b3a8a6b81414a169b7d4c1a6fb734171"
            ]
          ]
        }
      },
      "type": "ADD_OPERATION_ERROR",
      "input": {
        "id": "YmNA9tYC68o+4A9/aJXTDhH9yPs=",
        "operationId": "AFOQs65sNdleMZUgUu8V2y0UkrI=",
        "errorName": "CoreDocNotFoundException"
      },
      "scope": "global",
      "id": "e86526c5-7ad9-4065-82c1-46a468b5739c",
      "index": 36,
      "timestamp": "2024-12-12T20:29:45.028Z",
      "hash": "hCUNSsVJHQWmkLoQ/dUCx0Wl4lo=",
      "skip": 0
    }
  ],
  "local": []
}