{
  "global": {
    "id": "sky/atlas-scenariovariation",
    "name": "AtlasScenarioVariation",
    "extension": "",
    "description": "",
    "author": {
      "name": "",
      "website": ""
    },
    "specifications": [
      {
        "version": 1,
        "changeLog": [],
        "state": {
          "global": {
            "schema": "\ntype AtlasScenarioVariationState {\n  name: String! \n  docNo: String! \n  parent: PHID! # \n  content: String\n  masterStatus: Status! # \n  globalTags: [GlobalTag!]!\n  references: [PHID!]!\n  provenance: URL\n  notionId: String # verify if this can be changed to UUID type\n  findings: Finding!\n  additionalGuidance: String\n}\n\ntype Finding {\n  isAligned: Boolean! # True if aligned, false if misaligned\n  comment: String # Optional context or explanation about the finding\n}\n  \nenum Status {\n  PLACEHOLDER\n  PROVISIONAL\n  APPROVED \n  DEFERRED\n  ARCHIVED\n  \n}\n\nenum GlobalTag { \nSCOPE_ADVISOR\nECOSYSTEM_INTELLIGENCE\nRECURSIVE_IMPROVEMENT\nPURPOSE_SYSTEM\nAVC\nLEGACY_TERM\nSUBDAO_REWARDS\nFACILITATOR_DAO\n\n}\n\n\nenum Finding {\nALIGNED\nMISALIGNED\n}",
            "initialValue": "",
            "examples": []
          },
          "local": {
            "schema": "",
            "initialValue": "",
            "examples": []
          }
        },
        "modules": [
          {
            "id": "BLg4zPsLRV+4vphuER1smC11+FQ=",
            "name": "scenario_variation",
            "description": "",
            "operations": [
              {
                "id": "vN8yq/rzeDjtIFO+1UO+z1lI+6E=",
                "name": "UPDATE_SCENARIO_VARIATION",
                "description": "",
                "schema": "input UpdateScenarioVariationInput {\n  name: String\n  parent: PHID! \n  content: String\n  masterStatus: Status!\n  globalTags: [GlobalTag!]!\n  references: [PHID!]!\n  findings: UpdateFindingInput # Optional inclusion for modularity\n  additionalGuidance: String\n}\n\ninput UpdateFindingInput {\n  isAligned: Boolean! # True if aligned, false if misaligned\n  comment: String # Optional context or explanation about the finding\n}\n\nenum Status {\n  PLACEHOLDER\n  PROVISIONAL\n  APPROVED \n  DEFERRED\n  ARCHIVED\n  \n}\n\nenum GlobalTag { \nSCOPE_ADVISOR\nECOSYSTEM_INTELLIGENCE\nRECURSIVE_IMPROVEMENT\nPURPOSE_SYSTEM\nAVC\nLEGACY_TERM\nSUBDAO_REWARDS\nFACILITATOR_DAO\n\n}\n\n",
                "template": "",
                "reducer": "",
                "errors": [],
                "examples": [],
                "scope": "global"
              }
            ]
          }
        ]
      }
    ]
  },
  "local": {}
}