{
  "global": [
    {
      "type": "SET_MODEL_NAME",
      "input": {
        "name": "AtlasScenarioVariation"
      },
      "scope": "global",
      "id": "4946bb84-20bc-4d11-9b1a-949d1a72752e",
      "index": 0,
      "timestamp": "2024-12-13T09:08:28.596Z",
      "hash": "W+0sr6ETVgkNrbHBh3aP6yT7HGo=",
      "skip": 0
    },
    {
      "type": "SET_STATE_SCHEMA",
      "input": {
        "schema": "type AtlasScenarioVariationState {\n  \"Add your global state fields here\"\n  _placeholder: String\n}",
        "scope": "global"
      },
      "scope": "global",
      "id": "fd322f05-18f9-45c3-8e4e-9af9ae9024af",
      "index": 1,
      "timestamp": "2024-12-13T09:08:28.596Z",
      "hash": "gQuSLNJNANq8YqPf982IJAjXKZc=",
      "skip": 0
    },
    {
      "type": "SET_STATE_SCHEMA",
      "input": {
        "schema": "\ntype ScenarioVariationState {\n  name: String! \n  docNo: String! \n  parent: PHID! # \n  content: String\n  masterStatus: Status! # \n  globalTags: [GlobalTag!]!\n  references: [PHID!]!\n  provenance: URL\n  notionId: String # verify if this can be changed to UUID type\n  findings: Finding!\n  additionalGuidance: String\n}\n\ntype Finding {\n  isAligned: Boolean! # True if aligned, false if misaligned\n  comment: String # Optional context or explanation about the finding\n}\n  \nenum Status {\n  PLACEHOLDER\n  PROVISIONAL # enables ecosystem participants to interact with the material in a practical context, resulting in valuable feedback or other data concerning the Document's appropriateness.\n  APPROVED # material instance can be integrated into the Atlas\n  DEFERRED\n  ARCHIVED\n  \n}\n\nenum GlobalTags { # might also be a String \nSCOPE_ADVISOR\nECOSYSTEM_INTELLIGENCE\nRECURSIVE_IMPROVEMENT\nPURPOSE_SYSTEM\nAVC\nLEGACY_TERM\nSUBDAO_REWARDS\nFACILITATOR_DAO\n...\n\n}\n\n\nenum Finding {\nALIGNED\nMISALIGNED\n}",
        "scope": "global"
      },
      "scope": "global",
      "id": "06c61bd5-0e71-4c1a-8b0b-dfa09af023f3",
      "index": 2,
      "timestamp": "2024-12-13T09:08:35.245Z",
      "hash": "xuOvPMbUmM6bP8Lcr6O8PWDbupQ=",
      "skip": 0
    },
    {
      "type": "SET_STATE_SCHEMA",
      "input": {
        "schema": "\ntype ScenarioVariationState {\n  name: String! \n  docNo: String! \n  parent: PHID! # \n  content: String\n  masterStatus: Status! # \n  globalTags: [GlobalTag!]!\n  references: [PHID!]!\n  provenance: URL\n  notionId: String # verify if this can be changed to UUID type\n  findings: Finding!\n  additionalGuidance: String\n}\n\ntype Finding {\n  isAligned: Boolean! # True if aligned, false if misaligned\n  comment: String # Optional context or explanation about the finding\n}\n  \nenum Status {\n  PLACEHOLDER\n  PROVISIONAL # enables ecosystem participants to interact with the material in a practical context, resulting in valuable feedback or other data concerning the Document's appropriateness.\n  APPROVED # material instance can be integrated into the Atlas\n  DEFERRED\n  ARCHIVED\n  \n}\n\nenum GlobalTags { # might also be a String \nSCOPE_ADVISOR\nECOSYSTEM_INTELLIGENCE\nRECURSIVE_IMPROVEMENT\nPURPOSE_SYSTEM\nAVC\nLEGACY_TERM\nSUBDAO_REWARDS\nFACILITATOR_DAO\n\n}\n\n\nenum Finding {\nALIGNED\nMISALIGNED\n}",
        "scope": "global"
      },
      "scope": "global",
      "id": "e9d30a62-3f5a-40e4-9158-a58388c8c42f",
      "index": 3,
      "timestamp": "2024-12-13T09:08:41.305Z",
      "hash": "nPuvTUotu/v98gnrdqsh1nBWaGg=",
      "skip": 0
    },
    {
      "type": "SET_STATE_SCHEMA",
      "input": {
        "schema": "\ntype ScenarioVariationState {\n  name: String! \n  docNo: String! \n  parent: PHID! # \n  content: String\n  masterStatus: Status! # \n  globalTags: [GlobalTag!]!\n  references: [PHID!]!\n  provenance: URL\n  notionId: String # verify if this can be changed to UUID type\n  findings: Finding!\n  additionalGuidance: String\n}\n\ntype Finding {\n  isAligned: Boolean! # True if aligned, false if misaligned\n  comment: String # Optional context or explanation about the finding\n}\n  \nenum Status {\n  PLACEHOLDER\n  PROVISIONAL # enables ecosystem participants to interact with the material in a practical context, resulting in valuable feedback or other data concerning the Document's appropriateness.\n  APPROVED # material instance can be integrated into the Atlas\n  DEFERRED\n  ARCHIVED\n  \n}\n\nenum GlobalTags { \nSCOPE_ADVISOR\nECOSYSTEM_INTELLIGENCE\nRECURSIVE_IMPROVEMENT\nPURPOSE_SYSTEM\nAVC\nLEGACY_TERM\nSUBDAO_REWARDS\nFACILITATOR_DAO\n\n}\n\n\nenum Finding {\nALIGNED\nMISALIGNED\n}",
        "scope": "global"
      },
      "scope": "global",
      "id": "41766646-728f-4112-be5f-be56edf3982e",
      "index": 4,
      "timestamp": "2024-12-13T09:08:44.707Z",
      "hash": "iimiEsAsorfeWv/sZamO6gjFIHA=",
      "skip": 0
    },
    {
      "type": "SET_STATE_SCHEMA",
      "input": {
        "schema": "\ntype ScenarioVariationState {\n  name: String! \n  docNo: String! \n  parent: PHID! # \n  content: String\n  masterStatus: Status! # \n  globalTags: [GlobalTag!]!\n  references: [PHID!]!\n  provenance: URL\n  notionId: String # verify if this can be changed to UUID type\n  findings: Finding!\n  additionalGuidance: String\n}\n\ntype Finding {\n  isAligned: Boolean! # True if aligned, false if misaligned\n  comment: String # Optional context or explanation about the finding\n}\n  \nenum Status {\n  PLACEHOLDER\n  PROVISIONAL # enables ecosystem participants to interact with the material in a practical context, resulting in valuable feedback or other data concerning the Document's appropriateness.\n  APPROVED \n  DEFERRED\n  ARCHIVED\n  \n}\n\nenum GlobalTags { \nSCOPE_ADVISOR\nECOSYSTEM_INTELLIGENCE\nRECURSIVE_IMPROVEMENT\nPURPOSE_SYSTEM\nAVC\nLEGACY_TERM\nSUBDAO_REWARDS\nFACILITATOR_DAO\n\n}\n\n\nenum Finding {\nALIGNED\nMISALIGNED\n}",
        "scope": "global"
      },
      "scope": "global",
      "id": "74f0ed7e-ebd1-4b6e-a9a0-fb5d4dbed469",
      "index": 5,
      "timestamp": "2024-12-13T09:08:47.419Z",
      "hash": "zy1BSu5mTmXR0h87T/80CN5GSsI=",
      "skip": 0
    },
    {
      "type": "SET_STATE_SCHEMA",
      "input": {
        "schema": "\ntype ScenarioVariationState {\n  name: String! \n  docNo: String! \n  parent: PHID! # \n  content: String\n  masterStatus: Status! # \n  globalTags: [GlobalTag!]!\n  references: [PHID!]!\n  provenance: URL\n  notionId: String # verify if this can be changed to UUID type\n  findings: Finding!\n  additionalGuidance: String\n}\n\ntype Finding {\n  isAligned: Boolean! # True if aligned, false if misaligned\n  comment: String # Optional context or explanation about the finding\n}\n  \nenum Status {\n  PLACEHOLDER\n  PROVISIONAL\n  APPROVED \n  DEFERRED\n  ARCHIVED\n  \n}\n\nenum GlobalTags { \nSCOPE_ADVISOR\nECOSYSTEM_INTELLIGENCE\nRECURSIVE_IMPROVEMENT\nPURPOSE_SYSTEM\nAVC\nLEGACY_TERM\nSUBDAO_REWARDS\nFACILITATOR_DAO\n\n}\n\n\nenum Finding {\nALIGNED\nMISALIGNED\n}",
        "scope": "global"
      },
      "scope": "global",
      "id": "b115e6e9-4bff-495e-8ffc-9d8b70767ecc",
      "index": 6,
      "timestamp": "2024-12-13T09:08:48.734Z",
      "hash": "RYlqNuUyf1MSg/WFoq6RVbam+fA=",
      "skip": 0
    },
    {
      "type": "SET_STATE_SCHEMA",
      "input": {
        "schema": "\ntype ScenarioVariationState {\n  name: String! \n  docNo: String! \n  parent: PHID! # \n  content: String\n  masterStatus: Status! # \n  globalTags: [GlobalTag!]!\n  references: [PHID!]!\n  provenance: URL\n  notionId: String # verify if this can be changed to UUID type\n  findings: Finding!\n  additionalGuidance: String\n}\n\ntype Finding {\n  isAligned: Boolean! # True if aligned, false if misaligned\n  comment: String # Optional context or explanation about the finding\n}\n  \nenum Status {\n  PLACEHOLDER\n  PROVISIONAL\n  APPROVED \n  DEFERRED\n  ARCHIVED\n  \n}\n\nenum GlobalTag { \nSCOPE_ADVISOR\nECOSYSTEM_INTELLIGENCE\nRECURSIVE_IMPROVEMENT\nPURPOSE_SYSTEM\nAVC\nLEGACY_TERM\nSUBDAO_REWARDS\nFACILITATOR_DAO\n\n}\n\n\nenum Finding {\nALIGNED\nMISALIGNED\n}",
        "scope": "global"
      },
      "scope": "global",
      "id": "7716609a-4eb9-4a09-b680-ae1f4b7544ab",
      "index": 7,
      "timestamp": "2024-12-13T09:08:53.565Z",
      "hash": "eMG/gePZyLzkl7LKf30KlmY9vbg=",
      "skip": 0
    },
    {
      "type": "SET_STATE_SCHEMA",
      "input": {
        "schema": "\ntype VariationState {\n  name: String! \n  docNo: String! \n  parent: PHID! # \n  content: String\n  masterStatus: Status! # \n  globalTags: [GlobalTag!]!\n  references: [PHID!]!\n  provenance: URL\n  notionId: String # verify if this can be changed to UUID type\n  findings: Finding!\n  additionalGuidance: String\n}\n\ntype Finding {\n  isAligned: Boolean! # True if aligned, false if misaligned\n  comment: String # Optional context or explanation about the finding\n}\n  \nenum Status {\n  PLACEHOLDER\n  PROVISIONAL\n  APPROVED \n  DEFERRED\n  ARCHIVED\n  \n}\n\nenum GlobalTag { \nSCOPE_ADVISOR\nECOSYSTEM_INTELLIGENCE\nRECURSIVE_IMPROVEMENT\nPURPOSE_SYSTEM\nAVC\nLEGACY_TERM\nSUBDAO_REWARDS\nFACILITATOR_DAO\n\n}\n\n\nenum Finding {\nALIGNED\nMISALIGNED\n}",
        "scope": "global"
      },
      "scope": "global",
      "id": "88d619e4-375f-471b-8efb-c0297a939922",
      "index": 8,
      "timestamp": "2024-12-13T09:08:58.233Z",
      "hash": "aV6BWERaxK/ePJDLR3FRJfG88mc=",
      "skip": 0
    },
    {
      "type": "SET_STATE_SCHEMA",
      "input": {
        "schema": "\ntype SVariationState {\n  name: String! \n  docNo: String! \n  parent: PHID! # \n  content: String\n  masterStatus: Status! # \n  globalTags: [GlobalTag!]!\n  references: [PHID!]!\n  provenance: URL\n  notionId: String # verify if this can be changed to UUID type\n  findings: Finding!\n  additionalGuidance: String\n}\n\ntype Finding {\n  isAligned: Boolean! # True if aligned, false if misaligned\n  comment: String # Optional context or explanation about the finding\n}\n  \nenum Status {\n  PLACEHOLDER\n  PROVISIONAL\n  APPROVED \n  DEFERRED\n  ARCHIVED\n  \n}\n\nenum GlobalTag { \nSCOPE_ADVISOR\nECOSYSTEM_INTELLIGENCE\nRECURSIVE_IMPROVEMENT\nPURPOSE_SYSTEM\nAVC\nLEGACY_TERM\nSUBDAO_REWARDS\nFACILITATOR_DAO\n\n}\n\n\nenum Finding {\nALIGNED\nMISALIGNED\n}",
        "scope": "global"
      },
      "scope": "global",
      "id": "fb19a6d9-2259-4d79-8f74-8c8a272410c2",
      "index": 9,
      "timestamp": "2024-12-13T09:09:02.428Z",
      "hash": "sFYcFo3H3NbD8hxDxsqfFn17kLs=",
      "skip": 0
    },
    {
      "type": "SET_STATE_SCHEMA",
      "input": {
        "schema": "\ntype ScenarioVariationState {\n  name: String! \n  docNo: String! \n  parent: PHID! # \n  content: String\n  masterStatus: Status! # \n  globalTags: [GlobalTag!]!\n  references: [PHID!]!\n  provenance: URL\n  notionId: String # verify if this can be changed to UUID type\n  findings: Finding!\n  additionalGuidance: String\n}\n\ntype Finding {\n  isAligned: Boolean! # True if aligned, false if misaligned\n  comment: String # Optional context or explanation about the finding\n}\n  \nenum Status {\n  PLACEHOLDER\n  PROVISIONAL\n  APPROVED \n  DEFERRED\n  ARCHIVED\n  \n}\n\nenum GlobalTag { \nSCOPE_ADVISOR\nECOSYSTEM_INTELLIGENCE\nRECURSIVE_IMPROVEMENT\nPURPOSE_SYSTEM\nAVC\nLEGACY_TERM\nSUBDAO_REWARDS\nFACILITATOR_DAO\n\n}\n\n\nenum Finding {\nALIGNED\nMISALIGNED\n}",
        "scope": "global"
      },
      "scope": "global",
      "id": "4f69ad26-5700-4d77-9a63-7fa32a8766d0",
      "index": 10,
      "timestamp": "2024-12-13T09:09:03.832Z",
      "hash": "eMG/gePZyLzkl7LKf30KlmY9vbg=",
      "skip": 0
    },
    {
      "type": "SET_STATE_SCHEMA",
      "input": {
        "schema": "\ntype AtlasScenarioVariationState {\n  name: String! \n  docNo: String! \n  parent: PHID! # \n  content: String\n  masterStatus: Status! # \n  globalTags: [GlobalTag!]!\n  references: [PHID!]!\n  provenance: URL\n  notionId: String # verify if this can be changed to UUID type\n  findings: Finding!\n  additionalGuidance: String\n}\n\ntype Finding {\n  isAligned: Boolean! # True if aligned, false if misaligned\n  comment: String # Optional context or explanation about the finding\n}\n  \nenum Status {\n  PLACEHOLDER\n  PROVISIONAL\n  APPROVED \n  DEFERRED\n  ARCHIVED\n  \n}\n\nenum GlobalTag { \nSCOPE_ADVISOR\nECOSYSTEM_INTELLIGENCE\nRECURSIVE_IMPROVEMENT\nPURPOSE_SYSTEM\nAVC\nLEGACY_TERM\nSUBDAO_REWARDS\nFACILITATOR_DAO\n\n}\n\n\nenum Finding {\nALIGNED\nMISALIGNED\n}",
        "scope": "global"
      },
      "scope": "global",
      "id": "6607cec0-99b0-4808-a3e1-1c7b8a767e6d",
      "index": 11,
      "timestamp": "2024-12-13T09:09:12.284Z",
      "hash": "47Ax/rB/YVSW+ILfsQcmRwJDjZc=",
      "skip": 0
    },
    {
      "type": "SET_STATE_SCHEMA",
      "input": {
        "schema": "\ntype ScenarioVariationState {\n  name: String! \n  docNo: String! \n  parent: PHID! # \n  content: String\n  masterStatus: Status! # \n  globalTags: [GlobalTag!]!\n  references: [PHID!]!\n  provenance: URL\n  notionId: String # verify if this can be changed to UUID type\n  findings: Finding!\n  additionalGuidance: String\n}\n\ntype Finding {\n  isAligned: Boolean! # True if aligned, false if misaligned\n  comment: String # Optional context or explanation about the finding\n}\n  \nenum Status {\n  PLACEHOLDER\n  PROVISIONAL\n  APPROVED \n  DEFERRED\n  ARCHIVED\n  \n}\n\nenum GlobalTag { \nSCOPE_ADVISOR\nECOSYSTEM_INTELLIGENCE\nRECURSIVE_IMPROVEMENT\nPURPOSE_SYSTEM\nAVC\nLEGACY_TERM\nSUBDAO_REWARDS\nFACILITATOR_DAO\n\n}\n\n\nenum Finding {\nALIGNED\nMISALIGNED\n}",
        "scope": "global"
      },
      "scope": "global",
      "id": "31af8a9a-9dab-4b0d-aad2-cfaa8d88a912",
      "index": 12,
      "timestamp": "2024-12-13T09:09:20.421Z",
      "hash": "eMG/gePZyLzkl7LKf30KlmY9vbg=",
      "skip": 0
    },
    {
      "type": "SET_STATE_SCHEMA",
      "input": {
        "schema": "\ntype AtlasScenarioVariationState {\n  name: String! \n  docNo: String! \n  parent: PHID! # \n  content: String\n  masterStatus: Status! # \n  globalTags: [GlobalTag!]!\n  references: [PHID!]!\n  provenance: URL\n  notionId: String # verify if this can be changed to UUID type\n  findings: Finding!\n  additionalGuidance: String\n}\n\ntype Finding {\n  isAligned: Boolean! # True if aligned, false if misaligned\n  comment: String # Optional context or explanation about the finding\n}\n  \nenum Status {\n  PLACEHOLDER\n  PROVISIONAL\n  APPROVED \n  DEFERRED\n  ARCHIVED\n  \n}\n\nenum GlobalTag { \nSCOPE_ADVISOR\nECOSYSTEM_INTELLIGENCE\nRECURSIVE_IMPROVEMENT\nPURPOSE_SYSTEM\nAVC\nLEGACY_TERM\nSUBDAO_REWARDS\nFACILITATOR_DAO\n\n}\n\n\nenum Finding {\nALIGNED\nMISALIGNED\n}",
        "scope": "global"
      },
      "scope": "global",
      "id": "26586343-05af-4371-8e1a-92d04064fcc0",
      "index": 13,
      "timestamp": "2024-12-13T09:09:22.498Z",
      "hash": "47Ax/rB/YVSW+ILfsQcmRwJDjZc=",
      "skip": 0
    },
    {
      "type": "SET_STATE_SCHEMA",
      "input": {
        "schema": "\ntype VariationState {\n  name: String! \n  docNo: String! \n  parent: PHID! # \n  content: String\n  masterStatus: Status! # \n  globalTags: [GlobalTag!]!\n  references: [PHID!]!\n  provenance: URL\n  notionId: String # verify if this can be changed to UUID type\n  findings: Finding!\n  additionalGuidance: String\n}\n\ntype Finding {\n  isAligned: Boolean! # True if aligned, false if misaligned\n  comment: String # Optional context or explanation about the finding\n}\n  \nenum Status {\n  PLACEHOLDER\n  PROVISIONAL\n  APPROVED \n  DEFERRED\n  ARCHIVED\n  \n}\n\nenum GlobalTag { \nSCOPE_ADVISOR\nECOSYSTEM_INTELLIGENCE\nRECURSIVE_IMPROVEMENT\nPURPOSE_SYSTEM\nAVC\nLEGACY_TERM\nSUBDAO_REWARDS\nFACILITATOR_DAO\n\n}\n\n\nenum Finding {\nALIGNED\nMISALIGNED\n}",
        "scope": "global"
      },
      "scope": "global",
      "id": "cb22a596-146c-43be-823b-fee0b18199b0",
      "index": 14,
      "timestamp": "2024-12-13T09:09:29.070Z",
      "hash": "aV6BWERaxK/ePJDLR3FRJfG88mc=",
      "skip": 0
    },
    {
      "type": "SET_STATE_SCHEMA",
      "input": {
        "schema": "\ntype AtlasVariationState {\n  name: String! \n  docNo: String! \n  parent: PHID! # \n  content: String\n  masterStatus: Status! # \n  globalTags: [GlobalTag!]!\n  references: [PHID!]!\n  provenance: URL\n  notionId: String # verify if this can be changed to UUID type\n  findings: Finding!\n  additionalGuidance: String\n}\n\ntype Finding {\n  isAligned: Boolean! # True if aligned, false if misaligned\n  comment: String # Optional context or explanation about the finding\n}\n  \nenum Status {\n  PLACEHOLDER\n  PROVISIONAL\n  APPROVED \n  DEFERRED\n  ARCHIVED\n  \n}\n\nenum GlobalTag { \nSCOPE_ADVISOR\nECOSYSTEM_INTELLIGENCE\nRECURSIVE_IMPROVEMENT\nPURPOSE_SYSTEM\nAVC\nLEGACY_TERM\nSUBDAO_REWARDS\nFACILITATOR_DAO\n\n}\n\n\nenum Finding {\nALIGNED\nMISALIGNED\n}",
        "scope": "global"
      },
      "scope": "global",
      "id": "93e964f6-a958-4a42-9cc1-13e7d4498db8",
      "index": 15,
      "timestamp": "2024-12-13T09:09:38.290Z",
      "hash": "/gHYutFx6fVfFNVFG2zOA6m8Pvk=",
      "skip": 0
    },
    {
      "type": "SET_STATE_SCHEMA",
      "input": {
        "schema": "\ntype AtlasScenarioVariationState {\n  name: String! \n  docNo: String! \n  parent: PHID! # \n  content: String\n  masterStatus: Status! # \n  globalTags: [GlobalTag!]!\n  references: [PHID!]!\n  provenance: URL\n  notionId: String # verify if this can be changed to UUID type\n  findings: Finding!\n  additionalGuidance: String\n}\n\ntype Finding {\n  isAligned: Boolean! # True if aligned, false if misaligned\n  comment: String # Optional context or explanation about the finding\n}\n  \nenum Status {\n  PLACEHOLDER\n  PROVISIONAL\n  APPROVED \n  DEFERRED\n  ARCHIVED\n  \n}\n\nenum GlobalTag { \nSCOPE_ADVISOR\nECOSYSTEM_INTELLIGENCE\nRECURSIVE_IMPROVEMENT\nPURPOSE_SYSTEM\nAVC\nLEGACY_TERM\nSUBDAO_REWARDS\nFACILITATOR_DAO\n\n}\n\n\nenum Finding {\nALIGNED\nMISALIGNED\n}",
        "scope": "global"
      },
      "scope": "global",
      "id": "661cff40-5246-4fb5-9e2a-f5e35f5983bb",
      "index": 16,
      "timestamp": "2024-12-13T09:09:42.604Z",
      "hash": "47Ax/rB/YVSW+ILfsQcmRwJDjZc=",
      "skip": 0
    },
    {
      "type": "ADD_MODULE",
      "input": {
        "id": "BLg4zPsLRV+4vphuER1smC11+FQ=",
        "name": "scenario_variation"
      },
      "scope": "global",
      "id": "5c1929ca-053c-41bd-bdc7-556df6708f23",
      "index": 17,
      "timestamp": "2024-12-13T09:09:51.170Z",
      "hash": "pYkpu+Tx4unEIzi+hylkyHGd2DA=",
      "skip": 0
    },
    {
      "type": "ADD_OPERATION",
      "input": {
        "id": "vN8yq/rzeDjtIFO+1UO+z1lI+6E=",
        "moduleId": "BLg4zPsLRV+4vphuER1smC11+FQ=",
        "name": "UPDATE_SCENARIO_VARIATION"
      },
      "scope": "global",
      "id": "919c0029-4b1e-408a-8c70-38b5860f47ec",
      "index": 18,
      "timestamp": "2024-12-13T09:09:57.317Z",
      "hash": "5+HekoJ02wn0jnNJGLkFfxIwfzY=",
      "skip": 0
    },
    {
      "type": "SET_OPERATION_SCHEMA",
      "input": {
        "id": "vN8yq/rzeDjtIFO+1UO+z1lI+6E=",
        "schema": "input UpdateScenarioVariationInput {\n  \"Add your inputs here\"\n  _placeholder: String\n}"
      },
      "scope": "global",
      "id": "3e6a1421-47b7-4273-98e1-dfa439abf091",
      "index": 19,
      "timestamp": "2024-12-13T09:09:57.332Z",
      "hash": "ro/1EZDpjrthHiIH17IXPjgSE3k=",
      "skip": 0
    },
    {
      "type": "SET_OPERATION_SCHEMA",
      "input": {
        "id": "vN8yq/rzeDjtIFO+1UO+z1lI+6E=",
        "schema": "input UpdateScenarioInput {\n  name: String\n  parent: PHID! \n  content: String\n  masterStatus: [Status!]!\n  globalTags: [String]\n  references: [PHID!]!\n  findings: UpdateFindingInput # Optional inclusion for modularity\n  additionalGuidance: String\n}\n\ninput UpdateFindingInput {\n  isAligned: Boolean! # True if aligned, false if misaligned\n  comment: String # Optional context or explanation about the finding\n}\n"
      },
      "scope": "global",
      "id": "1fbccaf5-522e-4960-8f16-eef434318482",
      "index": 20,
      "timestamp": "2024-12-13T09:10:09.029Z",
      "hash": "AH7nDUuNplr0Zgqvyt4vfNP8w/8=",
      "skip": 0
    },
    {
      "type": "SET_OPERATION_SCHEMA",
      "input": {
        "id": "vN8yq/rzeDjtIFO+1UO+z1lI+6E=",
        "schema": "input UpdateScenariovARIATIONInput {\n  name: String\n  parent: PHID! \n  content: String\n  masterStatus: [Status!]!\n  globalTags: [String]\n  references: [PHID!]!\n  findings: UpdateFindingInput # Optional inclusion for modularity\n  additionalGuidance: String\n}\n\ninput UpdateFindingInput {\n  isAligned: Boolean! # True if aligned, false if misaligned\n  comment: String # Optional context or explanation about the finding\n}\n"
      },
      "scope": "global",
      "id": "c86eb0a7-dc04-41cf-8ba8-b3582b375397",
      "index": 21,
      "timestamp": "2024-12-13T09:10:12.679Z",
      "hash": "lAIa8Xq5OLyAt/gSL9pePIwAwxo=",
      "skip": 0
    },
    {
      "type": "SET_STATE_SCHEMA",
      "input": {
        "schema": "\ntype AtlasScenarioVariationState {\n  name: String! \n  docNo: String! \n  parent: PHID! # \n  content: String\n  masterStatus: [Status! # \n  globalTags: [GlobalTag!]!\n  references: [PHID!]!\n  provenance: URL\n  notionId: String # verify if this can be changed to UUID type\n  findings: Finding!\n  additionalGuidance: String\n}\n\ntype Finding {\n  isAligned: Boolean! # True if aligned, false if misaligned\n  comment: String # Optional context or explanation about the finding\n}\n  \nenum Status {\n  PLACEHOLDER\n  PROVISIONAL\n  APPROVED \n  DEFERRED\n  ARCHIVED\n  \n}\n\nenum GlobalTag { \nSCOPE_ADVISOR\nECOSYSTEM_INTELLIGENCE\nRECURSIVE_IMPROVEMENT\nPURPOSE_SYSTEM\nAVC\nLEGACY_TERM\nSUBDAO_REWARDS\nFACILITATOR_DAO\n\n}\n\n\nenum Finding {\nALIGNED\nMISALIGNED\n}",
        "scope": "global"
      },
      "scope": "global",
      "id": "5a106b4d-1cb5-4964-b640-fe06027ff5b1",
      "index": 22,
      "timestamp": "2024-12-13T09:10:25.612Z",
      "hash": "iBDa4d417qT1nyqLZdIbR/huRFI=",
      "skip": 0
    },
    {
      "type": "SET_STATE_SCHEMA",
      "input": {
        "schema": "\ntype AtlasScenarioVariationState {\n  name: String! \n  docNo: String! \n  parent: PHID! # \n  content: String\n  masterStatus: [Status]! # \n  globalTags: [GlobalTag!]!\n  references: [PHID!]!\n  provenance: URL\n  notionId: String # verify if this can be changed to UUID type\n  findings: Finding!\n  additionalGuidance: String\n}\n\ntype Finding {\n  isAligned: Boolean! # True if aligned, false if misaligned\n  comment: String # Optional context or explanation about the finding\n}\n  \nenum Status {\n  PLACEHOLDER\n  PROVISIONAL\n  APPROVED \n  DEFERRED\n  ARCHIVED\n  \n}\n\nenum GlobalTag { \nSCOPE_ADVISOR\nECOSYSTEM_INTELLIGENCE\nRECURSIVE_IMPROVEMENT\nPURPOSE_SYSTEM\nAVC\nLEGACY_TERM\nSUBDAO_REWARDS\nFACILITATOR_DAO\n\n}\n\n\nenum Finding {\nALIGNED\nMISALIGNED\n}",
        "scope": "global"
      },
      "scope": "global",
      "id": "38da1884-0215-42c6-bf3d-5b5e64f5432f",
      "index": 23,
      "timestamp": "2024-12-13T09:10:28.216Z",
      "hash": "bgkN7qVKtvt6rowisF75YjVK5UQ=",
      "skip": 0
    },
    {
      "type": "SET_STATE_SCHEMA",
      "input": {
        "schema": "\ntype AtlasScenarioVariationState {\n  name: String! \n  docNo: String! \n  parent: PHID! # \n  content: String\n  masterStatus: [Status]!! # \n  globalTags: [GlobalTag!]!\n  references: [PHID!]!\n  provenance: URL\n  notionId: String # verify if this can be changed to UUID type\n  findings: Finding!\n  additionalGuidance: String\n}\n\ntype Finding {\n  isAligned: Boolean! # True if aligned, false if misaligned\n  comment: String # Optional context or explanation about the finding\n}\n  \nenum Status {\n  PLACEHOLDER\n  PROVISIONAL\n  APPROVED \n  DEFERRED\n  ARCHIVED\n  \n}\n\nenum GlobalTag { \nSCOPE_ADVISOR\nECOSYSTEM_INTELLIGENCE\nRECURSIVE_IMPROVEMENT\nPURPOSE_SYSTEM\nAVC\nLEGACY_TERM\nSUBDAO_REWARDS\nFACILITATOR_DAO\n\n}\n\n\nenum Finding {\nALIGNED\nMISALIGNED\n}",
        "scope": "global"
      },
      "scope": "global",
      "id": "4889dbeb-d131-4410-87a7-bde6e64bdfad",
      "index": 24,
      "timestamp": "2024-12-13T09:10:30.851Z",
      "hash": "1HYu8EE8DMj+mzIcu1qUNcgKs5A=",
      "skip": 0
    },
    {
      "type": "SET_STATE_SCHEMA",
      "input": {
        "schema": "\ntype AtlasScenarioVariationState {\n  name: String! \n  docNo: String! \n  parent: PHID! # \n  content: String\n  masterStatus: [Status]! # \n  globalTags: [GlobalTag!]!\n  references: [PHID!]!\n  provenance: URL\n  notionId: String # verify if this can be changed to UUID type\n  findings: Finding!\n  additionalGuidance: String\n}\n\ntype Finding {\n  isAligned: Boolean! # True if aligned, false if misaligned\n  comment: String # Optional context or explanation about the finding\n}\n  \nenum Status {\n  PLACEHOLDER\n  PROVISIONAL\n  APPROVED \n  DEFERRED\n  ARCHIVED\n  \n}\n\nenum GlobalTag { \nSCOPE_ADVISOR\nECOSYSTEM_INTELLIGENCE\nRECURSIVE_IMPROVEMENT\nPURPOSE_SYSTEM\nAVC\nLEGACY_TERM\nSUBDAO_REWARDS\nFACILITATOR_DAO\n\n}\n\n\nenum Finding {\nALIGNED\nMISALIGNED\n}",
        "scope": "global"
      },
      "scope": "global",
      "id": "a1934463-e7bf-4269-86ea-e72e1588105d",
      "index": 25,
      "timestamp": "2024-12-13T09:10:31.806Z",
      "hash": "bgkN7qVKtvt6rowisF75YjVK5UQ=",
      "skip": 0
    },
    {
      "type": "SET_STATE_SCHEMA",
      "input": {
        "schema": "\ntype AtlasScenarioVariationState {\n  name: String! \n  docNo: String! \n  parent: PHID! # \n  content: String\n  masterStatus: [Status!]! # \n  globalTags: [GlobalTag!]!\n  references: [PHID!]!\n  provenance: URL\n  notionId: String # verify if this can be changed to UUID type\n  findings: Finding!\n  additionalGuidance: String\n}\n\ntype Finding {\n  isAligned: Boolean! # True if aligned, false if misaligned\n  comment: String # Optional context or explanation about the finding\n}\n  \nenum Status {\n  PLACEHOLDER\n  PROVISIONAL\n  APPROVED \n  DEFERRED\n  ARCHIVED\n  \n}\n\nenum GlobalTag { \nSCOPE_ADVISOR\nECOSYSTEM_INTELLIGENCE\nRECURSIVE_IMPROVEMENT\nPURPOSE_SYSTEM\nAVC\nLEGACY_TERM\nSUBDAO_REWARDS\nFACILITATOR_DAO\n\n}\n\n\nenum Finding {\nALIGNED\nMISALIGNED\n}",
        "scope": "global"
      },
      "scope": "global",
      "id": "63301fd8-a17e-47e6-b26d-5e611e9e167d",
      "index": 26,
      "timestamp": "2024-12-13T09:10:32.826Z",
      "hash": "Cr+d+YvgbEfC7pJlYU9msi84MBk=",
      "skip": 0
    },
    {
      "type": "SET_STATE_SCHEMA",
      "input": {
        "schema": "\ntype AtlasScenarioVariationState {\n  name: String! \n  docNo: String! \n  parent: PHID! # \n  content: String\n  masterStatus: Status!]! # \n  globalTags: [GlobalTag!]!\n  references: [PHID!]!\n  provenance: URL\n  notionId: String # verify if this can be changed to UUID type\n  findings: Finding!\n  additionalGuidance: String\n}\n\ntype Finding {\n  isAligned: Boolean! # True if aligned, false if misaligned\n  comment: String # Optional context or explanation about the finding\n}\n  \nenum Status {\n  PLACEHOLDER\n  PROVISIONAL\n  APPROVED \n  DEFERRED\n  ARCHIVED\n  \n}\n\nenum GlobalTag { \nSCOPE_ADVISOR\nECOSYSTEM_INTELLIGENCE\nRECURSIVE_IMPROVEMENT\nPURPOSE_SYSTEM\nAVC\nLEGACY_TERM\nSUBDAO_REWARDS\nFACILITATOR_DAO\n\n}\n\n\nenum Finding {\nALIGNED\nMISALIGNED\n}",
        "scope": "global"
      },
      "scope": "global",
      "id": "9f0db59c-0d37-438d-ae1e-b3639ce43111",
      "index": 27,
      "timestamp": "2024-12-13T09:10:48.991Z",
      "hash": "QqHzSZ1pF3rsRcvnOqcsSLylf4A=",
      "skip": 0
    },
    {
      "type": "SET_STATE_SCHEMA",
      "input": {
        "schema": "\ntype AtlasScenarioVariationState {\n  name: String! \n  docNo: String! \n  parent: PHID! # \n  content: String\n  masterStatus: Status!! # \n  globalTags: [GlobalTag!]!\n  references: [PHID!]!\n  provenance: URL\n  notionId: String # verify if this can be changed to UUID type\n  findings: Finding!\n  additionalGuidance: String\n}\n\ntype Finding {\n  isAligned: Boolean! # True if aligned, false if misaligned\n  comment: String # Optional context or explanation about the finding\n}\n  \nenum Status {\n  PLACEHOLDER\n  PROVISIONAL\n  APPROVED \n  DEFERRED\n  ARCHIVED\n  \n}\n\nenum GlobalTag { \nSCOPE_ADVISOR\nECOSYSTEM_INTELLIGENCE\nRECURSIVE_IMPROVEMENT\nPURPOSE_SYSTEM\nAVC\nLEGACY_TERM\nSUBDAO_REWARDS\nFACILITATOR_DAO\n\n}\n\n\nenum Finding {\nALIGNED\nMISALIGNED\n}",
        "scope": "global"
      },
      "scope": "global",
      "id": "75907998-dd40-4dbb-b3ef-02b1dfddfa97",
      "index": 28,
      "timestamp": "2024-12-13T09:10:49.767Z",
      "hash": "DQdW54YdzdC3xWKCaF99xrkwjuE=",
      "skip": 0
    },
    {
      "type": "SET_STATE_SCHEMA",
      "input": {
        "schema": "\ntype AtlasScenarioVariationState {\n  name: String! \n  docNo: String! \n  parent: PHID! # \n  content: String\n  masterStatus: Status # \n  globalTags: [GlobalTag!]!\n  references: [PHID!]!\n  provenance: URL\n  notionId: String # verify if this can be changed to UUID type\n  findings: Finding!\n  additionalGuidance: String\n}\n\ntype Finding {\n  isAligned: Boolean! # True if aligned, false if misaligned\n  comment: String # Optional context or explanation about the finding\n}\n  \nenum Status {\n  PLACEHOLDER\n  PROVISIONAL\n  APPROVED \n  DEFERRED\n  ARCHIVED\n  \n}\n\nenum GlobalTag { \nSCOPE_ADVISOR\nECOSYSTEM_INTELLIGENCE\nRECURSIVE_IMPROVEMENT\nPURPOSE_SYSTEM\nAVC\nLEGACY_TERM\nSUBDAO_REWARDS\nFACILITATOR_DAO\n\n}\n\n\nenum Finding {\nALIGNED\nMISALIGNED\n}",
        "scope": "global"
      },
      "scope": "global",
      "id": "6c64fb95-92d1-4e8f-b89b-1f37e03889a7",
      "index": 29,
      "timestamp": "2024-12-13T09:10:50.505Z",
      "hash": "zTEhnHCUVq91jpqrNnESDYSmhbs=",
      "skip": 0
    },
    {
      "type": "SET_STATE_SCHEMA",
      "input": {
        "schema": "\ntype AtlasScenarioVariationState {\n  name: String! \n  docNo: String! \n  parent: PHID! # \n  content: String\n  masterStatus: Status! # \n  globalTags: [GlobalTag!]!\n  references: [PHID!]!\n  provenance: URL\n  notionId: String # verify if this can be changed to UUID type\n  findings: Finding!\n  additionalGuidance: String\n}\n\ntype Finding {\n  isAligned: Boolean! # True if aligned, false if misaligned\n  comment: String # Optional context or explanation about the finding\n}\n  \nenum Status {\n  PLACEHOLDER\n  PROVISIONAL\n  APPROVED \n  DEFERRED\n  ARCHIVED\n  \n}\n\nenum GlobalTag { \nSCOPE_ADVISOR\nECOSYSTEM_INTELLIGENCE\nRECURSIVE_IMPROVEMENT\nPURPOSE_SYSTEM\nAVC\nLEGACY_TERM\nSUBDAO_REWARDS\nFACILITATOR_DAO\n\n}\n\n\nenum Finding {\nALIGNED\nMISALIGNED\n}",
        "scope": "global"
      },
      "scope": "global",
      "id": "0aa6647a-54c7-498e-8a75-ee08e877da5d",
      "index": 30,
      "timestamp": "2024-12-13T09:10:51.895Z",
      "hash": "lAIa8Xq5OLyAt/gSL9pePIwAwxo=",
      "skip": 0
    },
    {
      "type": "SET_OPERATION_SCHEMA",
      "input": {
        "id": "vN8yq/rzeDjtIFO+1UO+z1lI+6E=",
        "schema": "input UpdateScenariovARIATIONInput {\n  name: String\n  parent: PHID! \n  content: String\n  masterStatus: Status!]!\n  globalTags: [String]\n  references: [PHID!]!\n  findings: UpdateFindingInput # Optional inclusion for modularity\n  additionalGuidance: String\n}\n\ninput UpdateFindingInput {\n  isAligned: Boolean! # True if aligned, false if misaligned\n  comment: String # Optional context or explanation about the finding\n}\n"
      },
      "scope": "global",
      "id": "bcf1d930-eec6-4df4-bf78-6d80355f28fb",
      "index": 31,
      "timestamp": "2024-12-13T09:10:55.413Z",
      "hash": "PUdH0awoO1QyTicwHSTXohCTkQ4=",
      "skip": 0
    },
    {
      "type": "SET_OPERATION_SCHEMA",
      "input": {
        "id": "vN8yq/rzeDjtIFO+1UO+z1lI+6E=",
        "schema": "input UpdateScenariovARIATIONInput {\n  name: String\n  parent: PHID! \n  content: String\n  masterStatus: Status!\n  globalTags: [String]\n  references: [PHID!]!\n  findings: UpdateFindingInput # Optional inclusion for modularity\n  additionalGuidance: String\n}\n\ninput UpdateFindingInput {\n  isAligned: Boolean! # True if aligned, false if misaligned\n  comment: String # Optional context or explanation about the finding\n}\n"
      },
      "scope": "global",
      "id": "229647ec-54ab-48c7-ae39-203b8c7008ee",
      "index": 32,
      "timestamp": "2024-12-13T09:10:56.448Z",
      "hash": "ZP3cLtTBKXnYWY6yHMMTFM64qpg=",
      "skip": 0
    },
    {
      "type": "SET_OPERATION_SCHEMA",
      "input": {
        "id": "vN8yq/rzeDjtIFO+1UO+z1lI+6E=",
        "schema": "input UpdateScenariovARIATIONInput {\n  name: String\n  parent: PHID! \n  content: String\n  masterStatus: Status\n  globalTags: [String]\n  references: [PHID!]!\n  findings: UpdateFindingInput # Optional inclusion for modularity\n  additionalGuidance: String\n}\n\ninput UpdateFindingInput {\n  isAligned: Boolean! # True if aligned, false if misaligned\n  comment: String # Optional context or explanation about the finding\n}\n"
      },
      "scope": "global",
      "id": "215768a3-6940-44a0-9807-9fd264a27e51",
      "index": 33,
      "timestamp": "2024-12-13T09:10:58.807Z",
      "hash": "CWtT063ZxoggnSj7+O4pjYhL7k0=",
      "skip": 0
    },
    {
      "type": "SET_OPERATION_SCHEMA",
      "input": {
        "id": "vN8yq/rzeDjtIFO+1UO+z1lI+6E=",
        "schema": "input UpdateScenariovARIATIONInput {\n  name: String\n  parent: PHID! \n  content: String\n  masterStatus: Status\n  globalTags: [GlobalTa]\n  references: [PHID!]!\n  findings: UpdateFindingInput # Optional inclusion for modularity\n  additionalGuidance: String\n}\n\ninput UpdateFindingInput {\n  isAligned: Boolean! # True if aligned, false if misaligned\n  comment: String # Optional context or explanation about the finding\n}\n"
      },
      "scope": "global",
      "id": "29a1e82a-fad9-48f3-8351-fa29335c8479",
      "index": 34,
      "timestamp": "2024-12-13T09:11:21.702Z",
      "hash": "qehQKr3xR7B70LR2IC5ehxzcHHk=",
      "skip": 0
    },
    {
      "type": "SET_OPERATION_SCHEMA",
      "input": {
        "id": "vN8yq/rzeDjtIFO+1UO+z1lI+6E=",
        "schema": "input UpdateScenariovARIATIONInput {\n  name: String\n  parent: PHID! \n  content: String\n  masterStatus: Status\n  globalTags: [GlobalTag!]\n  references: [PHID!]!\n  findings: UpdateFindingInput # Optional inclusion for modularity\n  additionalGuidance: String\n}\n\ninput UpdateFindingInput {\n  isAligned: Boolean! # True if aligned, false if misaligned\n  comment: String # Optional context or explanation about the finding\n}\n"
      },
      "scope": "global",
      "id": "e285799d-6b1a-4a12-b994-e50840ff3695",
      "index": 35,
      "timestamp": "2024-12-13T09:11:22.553Z",
      "hash": "bBi6G1yZM8z8skEb8+4tKGcHy5E=",
      "skip": 0
    },
    {
      "type": "SET_OPERATION_SCHEMA",
      "input": {
        "id": "vN8yq/rzeDjtIFO+1UO+z1lI+6E=",
        "schema": "input UpdateScenariovARIATIONInput {\n  name: String\n  parent: PHID! \n  content: String\n  masterStatus: Status\n  globalTags: [GlobalTag!]!\n  references: [PHID!]!\n  findings: UpdateFindingInput # Optional inclusion for modularity\n  additionalGuidance: String\n}\n\ninput UpdateFindingInput {\n  isAligned: Boolean! # True if aligned, false if misaligned\n  comment: String # Optional context or explanation about the finding\n}\n"
      },
      "scope": "global",
      "id": "45746a8c-e00d-4678-96fc-d9ff505832b9",
      "index": 36,
      "timestamp": "2024-12-13T09:11:23.665Z",
      "hash": "2oYryCOFc+h7vV8LzlLQplZNFGw=",
      "skip": 0
    },
    {
      "type": "SET_OPERATION_SCHEMA",
      "input": {
        "id": "vN8yq/rzeDjtIFO+1UO+z1lI+6E=",
        "schema": "input UpdateScenariovARIATIONInput {\n  name: String\n  parent: PHID! \n  content: String\n  masterStatus: Status!\n  globalTags: [GlobalTag!]!\n  references: [PHID!]!\n  findings: UpdateFindingInput # Optional inclusion for modularity\n  additionalGuidance: String\n}\n\ninput UpdateFindingInput {\n  isAligned: Boolean! # True if aligned, false if misaligned\n  comment: String # Optional context or explanation about the finding\n}\n"
      },
      "scope": "global",
      "id": "461068f4-b103-44af-a92d-6919e82e2b9d",
      "index": 37,
      "timestamp": "2024-12-13T09:11:26.517Z",
      "hash": "trFr7ljCAdGHA189Slw170nIWm4=",
      "skip": 0
    },
    {
      "type": "SET_OPERATION_SCHEMA",
      "input": {
        "id": "vN8yq/rzeDjtIFO+1UO+z1lI+6E=",
        "schema": "input UpdateScenariovARIATIONInput {\n  name: String\n  parent: PHID! \n  content: String\n  masterStatus: Status!\n  globalTags: [GlobalTag!]!\n  references: [PHID!]!\n  findings: UpdateFindingInput # Optional inclusion for modularity\n  additionalGuidance: String\n}\n\ninput UpdateFindingInput {\n  isAligned: Boolean! # True if aligned, false if misaligned\n  comment: String # Optional context or explanation about the finding\n}\n\n\n\n"
      },
      "scope": "global",
      "id": "8f798393-7da4-41c3-ae00-73978d443df5",
      "index": 38,
      "timestamp": "2024-12-13T09:11:40.911Z",
      "hash": "1kq6hTz3gpZQIM5QDZ9TcYFWwck=",
      "skip": 0
    },
    {
      "type": "SET_OPERATION_SCHEMA",
      "input": {
        "id": "vN8yq/rzeDjtIFO+1UO+z1lI+6E=",
        "schema": "input UpdateScenariovARIATIONInput {\n  name: String\n  parent: PHID! \n  content: String\n  masterStatus: Status!\n  globalTags: [GlobalTag!]!\n  references: [PHID!]!\n  findings: UpdateFindingInput # Optional inclusion for modularity\n  additionalGuidance: String\n}\n\ninput UpdateFindingInput {\n  isAligned: Boolean! # True if aligned, false if misaligned\n  comment: String # Optional context or explanation about the finding\n}\n\nenum Status {\n  PLACEHOLDER\n  PROVISIONAL\n  APPROVED \n  DEFERRED\n  ARCHIVED\n  \n}\n\nenum GlobalTag { \nSCOPE_ADVISOR\nECOSYSTEM_INTELLIGENCE\nRECURSIVE_IMPROVEMENT\nPURPOSE_SYSTEM\nAVC\nLEGACY_TERM\nSUBDAO_REWARDS\nFACILITATOR_DAO\n\n}\n\n"
      },
      "scope": "global",
      "id": "9db0e952-2cb8-4b6c-8ba4-4772b473bf5c",
      "index": 39,
      "timestamp": "2024-12-13T09:11:46.096Z",
      "hash": "SfirnwDz+qflb9QHWVd8oNfPhxY=",
      "skip": 0
    },
    {
      "type": "SET_OPERATION_SCHEMA",
      "input": {
        "id": "vN8yq/rzeDjtIFO+1UO+z1lI+6E=",
        "schema": "input UpdateScenariovARIATIONnput {\n  name: String\n  parent: PHID! \n  content: String\n  masterStatus: Status!\n  globalTags: [GlobalTag!]!\n  references: [PHID!]!\n  findings: UpdateFindingInput # Optional inclusion for modularity\n  additionalGuidance: String\n}\n\ninput UpdateFindingInput {\n  isAligned: Boolean! # True if aligned, false if misaligned\n  comment: String # Optional context or explanation about the finding\n}\n\nenum Status {\n  PLACEHOLDER\n  PROVISIONAL\n  APPROVED \n  DEFERRED\n  ARCHIVED\n  \n}\n\nenum GlobalTag { \nSCOPE_ADVISOR\nECOSYSTEM_INTELLIGENCE\nRECURSIVE_IMPROVEMENT\nPURPOSE_SYSTEM\nAVC\nLEGACY_TERM\nSUBDAO_REWARDS\nFACILITATOR_DAO\n\n}\n\n"
      },
      "scope": "global",
      "id": "4bd3656f-8552-456b-b5f4-e2e9b3230790",
      "index": 40,
      "timestamp": "2024-12-13T09:11:56.403Z",
      "hash": "/kGm2S8aVqt0osxfHs69d5pU2dc=",
      "skip": 0
    },
    {
      "type": "SET_OPERATION_SCHEMA",
      "input": {
        "id": "vN8yq/rzeDjtIFO+1UO+z1lI+6E=",
        "schema": "input UpdateScenarionput {\n  name: String\n  parent: PHID! \n  content: String\n  masterStatus: Status!\n  globalTags: [GlobalTag!]!\n  references: [PHID!]!\n  findings: UpdateFindingInput # Optional inclusion for modularity\n  additionalGuidance: String\n}\n\ninput UpdateFindingInput {\n  isAligned: Boolean! # True if aligned, false if misaligned\n  comment: String # Optional context or explanation about the finding\n}\n\nenum Status {\n  PLACEHOLDER\n  PROVISIONAL\n  APPROVED \n  DEFERRED\n  ARCHIVED\n  \n}\n\nenum GlobalTag { \nSCOPE_ADVISOR\nECOSYSTEM_INTELLIGENCE\nRECURSIVE_IMPROVEMENT\nPURPOSE_SYSTEM\nAVC\nLEGACY_TERM\nSUBDAO_REWARDS\nFACILITATOR_DAO\n\n}\n\n"
      },
      "scope": "global",
      "id": "c9722360-cc64-4171-aeca-736ae5a93a6d",
      "index": 41,
      "timestamp": "2024-12-13T09:11:58.163Z",
      "hash": "Opyf2UVOQKpr2iOBu2nbpT7+Vfk=",
      "skip": 0
    },
    {
      "type": "SET_OPERATION_SCHEMA",
      "input": {
        "id": "vN8yq/rzeDjtIFO+1UO+z1lI+6E=",
        "schema": "input UpdateScenarioVariationnput {\n  name: String\n  parent: PHID! \n  content: String\n  masterStatus: Status!\n  globalTags: [GlobalTag!]!\n  references: [PHID!]!\n  findings: UpdateFindingInput # Optional inclusion for modularity\n  additionalGuidance: String\n}\n\ninput UpdateFindingInput {\n  isAligned: Boolean! # True if aligned, false if misaligned\n  comment: String # Optional context or explanation about the finding\n}\n\nenum Status {\n  PLACEHOLDER\n  PROVISIONAL\n  APPROVED \n  DEFERRED\n  ARCHIVED\n  \n}\n\nenum GlobalTag { \nSCOPE_ADVISOR\nECOSYSTEM_INTELLIGENCE\nRECURSIVE_IMPROVEMENT\nPURPOSE_SYSTEM\nAVC\nLEGACY_TERM\nSUBDAO_REWARDS\nFACILITATOR_DAO\n\n}\n\n"
      },
      "scope": "global",
      "id": "541890e7-55ef-472f-a4f0-4a4d65a7ec66",
      "index": 42,
      "timestamp": "2024-12-13T09:11:59.871Z",
      "hash": "uCczkoE+YJVV0wCDViONmQRrVbM=",
      "skip": 0
    },
    {
      "type": "SET_OPERATION_SCHEMA",
      "input": {
        "id": "vN8yq/rzeDjtIFO+1UO+z1lI+6E=",
        "schema": "input UpdateScenarioVariationInput {\n  name: String\n  parent: PHID! \n  content: String\n  masterStatus: Status!\n  globalTags: [GlobalTag!]!\n  references: [PHID!]!\n  findings: UpdateFindingInput # Optional inclusion for modularity\n  additionalGuidance: String\n}\n\ninput UpdateFindingInput {\n  isAligned: Boolean! # True if aligned, false if misaligned\n  comment: String # Optional context or explanation about the finding\n}\n\nenum Status {\n  PLACEHOLDER\n  PROVISIONAL\n  APPROVED \n  DEFERRED\n  ARCHIVED\n  \n}\n\nenum GlobalTag { \nSCOPE_ADVISOR\nECOSYSTEM_INTELLIGENCE\nRECURSIVE_IMPROVEMENT\nPURPOSE_SYSTEM\nAVC\nLEGACY_TERM\nSUBDAO_REWARDS\nFACILITATOR_DAO\n\n}\n\n"
      },
      "scope": "global",
      "id": "2ee16a8d-9b6f-4df6-8461-39b4f5d352df",
      "index": 43,
      "timestamp": "2024-12-13T09:12:08.462Z",
      "hash": "f2aFzhPFdIbB+scj0zEVYnJqSkk=",
      "skip": 0
    },
    {
      "type": "SET_MODEL_ID",
      "input": {
        "id": "sky/atlas-scenariovariation"
      },
      "scope": "global",
      "id": "6d4ea6e4-b195-47a2-8d3a-0e40b4818666",
      "index": 44,
      "timestamp": "2024-12-13T09:14:07.670Z",
      "hash": "2WaeFfJ6+9yHlEdkarNAemiq9JE=",
      "skip": 0
    }
  ],
  "local": []
}