{
  "global": [
    {
      "type": "SET_MODEL_NAME",
      "input": {
        "name": "AtlasScenario"
      },
      "scope": "global",
      "id": "3f900213-88be-44ae-b668-ee6b132b0684",
      "index": 0,
      "timestamp": "2024-12-13T08:54:23.439Z",
      "hash": "YvO5zkw353ZyJ/GQMP0NXUU+viM=",
      "skip": 0
    },
    {
      "type": "SET_STATE_SCHEMA",
      "input": {
        "schema": "type AtlasScenarioState {\n  \"Add your global state fields here\"\n  _placeholder: String\n}",
        "scope": "global"
      },
      "scope": "global",
      "id": "49044512-fbb2-4afe-8c5a-5f0fecb3421a",
      "index": 1,
      "timestamp": "2024-12-13T08:54:23.439Z",
      "hash": "Jq2e6oSFDykqnEpYTf0zktXrRU4=",
      "skip": 0
    },
    {
      "type": "SET_MODEL_ID",
      "input": {
        "id": "sky/atlas-scenario"
      },
      "scope": "global",
      "id": "d202aa68-c00d-4c45-8a25-be6ac7d340fd",
      "index": 2,
      "timestamp": "2024-12-13T08:54:29.145Z",
      "hash": "1KrFtY4eDuRBzjDo4k3Cts3Aqbw=",
      "skip": 0
    },
    {
      "type": "SET_STATE_SCHEMA",
      "input": {
        "schema": "type ScenarioState {\n  name: String! # Default value = \"\"\n  docNo: String! \n  parent: PHID! # \n  content: String\n  masterStatus: Status! # \n  globalTags: [GlobalTag!]!\n  references: [PHID!]!\n  provenance: URL\n  notionId: String # verify if this can be changed to UUID type\n  findings: Finding!\n  additionalGuidance: String\n}\n\n  \ntype Finding {\n  isAligned: Boolean! # True if aligned, false if misaligned\n  comment: String # Optional context or explanation about the finding\n}\n\nenum Status {\n  PLACEHOLDER\n  PROVISIONAL # enables ecosystem participants to interact with the material in a practical context, resulting in valuable feedback or other data concerning the Document's appropriateness.\n  APPROVED # material instance can be integrated into the Atlas\n  DEFERRED\n  ARCHIVED\n  \n}\n\nenum GlobalTag {\n    SCOPE_ADVISOR_,\n    AVC_,\n    CAIS_,\n    ML___LOW_PRIORITY_,\n    EXTERNAL_REFERENCE_,\n    DAO_TOOLKIT_,\n    ML___DEFER_,\n    PURPOSE_SYSTEM_,\n    NEWCHAIN_,\n    ML___SUPPORT._DOCS_NEEDED_,\n    TWO_STAGE_BRIDGE_,\n    ECOSYSTEM_INTELLIGENCE_,\n    RECURSIVE_IMPROVEMENT_,\n    LEGACY_TERM___USE_APPROVED_,\n}\n",
        "scope": "global"
      },
      "scope": "global",
      "id": "e3e8b9f2-84bc-435b-9770-1f7d28ec4925",
      "index": 3,
      "timestamp": "2024-12-13T08:54:41.877Z",
      "hash": "362kqA4mBqSCHfe6bS365ry3Lw0=",
      "skip": 0
    },
    {
      "type": "SET_STATE_SCHEMA",
      "input": {
        "schema": "type AtlasScenarioState {\n  name: String! # Default value = \"\"\n  docNo: String! \n  parent: PHID! # \n  content: String\n  masterStatus: Status! # \n  globalTags: [GlobalTag!]!\n  references: [PHID!]!\n  provenance: URL\n  notionId: String # verify if this can be changed to UUID type\n  findings: Finding!\n  additionalGuidance: String\n}\n\n  \ntype Finding {\n  isAligned: Boolean! # True if aligned, false if misaligned\n  comment: String # Optional context or explanation about the finding\n}\n\nenum Status {\n  PLACEHOLDER\n  PROVISIONAL # enables ecosystem participants to interact with the material in a practical context, resulting in valuable feedback or other data concerning the Document's appropriateness.\n  APPROVED # material instance can be integrated into the Atlas\n  DEFERRED\n  ARCHIVED\n  \n}\n\nenum GlobalTag {\n    SCOPE_ADVISOR_,\n    AVC_,\n    CAIS_,\n    ML___LOW_PRIORITY_,\n    EXTERNAL_REFERENCE_,\n    DAO_TOOLKIT_,\n    ML___DEFER_,\n    PURPOSE_SYSTEM_,\n    NEWCHAIN_,\n    ML___SUPPORT._DOCS_NEEDED_,\n    TWO_STAGE_BRIDGE_,\n    ECOSYSTEM_INTELLIGENCE_,\n    RECURSIVE_IMPROVEMENT_,\n    LEGACY_TERM___USE_APPROVED_,\n}\n",
        "scope": "global"
      },
      "scope": "global",
      "id": "17bd5f81-10a1-4bfc-afc9-9629b5ea795f",
      "index": 4,
      "timestamp": "2024-12-13T08:54:44.757Z",
      "hash": "CHTP2JHQvPrrSg8xC1bDj9JKo14=",
      "skip": 0
    },
    {
      "type": "SET_STATE_SCHEMA",
      "input": {
        "schema": "type AtlasScenarioState {\n  name: String! # Default value = \"\"\n  docNo: String! \n  parent: PHID! # \n  content: String\n  masterStatus: Status! # \n  globalTags: [GlobalTag!]!\n  references: [PHID!]!\n  provenance: URL\n  notionId: String # verify if this can be changed to UUID type\n  findings: Finding!\n  additionalGuidance: String\n}\n\n  \ntype Finding {\n  isAligned: Boolean! # True if aligned, false if misaligned\n  comment: String # Optional context or explanation about the finding\n}\n\nenum Status {\n  PLACEHOLDER\n  PROVISIONAL # enables ecosystem participants to interact with the material in a practical context, resulting in valuable feedback or other data concerning the Document's appropriateness.\n  APPROVED # material instance can be integrated into the Atlas\n  DEFERRED\n  ARCHIVED\n  \n}\n\nenum GlobalTag {\n    SCOPE_ADVISOR_,\n    AVC_,\n    CAIS_,\n    ML___LOW_PRIORITY_,\n    EXTERNAL_REFERENCE_,\n    DAO_TOOLKIT_,\n    ML___DEFER_,\n    PURPOSE_SYSTEM_,\n    NEWCHAIN_,\n    ML___SUPPORT_DOCS_NEEDED_,\n    TWO_STAGE_BRIDGE_,\n    ECOSYSTEM_INTELLIGENCE_,\n    RECURSIVE_IMPROVEMENT_,\n    LEGACY_TERM___USE_APPROVED_,\n}\n",
        "scope": "global"
      },
      "scope": "global",
      "id": "cb382ced-e32f-40d0-b854-6f87cb0047a2",
      "index": 5,
      "timestamp": "2024-12-13T08:54:56.985Z",
      "hash": "/PaGwWT7ZsVD0zY6DeHIMLF03+8=",
      "skip": 0
    },
    {
      "type": "SET_STATE_SCHEMA",
      "input": {
        "schema": "type ScenarioState {\n  name: String! # Default value = \"\"\n  docNo: String! \n  parent: PHID! # \n  content: String\n  masterStatus: Status! # \n  globalTags: [GlobalTag!]!\n  references: [PHID!]!\n  provenance: URL\n  notionId: String # verify if this can be changed to UUID type\n  findings: Finding!\n  additionalGuidance: String\n}\n\n  \ntype Finding {\n  isAligned: Boolean! # True if aligned, false if misaligned\n  comment: String # Optional context or explanation about the finding\n}\n\nenum Status {\n  PLACEHOLDER\n  PROVISIONAL # enables ecosystem participants to interact with the material in a practical context, resulting in valuable feedback or other data concerning the Document's appropriateness.\n  APPROVED # material instance can be integrated into the Atlas\n  DEFERRED\n  ARCHIVED\n  \n}\n\nenum GlobalTag {\n    SCOPE_ADVISOR_,\n    AVC_,\n    CAIS_,\n    ML___LOW_PRIORITY_,\n    EXTERNAL_REFERENCE_,\n    DAO_TOOLKIT_,\n    ML___DEFER_,\n    PURPOSE_SYSTEM_,\n    NEWCHAIN_,\n    ML___SUPPORT_DOCS_NEEDED_,\n    TWO_STAGE_BRIDGE_,\n    ECOSYSTEM_INTELLIGENCE_,\n    RECURSIVE_IMPROVEMENT_,\n    LEGACY_TERM___USE_APPROVED_,\n}\n",
        "scope": "global"
      },
      "scope": "global",
      "id": "fca973f8-117b-4ac1-88b5-ea9385f2de42",
      "index": 6,
      "timestamp": "2024-12-13T08:55:03.450Z",
      "hash": "S9eP13vo/W/3oIF3Hretrv2JlTU=",
      "skip": 0
    },
    {
      "type": "SET_INITIAL_STATE",
      "input": {
        "initialValue": "{\n  \"name\": \"\",\n  \"docNo\": \"\",\n  \"parent\": \"\",\n  \"content\": \"\",\n  \"masterStatus\": \"PLACEHOLDER\",\n  \"globalTags\": [],\n  \"references\": [],\n  \"provenance\": \"\",\n  \"notionId\": \"\",\n  \"findings\": {\n    \"isAligned\": false,\n    \"comment\": \"\"\n  },\n  \"additionalGuidance\": \"\"\n}",
        "scope": "global"
      },
      "scope": "global",
      "id": "a47cfa8b-6547-424f-b17c-bd1c77c28ecf",
      "index": 7,
      "timestamp": "2024-12-13T08:55:03.630Z",
      "hash": "LpHkBA7HBZkhmSKfLC9QrsPLxIU=",
      "skip": 0
    },
    {
      "type": "SET_STATE_SCHEMA",
      "input": {
        "schema": "type AtlasScenarioState {\n  name: String! # Default value = \"\"\n  docNo: String! \n  parent: PHID! # \n  content: String\n  masterStatus: Status! # \n  globalTags: [GlobalTag!]!\n  references: [PHID!]!\n  provenance: URL\n  notionId: String # verify if this can be changed to UUID type\n  findings: Finding!\n  additionalGuidance: String\n}\n\n  \ntype Finding {\n  isAligned: Boolean! # True if aligned, false if misaligned\n  comment: String # Optional context or explanation about the finding\n}\n\nenum Status {\n  PLACEHOLDER\n  PROVISIONAL # enables ecosystem participants to interact with the material in a practical context, resulting in valuable feedback or other data concerning the Document's appropriateness.\n  APPROVED # material instance can be integrated into the Atlas\n  DEFERRED\n  ARCHIVED\n  \n}\n\nenum GlobalTag {\n    SCOPE_ADVISOR_,\n    AVC_,\n    CAIS_,\n    ML___LOW_PRIORITY_,\n    EXTERNAL_REFERENCE_,\n    DAO_TOOLKIT_,\n    ML___DEFER_,\n    PURPOSE_SYSTEM_,\n    NEWCHAIN_,\n    ML___SUPPORT_DOCS_NEEDED_,\n    TWO_STAGE_BRIDGE_,\n    ECOSYSTEM_INTELLIGENCE_,\n    RECURSIVE_IMPROVEMENT_,\n    LEGACY_TERM___USE_APPROVED_,\n}\n",
        "scope": "global"
      },
      "scope": "global",
      "id": "7f0789c0-a28c-4fb7-8bcb-9fa584153578",
      "index": 8,
      "timestamp": "2024-12-13T08:55:06.236Z",
      "hash": "4aBi4cDp1mkWaAbQR86U77Sf/KU=",
      "skip": 0
    },
    {
      "type": "ADD_MODULE",
      "input": {
        "id": "Opt/cjHs4YyTf3vPyEBe6EzkGcA=",
        "name": "scenario"
      },
      "scope": "global",
      "id": "910e3bb8-590b-410e-a9c6-7d634733090e",
      "index": 9,
      "timestamp": "2024-12-13T08:55:11.097Z",
      "hash": "Y4NlXGxktiuLKw+DGj1ZQXkIIhQ=",
      "skip": 0
    },
    {
      "type": "ADD_OPERATION",
      "input": {
        "id": "6oXxrcAEfugZg8uEIEWrmL/LHII=",
        "moduleId": "Opt/cjHs4YyTf3vPyEBe6EzkGcA=",
        "name": "UPDATE_SCENARIO"
      },
      "scope": "global",
      "id": "5b15e107-87f6-4c7d-89a4-73c109b05c83",
      "index": 10,
      "timestamp": "2024-12-13T08:55:14.936Z",
      "hash": "xSIV+YCXEUsWVKXEYw89xcNlvr0=",
      "skip": 0
    },
    {
      "type": "SET_OPERATION_SCHEMA",
      "input": {
        "id": "6oXxrcAEfugZg8uEIEWrmL/LHII=",
        "schema": "input UpdateScenarioInput {\n  \"Add your inputs here\"\n  _placeholder: String\n}"
      },
      "scope": "global",
      "id": "8ec4aca2-2751-4083-959c-93f10afd8d64",
      "index": 11,
      "timestamp": "2024-12-13T08:55:14.951Z",
      "hash": "qf0KLkoSrIXT3wNiJQuDpoyNql8=",
      "skip": 0
    },
    {
      "type": "SET_OPERATION_SCHEMA",
      "input": {
        "id": "6oXxrcAEfugZg8uEIEWrmL/LHII=",
        "schema": "input UpdateScenarioInput {\n   name: String\n   parent: [PHID!]! # can have multiple parents\n  content: String\n  masterStatus: [Status!]!\n  globalTags: [String]\n  references: [PHID!]!\n}"
      },
      "scope": "global",
      "id": "06a6e792-6ffa-432d-b05f-0c6d5826a50d",
      "index": 12,
      "timestamp": "2024-12-13T08:55:28.039Z",
      "hash": "f9bgNE3fyQRRJGcD56IiOyXp9Qg=",
      "skip": 0
    },
    {
      "type": "SET_OPERATION_SCHEMA",
      "input": {
        "id": "6oXxrcAEfugZg8uEIEWrmL/LHII=",
        "schema": "input UpdateScenarioInput {\n   name: String\n   parent: PHID!]! # can have multiple parents\n  content: String\n  masterStatus: [Status!]!\n  globalTags: [String]\n  references: [PHID!]!\n}"
      },
      "scope": "global",
      "id": "2d6057f6-0a56-4194-bc9f-5554435adf59",
      "index": 13,
      "timestamp": "2024-12-13T08:55:31.448Z",
      "hash": "nJ0HUZX1JjiWfbKVhivp/icMHh4=",
      "skip": 0
    },
    {
      "type": "SET_OPERATION_SCHEMA",
      "input": {
        "id": "6oXxrcAEfugZg8uEIEWrmL/LHII=",
        "schema": "input UpdateScenarioInput {\n   name: String\n   parent: PHID # can have multiple parents\n  content: String\n  masterStatus: [Status!]!\n  globalTags: [String]\n  references: [PHID!]!\n}"
      },
      "scope": "global",
      "id": "a1384aa9-5090-4934-97d7-a11a8f455930",
      "index": 14,
      "timestamp": "2024-12-13T08:55:32.759Z",
      "hash": "E8zoC+0bd51jUQ89De4jaZKdsAc=",
      "skip": 0
    },
    {
      "type": "SET_OPERATION_SCHEMA",
      "input": {
        "id": "6oXxrcAEfugZg8uEIEWrmL/LHII=",
        "schema": "input UpdateScenarioInput {\n   name: String\n  content: String\n  masterStatus: [Status!]!\n  globalTags: [String]\n  references: [PHID!]!\n}"
      },
      "scope": "global",
      "id": "06e5a3f6-88c2-4e61-9123-55a60b041360",
      "index": 15,
      "timestamp": "2024-12-13T08:55:35.040Z",
      "hash": "mPICwgrZUi2an/RzOHovwkoF8UA=",
      "skip": 0
    },
    {
      "type": "SET_OPERATION_SCHEMA",
      "input": {
        "id": "6oXxrcAEfugZg8uEIEWrmL/LHII=",
        "schema": "input UpdateScenarioInput {\n  name: String\n  content: String\n  masterStatus: [Status!]!\n  globalTags: [String]\n  references: [PHID!]!\n}"
      },
      "scope": "global",
      "id": "ea721356-9084-4662-a309-7dca22f5cd10",
      "index": 16,
      "timestamp": "2024-12-13T08:55:36.227Z",
      "hash": "Tcg8BsLe0IamTzKTAHgbMOXB6FQ=",
      "skip": 0
    },
    {
      "type": "SET_OPERATION_SCHEMA",
      "input": {
        "id": "6oXxrcAEfugZg8uEIEWrmL/LHII=",
        "schema": "input UpdateScenarioInput {\n   name: String\n   parent: PHID # can have multiple parents\n  content: String\n  masterStatus: [Status!]!\n  globalTags: [String]\n  references: [PHID!]!\n}"
      },
      "scope": "global",
      "id": "610e5f93-90f4-41af-b810-e904a61d0cd8",
      "index": 17,
      "timestamp": "2024-12-13T08:55:38.020Z",
      "hash": "E8zoC+0bd51jUQ89De4jaZKdsAc=",
      "skip": 0
    },
    {
      "type": "SET_OPERATION_SCHEMA",
      "input": {
        "id": "6oXxrcAEfugZg8uEIEWrmL/LHII=",
        "schema": "input UpdateScenarioInput {\n   name: String\n   parent: PHID! # can have multiple parents\n  content: String\n  masterStatus: [Status!]!\n  globalTags: [String]\n  references: [PHID!]!\n}"
      },
      "scope": "global",
      "id": "83cd478d-1940-44a6-bcbe-c373fe620de9",
      "index": 18,
      "timestamp": "2024-12-13T08:55:41.008Z",
      "hash": "2cN4FKrzg1F3XH1CGgiKu/e1Ipc=",
      "skip": 0
    },
    {
      "type": "SET_OPERATION_SCHEMA",
      "input": {
        "id": "6oXxrcAEfugZg8uEIEWrmL/LHII=",
        "schema": "input UpdateScenarioInput {\n   name: String\n   parent: PHID! \n  content: String\n  masterStatus: [Status!]!\n  globalTags: [String]\n  references: [PHID!]!\n}"
      },
      "scope": "global",
      "id": "e9655c94-86e1-41f7-913c-96ce9b4cd15a",
      "index": 19,
      "timestamp": "2024-12-13T08:55:42.539Z",
      "hash": "bFQTIJ++hFLCQaepdcPFgcjLFo4=",
      "skip": 0
    },
    {
      "type": "SET_OPERATION_SCHEMA",
      "input": {
        "id": "6oXxrcAEfugZg8uEIEWrmL/LHII=",
        "schema": "input UpdateScenarioInput {\n   name: String\n  parent: PHID! \n  content: String\n  masterStatus: [Status!]!\n  globalTags: [String]\n  references: [PHID!]!\n}"
      },
      "scope": "global",
      "id": "825d783f-68ea-48bb-a0b6-2ddc7a69d019",
      "index": 20,
      "timestamp": "2024-12-13T08:55:44.259Z",
      "hash": "QRcRay5VqdhtbtbVHfzd2SD0tDM=",
      "skip": 0
    },
    {
      "type": "SET_OPERATION_SCHEMA",
      "input": {
        "id": "6oXxrcAEfugZg8uEIEWrmL/LHII=",
        "schema": "input UpdateScenarioInput {\n  name: String\n  parent: PHID! \n  content: String\n  masterStatus: [Status!]!\n  globalTags: [String]\n  references: [PHID!]!\n}"
      },
      "scope": "global",
      "id": "f4ba1f62-1fe0-4655-8842-f5ec1cf71eba",
      "index": 21,
      "timestamp": "2024-12-13T08:55:44.817Z",
      "hash": "2HIVFrG6Jvhqx1h9RuHMX/kzchU=",
      "skip": 0
    },
    {
      "type": "SET_OPERATION_SCHEMA",
      "input": {
        "id": "6oXxrcAEfugZg8uEIEWrmL/LHII=",
        "schema": "input UpdateScenarioInput {\n  name: String\n  parent: PHID! \n  content: String\n  masterStatus: [Status!]!\n  globalTags: [String]\n  references: [PHID!]!\n  findings: Finding\n  additionalGuidance: String\n}"
      },
      "scope": "global",
      "id": "d0952bec-58b6-46af-ae1a-f59da192b965",
      "index": 22,
      "timestamp": "2024-12-13T08:55:54.574Z",
      "hash": "Y5B3heLMVXNYe4scopvZbl5C8U8=",
      "skip": 0
    },
    {
      "type": "SET_OPERATION_SCHEMA",
      "input": {
        "id": "6oXxrcAEfugZg8uEIEWrmL/LHII=",
        "schema": "input UpdateScenarioInput {\n  name: String\n  parent: PHID! \n  content: String\n  masterStatus: [Status!]!\n  globalTags: [String]\n  references: [PHID!]!\n  findings: Finding!\n  additionalGuidance: String\n}"
      },
      "scope": "global",
      "id": "151dba5a-7cc6-4fd3-a461-de086a92133f",
      "index": 23,
      "timestamp": "2024-12-13T08:56:06.075Z",
      "hash": "mNXKLgtz3ki9S6C3wE0cmja1LRE=",
      "skip": 0
    },
    {
      "type": "SET_OPERATION_SCHEMA",
      "input": {
        "id": "6oXxrcAEfugZg8uEIEWrmL/LHII=",
        "schema": "input UpdateScenarioInput {\n  name: String\n  parent: PHID! \n  content: String\n  masterStatus: [Status!]!\n  globalTags: [String]\n  references: [PHID!]!\n  findings: Finding!\n  additionalGuidance: String\n}\n\nTYPE"
      },
      "scope": "global",
      "id": "5dc2cbce-669d-4389-9f51-a8f12f3fc71c",
      "index": 24,
      "timestamp": "2024-12-13T08:56:15.685Z",
      "hash": "X0iOCia8FCem0+yFBbCazRQjWnc=",
      "skip": 0
    },
    {
      "type": "SET_OPERATION_SCHEMA",
      "input": {
        "id": "6oXxrcAEfugZg8uEIEWrmL/LHII=",
        "schema": "input UpdateScenarioInput {\n  name: String\n  parent: PHID! \n  content: String\n  masterStatus: [Status!]!\n  globalTags: [String]\n  references: [PHID!]!\n  findings: Finding!\n  additionalGuidance: String\n}\n\ntype Finding {\n  isAligned: Boolean! # True if aligned, false if misaligned\n  comment: String # Optional context or explanation about the finding\n}"
      },
      "scope": "global",
      "id": "a61df472-23f7-4603-82d2-2b9e87aa383e",
      "index": 25,
      "timestamp": "2024-12-13T08:56:20.335Z",
      "hash": "H73rtbEkLgwICTr5RHAT9AmPBZ8=",
      "skip": 0
    },
    {
      "type": "SET_OPERATION_SCHEMA",
      "input": {
        "id": "6oXxrcAEfugZg8uEIEWrmL/LHII=",
        "schema": "input UpdateScenarioInput {\n  name: String\n  parent: PHID! \n  content: String\n  masterStatus: [Status!]!\n  globalTags: [String]\n  references: [PHID!]!\n  findings: Finding!\n  additionalGuidance: String\n}\n\ninput Finding {\n  isAligned: Boolean! # True if aligned, false if misaligned\n  comment: String # Optional context or explanation about the finding\n}"
      },
      "scope": "global",
      "id": "f2dcb0f9-dc5e-492c-b654-7ed4a7ec5454",
      "index": 26,
      "timestamp": "2024-12-13T08:56:23.515Z",
      "hash": "e6tSHIHH7aV+gcwtVA7I8ccJmMk=",
      "skip": 0
    },
    {
      "type": "SET_OPERATION_SCHEMA",
      "input": {
        "id": "6oXxrcAEfugZg8uEIEWrmL/LHII=",
        "schema": "input UpdateScenarioInput {\n  name: String\n  parent: PHID! \n  content: String\n  masterStatus: [Status!]!\n  globalTags: [String]\n  references: [PHID!]!\n  findings: Finding!\n  additionalGuidance: String\n}\n\ninput  {\n  isAligned: Boolean! # True if aligned, false if misaligned\n  comment: String # Optional context or explanation about the finding\n}"
      },
      "scope": "global",
      "id": "96f51c8e-138c-4b0f-9322-394c65e51949",
      "index": 27,
      "timestamp": "2024-12-13T08:56:29.190Z",
      "hash": "gZ5Jexr3rVe9eJqqGYi9sIT7vXw=",
      "skip": 0
    },
    {
      "type": "SET_OPERATION_SCHEMA",
      "input": {
        "id": "6oXxrcAEfugZg8uEIEWrmL/LHII=",
        "schema": "input UpdateScenarioInput {\n  name: String\n  parent: PHID! \n  content: String\n  masterStatus: [Status!]!\n  globalTags: [String]\n  references: [PHID!]!\n  findings: Finding!\n  additionalGuidance: String\n}\n\ninput Update_ {\n  isAligned: Boolean! # True if aligned, false if misaligned\n  comment: String # Optional context or explanation about the finding\n}"
      },
      "scope": "global",
      "id": "81f5360e-e886-45b3-a1c3-6b5eb1541f9f",
      "index": 28,
      "timestamp": "2024-12-13T08:56:36.976Z",
      "hash": "a8o8Burgk6xeKW0dOb/SprHD7jk=",
      "skip": 0
    },
    {
      "type": "SET_OPERATION_SCHEMA",
      "input": {
        "id": "6oXxrcAEfugZg8uEIEWrmL/LHII=",
        "schema": "input UpdateScenarioInput {\n  name: String\n  parent: PHID! \n  content: String\n  masterStatus: [Status!]!\n  globalTags: [String]\n  references: [PHID!]!\n  findings: Finding!\n  additionalGuidance: String\n}\n\ninput Update {\n  isAligned: Boolean! # True if aligned, false if misaligned\n  comment: String # Optional context or explanation about the finding\n}"
      },
      "scope": "global",
      "id": "861d38f6-4b80-452f-8fc1-e5ece9d8f7e4",
      "index": 29,
      "timestamp": "2024-12-13T08:56:37.615Z",
      "hash": "ZdAkVXV4/cGmPj9t9rySrrHSVco=",
      "skip": 0
    },
    {
      "type": "SET_OPERATION_SCHEMA",
      "input": {
        "id": "6oXxrcAEfugZg8uEIEWrmL/LHII=",
        "schema": "input UpdateScenarioInput {\n  name: String\n  parent: PHID! \n  content: String\n  masterStatus: [Status!]!\n  globalTags: [String]\n  references: [PHID!]!\n  findings: Finding!\n  additionalGuidance: String\n}\n\ninput UpdateF {\n  isAligned: Boolean! # True if aligned, false if misaligned\n  comment: String # Optional context or explanation about the finding\n}"
      },
      "scope": "global",
      "id": "e0fa3f7d-81a4-4c8d-b8d4-003acf8bca18",
      "index": 30,
      "timestamp": "2024-12-13T08:56:38.261Z",
      "hash": "BMXLbC6geenxNTYzAOFOOzwDD0I=",
      "skip": 0
    },
    {
      "type": "SET_OPERATION_SCHEMA",
      "input": {
        "id": "6oXxrcAEfugZg8uEIEWrmL/LHII=",
        "schema": "input UpdateScenarioInput {\n  name: String\n  parent: PHID! \n  content: String\n  masterStatus: [Status!]!\n  globalTags: [String]\n  references: [PHID!]!\n  findings: Finding!\n  additionalGuidance: String\n}\n\ninput UpdateFinding {\n  isAligned: Boolean! # True if aligned, false if misaligned\n  comment: String # Optional context or explanation about the finding\n}"
      },
      "scope": "global",
      "id": "06dc9ccd-180b-4159-84af-d976f9f42f02",
      "index": 31,
      "timestamp": "2024-12-13T08:56:39.492Z",
      "hash": "jYJRmtQe4BnanoJaz5JkDX+MlJY=",
      "skip": 0
    },
    {
      "type": "SET_OPERATION_SCHEMA",
      "input": {
        "id": "6oXxrcAEfugZg8uEIEWrmL/LHII=",
        "schema": "input UpdateScenarioInput {\n  name: String\n  parent: PHID! \n  content: String\n  masterStatus: [Status!]!\n  globalTags: [String]\n  references: [PHID!]!\n  findings: Finding!\n  additionalGuidance: String\n}\n\ninput UpdateFindingIN {\n  isAligned: Boolean! # True if aligned, false if misaligned\n  comment: String # Optional context or explanation about the finding\n}"
      },
      "scope": "global",
      "id": "08a3b09b-3a9f-41c5-bc2d-44865be0e9bf",
      "index": 32,
      "timestamp": "2024-12-13T08:56:41.521Z",
      "hash": "PI576E2RA9rau7l7fBOsTIjmMyc=",
      "skip": 0
    },
    {
      "type": "SET_OPERATION_SCHEMA",
      "input": {
        "id": "6oXxrcAEfugZg8uEIEWrmL/LHII=",
        "schema": "input UpdateScenarioInput {\n  name: String\n  parent: PHID! \n  content: String\n  masterStatus: [Status!]!\n  globalTags: [String]\n  references: [PHID!]!\n  findings: Finding!\n  additionalGuidance: String\n}\n\ninput UpdateFindingImnput {\n  isAligned: Boolean! # True if aligned, false if misaligned\n  comment: String # Optional context or explanation about the finding\n}"
      },
      "scope": "global",
      "id": "5387e798-4e81-4f8f-aed0-b1682d1b3329",
      "index": 33,
      "timestamp": "2024-12-13T08:56:45.287Z",
      "hash": "k6nVDrKwhx0sRB08uVt8rQkEItU=",
      "skip": 0
    },
    {
      "type": "SET_OPERATION_SCHEMA",
      "input": {
        "id": "6oXxrcAEfugZg8uEIEWrmL/LHII=",
        "schema": "input UpdateScenarioInput {\n  name: String\n  parent: PHID! \n  content: String\n  masterStatus: [Status!]!\n  globalTags: [String]\n  references: [PHID!]!\n  findings: Finding!\n  additionalGuidance: String\n}\n\ninput UpdateFindingInput {\n  isAligned: Boolean! # True if aligned, false if misaligned\n  comment: String # Optional context or explanation about the finding\n}"
      },
      "scope": "global",
      "id": "ac4efa95-d8fc-4cdf-9a65-e67f7840368f",
      "index": 34,
      "timestamp": "2024-12-13T08:57:48.722Z",
      "hash": "zuDqs/Rsh+oN3r2g6TVHd5I9h+o=",
      "skip": 0
    },
    {
      "type": "SET_OPERATION_SCHEMA",
      "input": {
        "id": "6oXxrcAEfugZg8uEIEWrmL/LHII=",
        "schema": "input UpdateScenarioInput {\n  name: String\n  parent: PHID! \n  content: String\n  masterStatus: [Status!]!\n  globalTags: [String]\n  references: [PHID!]!\n  findings: UpdateFindingInput # Optional inclusion for modularity\n  additionalGuidance: String\n}\n\ninput UpdateFindingInput {\n  isAligned: Boolean! # True if aligned, false if misaligned\n  comment: String # Optional context or explanation about the finding\n}\n"
      },
      "scope": "global",
      "id": "5cefcb55-e333-46bc-aa28-53f55c26e66b",
      "index": 35,
      "timestamp": "2024-12-13T09:02:25.661Z",
      "hash": "t8GiVAdgIdkHZeERXJEYPFxpsiw=",
      "skip": 0
    },
    {
      "type": "SET_MODEL_NAME",
      "input": {
        "name": "AtlasExploratory"
      },
      "scope": "global",
      "id": "9916a413-00e5-47bf-87fb-894a9d51cbff",
      "index": 36,
      "timestamp": "2024-12-17T11:05:13.820Z",
      "hash": "srlOMjCWSQFfdXJHXIn6G35Bcrc=",
      "skip": 0
    },
    {
      "type": "SET_STATE_SCHEMA",
      "input": {
        "schema": "type AtlasExploratoryState {\n  name: String!\n  docNo: String!\n  parent: PHID!\n  content: String\n  masterStatus: Status!\n  globalTags: [GlobalTag!]!\n  references: [PHID!]!\n  provenance: URL\n  notionId: String\n  findings: Finding!\n  additionalGuidance: String\n}\n\ntype Finding {\n  isAligned: Boolean!\n  comment: String\n}\n\nenum Status {\n  PLACEHOLDER\n  PROVISIONAL\n  APPROVED\n  DEFERRED\n  ARCHIVED\n}\n\nenum GlobalTag {\n  SCOPE_ADVISOR_\n  AVC_\n  CAIS_\n  ML___LOW_PRIORITY_\n  EXTERNAL_REFERENCE_\n  DAO_TOOLKIT_\n  ML___DEFER_\n  PURPOSE_SYSTEM_\n  NEWCHAIN_\n  ML___SUPPORT_DOCS_NEEDED_\n  TWO_STAGE_BRIDGE_\n  ECOSYSTEM_INTELLIGENCE_\n  RECURSIVE_IMPROVEMENT_\n  LEGACY_TERM___USE_APPROVED_\n}",
        "scope": "global"
      },
      "scope": "global",
      "id": "5b3605f1-76f4-4251-bf0a-f0004777cc0a",
      "index": 37,
      "timestamp": "2024-12-17T11:05:13.821Z",
      "hash": "MJqbLmGIgMljuzSGnVOmANf6bJA=",
      "skip": 0
    },
    {
      "type": "SET_STATE_SCHEMA",
      "input": {
        "schema": "type AtlasExploratoryState {\n  name: String!\n  docNo: String!\n  parent: PHID!\n  content: String\n  masterStatus: Status!\n  globalTags: [GlobalTag!]!\n  references: [PHID!]!\n  provenance: URL\n  notionId: String\n  findings: Finding!\n  additionalGuidance: String\n}\n\ntype Finding {\n  isAligned: Boolean!\n  comment: String\n}\n\nenum Status {\n  PLACEHOLDER\n  PROVISIONAL\n  APPROVED\n  DEFERRED\n  ARCHIVED\n}\n\nenum GlobalTag {\n  SCOPE_ADVISOR_\n  AVC_\n  CAIS_\n  ML___LOW_PRIORITY_\n  EXTERNAL_REFERENCE_\n  DAO_TOOLKIT_\n  ML___DEFER_\n  PURPOSE_SYSTEM_\n  NEWCHAIN_\n  ML___SUPPORT_DOCS_NEEDED_\n  TWO_STAGE_BRIDGE_\n  ECOSYSTEM_INTELLIGENCE_\n  RECURSIVE_IMPROVEMENT_\n  LEGACY_TERM___USE_APPROVED_\n}",
        "scope": "global"
      },
      "scope": "global",
      "id": "a3c34782-d6b1-4b45-a7be-3a5c3359f763",
      "index": 38,
      "timestamp": "2024-12-17T11:05:13.821Z",
      "hash": "MJqbLmGIgMljuzSGnVOmANf6bJA=",
      "skip": 0
    },
    {
      "type": "SET_MODEL_ID",
      "input": {
        "id": "sky/atlas-exploratory"
      },
      "scope": "global",
      "id": "44456aae-4d50-4491-b94a-240181f56232",
      "index": 39,
      "timestamp": "2024-12-17T11:05:22.687Z",
      "hash": "6PZVT8Hn1V8wW6NHNEAIAcwjoCM=",
      "skip": 0
    },
    {
      "type": "SET_STATE_SCHEMA",
      "input": {
        "schema": "type AtlasExploratoryState {\n  name: String!\n  docNo: String!\n  parent: PHID!\n    atlasType: AtlasType! ###\n\n  content: String\n  masterStatus: Status!\n  globalTags: [GlobalTag!]!\n  references: [PHID!]!\n  provenance: URL\n  notionId: String\n  findings: Finding!\n  additionalGuidance: String\n}\n\ntype Finding {\n  isAligned: Boolean!\n  comment: String\n}\n\nenum Status {\n  PLACEHOLDER\n  PROVISIONAL\n  APPROVED\n  DEFERRED\n  ARCHIVED\n}\n\nenum GlobalTag {\n  SCOPE_ADVISOR_\n  AVC_\n  CAIS_\n  ML___LOW_PRIORITY_\n  EXTERNAL_REFERENCE_\n  DAO_TOOLKIT_\n  ML___DEFER_\n  PURPOSE_SYSTEM_\n  NEWCHAIN_\n  ML___SUPPORT_DOCS_NEEDED_\n  TWO_STAGE_BRIDGE_\n  ECOSYSTEM_INTELLIGENCE_\n  RECURSIVE_IMPROVEMENT_\n  LEGACY_TERM___USE_APPROVED_\n}",
        "scope": "global"
      },
      "scope": "global",
      "id": "19bc667d-ed3d-4eda-aa0e-aa7851d30c7f",
      "index": 40,
      "timestamp": "2024-12-17T11:06:00.498Z",
      "hash": "Y3SkNpcjscJi1PXbjN7zZVpkvzI=",
      "skip": 0
    },
    {
      "type": "SET_STATE_SCHEMA",
      "input": {
        "schema": "type AtlasExploratoryState {\n  name: String!\n  docNo: String!\n  parent: PHID!\n  atlasType: AtlasType! ###\n\n  content: String\n  masterStatus: Status!\n  globalTags: [GlobalTag!]!\n  references: [PHID!]!\n  provenance: URL\n  notionId: String\n  findings: Finding!\n  additionalGuidance: String\n}\n\ntype Finding {\n  isAligned: Boolean!\n  comment: String\n}\n\nenum Status {\n  PLACEHOLDER\n  PROVISIONAL\n  APPROVED\n  DEFERRED\n  ARCHIVED\n}\n\nenum GlobalTag {\n  SCOPE_ADVISOR_\n  AVC_\n  CAIS_\n  ML___LOW_PRIORITY_\n  EXTERNAL_REFERENCE_\n  DAO_TOOLKIT_\n  ML___DEFER_\n  PURPOSE_SYSTEM_\n  NEWCHAIN_\n  ML___SUPPORT_DOCS_NEEDED_\n  TWO_STAGE_BRIDGE_\n  ECOSYSTEM_INTELLIGENCE_\n  RECURSIVE_IMPROVEMENT_\n  LEGACY_TERM___USE_APPROVED_\n}",
        "scope": "global"
      },
      "scope": "global",
      "id": "de2dbc1b-730a-4edd-8ba2-486e73533746",
      "index": 41,
      "timestamp": "2024-12-17T11:06:01.594Z",
      "hash": "w/fwRnDU92ghXLWGFrv0C/17b+0=",
      "skip": 0
    },
    {
      "type": "SET_STATE_SCHEMA",
      "input": {
        "schema": "type AtlasExploratoryState {\n  name: String!\n  docNo: String!\n  parent: PHID!\n  atlasType: AtlasType! ###\n  content: String\n  masterStatus: Status!\n  globalTags: [GlobalTag!]!\n  references: [PHID!]!\n  provenance: URL\n  notionId: String\n  findings: Finding!\n  additionalGuidance: String\n}\n\ntype Finding {\n  isAligned: Boolean!\n  comment: String\n}\n\nenum Status {\n  PLACEHOLDER\n  PROVISIONAL\n  APPROVED\n  DEFERRED\n  ARCHIVED\n}\n\nenum GlobalTag {\n  SCOPE_ADVISOR_\n  AVC_\n  CAIS_\n  ML___LOW_PRIORITY_\n  EXTERNAL_REFERENCE_\n  DAO_TOOLKIT_\n  ML___DEFER_\n  PURPOSE_SYSTEM_\n  NEWCHAIN_\n  ML___SUPPORT_DOCS_NEEDED_\n  TWO_STAGE_BRIDGE_\n  ECOSYSTEM_INTELLIGENCE_\n  RECURSIVE_IMPROVEMENT_\n  LEGACY_TERM___USE_APPROVED_\n}",
        "scope": "global"
      },
      "scope": "global",
      "id": "8b22e6f0-ad48-4f2c-a3f7-18ca10f34a37",
      "index": 42,
      "timestamp": "2024-12-17T11:06:03.096Z",
      "hash": "QYg4MUpDKzG1SOYqTW1kHcidbAo=",
      "skip": 0
    },
    {
      "type": "SET_STATE_SCHEMA",
      "input": {
        "schema": "type AtlasExploratoryState {\n  name: String!\n  docNo: String!\n  parent: PHID!\n  atlasType: AtlasType! ###\n  content: String\n  masterStatus: Status!\n  globalTags: [GlobalTag!]!\n  references: [PHID!]!\n  provenance: URL\n  notionId: String\n  findings: Finding!\n  additionalGuidance: String\n}\n\ntype Finding {\n  isAligned: Boolean!\n  comment: String\n}\n\n\nenum Status {\n  PLACEHOLDER\n  PROVISIONAL\n  APPROVED\n  DEFERRED\n  ARCHIVED\n}\n\nenum GlobalTag {\n  SCOPE_ADVISOR_\n  AVC_\n  CAIS_\n  ML___LOW_PRIORITY_\n  EXTERNAL_REFERENCE_\n  DAO_TOOLKIT_\n  ML___DEFER_\n  PURPOSE_SYSTEM_\n  NEWCHAIN_\n  ML___SUPPORT_DOCS_NEEDED_\n  TWO_STAGE_BRIDGE_\n  ECOSYSTEM_INTELLIGENCE_\n  RECURSIVE_IMPROVEMENT_\n  LEGACY_TERM___USE_APPROVED_\n}",
        "scope": "global"
      },
      "scope": "global",
      "id": "3340d048-2628-4fae-9377-8438fd3fc7a8",
      "index": 43,
      "timestamp": "2024-12-17T11:06:06.600Z",
      "hash": "GPG5PYbBH3ZRT5AQwRCYXNlX9vk=",
      "skip": 0
    },
    {
      "type": "SET_STATE_SCHEMA",
      "input": {
        "schema": "type AtlasExploratoryState {\n  name: String!\n  docNo: String!\n  parent: PHID!\n  atlasType: AtlasType! ###\n  content: String\n  masterStatus: Status!\n  globalTags: [GlobalTag!]!\n  references: [PHID!]!\n  provenance: URL\n  notionId: String\n  findings: Finding!\n  additionalGuidance: String\n}\n\ntype Finding {\n  isAligned: Boolean!\n  comment: String\n}\n\nenum\nenum Status {\n  PLACEHOLDER\n  PROVISIONAL\n  APPROVED\n  DEFERRED\n  ARCHIVED\n}\n\nenum GlobalTag {\n  SCOPE_ADVISOR_\n  AVC_\n  CAIS_\n  ML___LOW_PRIORITY_\n  EXTERNAL_REFERENCE_\n  DAO_TOOLKIT_\n  ML___DEFER_\n  PURPOSE_SYSTEM_\n  NEWCHAIN_\n  ML___SUPPORT_DOCS_NEEDED_\n  TWO_STAGE_BRIDGE_\n  ECOSYSTEM_INTELLIGENCE_\n  RECURSIVE_IMPROVEMENT_\n  LEGACY_TERM___USE_APPROVED_\n}",
        "scope": "global"
      },
      "scope": "global",
      "id": "5b127666-d810-48a1-901a-4fe2cae0582e",
      "index": 44,
      "timestamp": "2024-12-17T11:06:09.658Z",
      "hash": "1S/9cfbzmn+8Igo6Fq6oFXODw+M=",
      "skip": 0
    },
    {
      "type": "SET_STATE_SCHEMA",
      "input": {
        "schema": "type AtlasExploratoryState {\n  name: String!\n  docNo: String!\n  parent: PHID!\n  atlasType: AtlasType! ###\n  content: String\n  masterStatus: Status!\n  globalTags: [GlobalTag!]!\n  references: [PHID!]!\n  provenance: URL\n  notionId: String\n  findings: Finding!\n  additionalGuidance: String\n}\n\ntype Finding {\n  isAligned: Boolean!\n  comment: String\n}\n\nenum Atlas\nenum Status {\n  PLACEHOLDER\n  PROVISIONAL\n  APPROVED\n  DEFERRED\n  ARCHIVED\n}\n\nenum GlobalTag {\n  SCOPE_ADVISOR_\n  AVC_\n  CAIS_\n  ML___LOW_PRIORITY_\n  EXTERNAL_REFERENCE_\n  DAO_TOOLKIT_\n  ML___DEFER_\n  PURPOSE_SYSTEM_\n  NEWCHAIN_\n  ML___SUPPORT_DOCS_NEEDED_\n  TWO_STAGE_BRIDGE_\n  ECOSYSTEM_INTELLIGENCE_\n  RECURSIVE_IMPROVEMENT_\n  LEGACY_TERM___USE_APPROVED_\n}",
        "scope": "global"
      },
      "scope": "global",
      "id": "22de8ce8-308c-4e7c-a58d-d6d2cccba9d6",
      "index": 45,
      "timestamp": "2024-12-17T11:06:11.078Z",
      "hash": "FZiZS+//eZLgFIE1IbhcZeGrVVA=",
      "skip": 0
    },
    {
      "type": "SET_STATE_SCHEMA",
      "input": {
        "schema": "type AtlasExploratoryState {\n  name: String!\n  docNo: String!\n  parent: PHID!\n  atlasType: AtlasType! ###\n  content: String\n  masterStatus: Status!\n  globalTags: [GlobalTag!]!\n  references: [PHID!]!\n  provenance: URL\n  notionId: String\n  findings: Finding!\n  additionalGuidance: String\n}\n\ntype Finding {\n  isAligned: Boolean!\n  comment: String\n}\n\nenum AtlasType \nenum Status {\n  PLACEHOLDER\n  PROVISIONAL\n  APPROVED\n  DEFERRED\n  ARCHIVED\n}\n\nenum GlobalTag {\n  SCOPE_ADVISOR_\n  AVC_\n  CAIS_\n  ML___LOW_PRIORITY_\n  EXTERNAL_REFERENCE_\n  DAO_TOOLKIT_\n  ML___DEFER_\n  PURPOSE_SYSTEM_\n  NEWCHAIN_\n  ML___SUPPORT_DOCS_NEEDED_\n  TWO_STAGE_BRIDGE_\n  ECOSYSTEM_INTELLIGENCE_\n  RECURSIVE_IMPROVEMENT_\n  LEGACY_TERM___USE_APPROVED_\n}",
        "scope": "global"
      },
      "scope": "global",
      "id": "53872b68-cf29-40e7-aacd-4a15e9d467d8",
      "index": 46,
      "timestamp": "2024-12-17T11:06:12.420Z",
      "hash": "FTJXB7iRkB75n8qi8b8qLMsk4wk=",
      "skip": 0
    },
    {
      "type": "SET_STATE_SCHEMA",
      "input": {
        "schema": "type AtlasExploratoryState {\n  name: String!\n  docNo: String!\n  parent: PHID!\n  atlasType: AtlasType! ###\n  content: String\n  masterStatus: Status!\n  globalTags: [GlobalTag!]!\n  references: [PHID!]!\n  provenance: URL\n  notionId: String\n  findings: Finding!\n  additionalGuidance: String\n}\n\ntype Finding {\n  isAligned: Boolean!\n  comment: String\n}\n\nenum AtlasType {\n\n  \n}\nenum Status {\n  PLACEHOLDER\n  PROVISIONAL\n  APPROVED\n  DEFERRED\n  ARCHIVED\n}\n\nenum GlobalTag {\n  SCOPE_ADVISOR_\n  AVC_\n  CAIS_\n  ML___LOW_PRIORITY_\n  EXTERNAL_REFERENCE_\n  DAO_TOOLKIT_\n  ML___DEFER_\n  PURPOSE_SYSTEM_\n  NEWCHAIN_\n  ML___SUPPORT_DOCS_NEEDED_\n  TWO_STAGE_BRIDGE_\n  ECOSYSTEM_INTELLIGENCE_\n  RECURSIVE_IMPROVEMENT_\n  LEGACY_TERM___USE_APPROVED_\n}",
        "scope": "global"
      },
      "scope": "global",
      "id": "3e68f8a4-92a2-463a-9559-63d4e99f4111",
      "index": 47,
      "timestamp": "2024-12-17T11:06:13.565Z",
      "hash": "lezR0IT6Jcr34iOWy1fvCn5Azs8=",
      "skip": 0
    },
    {
      "type": "SET_STATE_SCHEMA",
      "input": {
        "schema": "type AtlasExploratoryState {\n  name: String!\n  docNo: String!\n  parent: PHID!\n  atlasType: AtlasType! ###\n  content: String\n  masterStatus: Status!\n  globalTags: [GlobalTag!]!\n  references: [PHID!]!\n  provenance: URL\n  notionId: String\n  findings: Finding!\n  additionalGuidance: String\n}\n\ntype Finding {\n  isAligned: Boolean!\n  comment: String\n}\n\nenum AtlasType {\nSCENARIO\nSCENARIO_VARI\n  \n}\nenum Status {\n  PLACEHOLDER\n  PROVISIONAL\n  APPROVED\n  DEFERRED\n  ARCHIVED\n}\n\nenum GlobalTag {\n  SCOPE_ADVISOR_\n  AVC_\n  CAIS_\n  ML___LOW_PRIORITY_\n  EXTERNAL_REFERENCE_\n  DAO_TOOLKIT_\n  ML___DEFER_\n  PURPOSE_SYSTEM_\n  NEWCHAIN_\n  ML___SUPPORT_DOCS_NEEDED_\n  TWO_STAGE_BRIDGE_\n  ECOSYSTEM_INTELLIGENCE_\n  RECURSIVE_IMPROVEMENT_\n  LEGACY_TERM___USE_APPROVED_\n}",
        "scope": "global"
      },
      "scope": "global",
      "id": "018e7ca3-637f-46e5-bdd8-efe34f8c98cc",
      "index": 48,
      "timestamp": "2024-12-17T11:06:19.797Z",
      "hash": "9qenp4wbb/ZJJCjs49zzGTj/RFI=",
      "skip": 0
    },
    {
      "type": "SET_STATE_SCHEMA",
      "input": {
        "schema": "type AtlasExploratoryState {\n  name: String!\n  docNo: String!\n  parent: PHID!\n  atlasType: AtlasType! ###\n  content: String\n  masterStatus: Status!\n  globalTags: [GlobalTag!]!\n  references: [PHID!]!\n  provenance: URL\n  notionId: String\n  findings: Finding!\n  additionalGuidance: String\n}\n\ntype Finding {\n  isAligned: Boolean!\n  comment: String\n}\n\nenum AtlasType {\nSCENARIO\nSCENARIO_VARIATION\n  \n}\nenum Status {\n  PLACEHOLDER\n  PROVISIONAL\n  APPROVED\n  DEFERRED\n  ARCHIVED\n}\n\nenum GlobalTag {\n  SCOPE_ADVISOR_\n  AVC_\n  CAIS_\n  ML___LOW_PRIORITY_\n  EXTERNAL_REFERENCE_\n  DAO_TOOLKIT_\n  ML___DEFER_\n  PURPOSE_SYSTEM_\n  NEWCHAIN_\n  ML___SUPPORT_DOCS_NEEDED_\n  TWO_STAGE_BRIDGE_\n  ECOSYSTEM_INTELLIGENCE_\n  RECURSIVE_IMPROVEMENT_\n  LEGACY_TERM___USE_APPROVED_\n}",
        "scope": "global"
      },
      "scope": "global",
      "id": "dd3a161a-e56d-4832-8ebd-677ffdc865d9",
      "index": 49,
      "timestamp": "2024-12-17T11:06:21.102Z",
      "hash": "vmAUc0WmfofRL0Ev7Wi0yGoNzaQ=",
      "skip": 0
    },
    {
      "type": "SET_OPERATION_SCHEMA",
      "input": {
        "id": "6oXxrcAEfugZg8uEIEWrmL/LHII=",
        "schema": "input UpdateScenarioInput {\n  name: String\n  parent: PHID! \n  content: String\n  masterStatus: [Status!]!\n  globalTags: [String]\n  references: [PHID!]!\n  findings: UpdateFindingInput # Optional inclusion for modularity\n  additionalGuidance: String\n}\n\ninput UpdateFindingInput {\n  isAligned: Boolean! # True if aligned, false if misaligned\n  comment: String # Optional context or explanation about the finding\n}\n\n\nenum AtlasType {\nANNOTATION\nNEEDED_RESEARCH \n}\n\nenum Status {\n  PLACEHOLDER\n  PROVISIONAL\n  APPROVED\n  DEFERRED\n  ARCHIVED\n}\n\nenum GlobalTag {\n  SCOPE_ADVISOR_\n  AVC_\n  CAIS_\n  ML___LOW_PRIORITY_\n  EXTERNAL_REFERENCE_\n  DAO_TOOLKIT_\n  ML___DEFER_\n  PURPOSE_SYSTEM_\n  NEWCHAIN_\n  ML___SUPPORT_DOCS_NEEDED_\n  TWO_STAGE_BRIDGE_\n  ECOSYSTEM_INTELLIGENCE_\n  RECURSIVE_IMPROVEMENT_\n  LEGACY_TERM___USE_APPROVED_\n}"
      },
      "scope": "global",
      "id": "48a529fd-fd0f-4c6c-ba68-4c0b212f5fb3",
      "index": 50,
      "timestamp": "2024-12-17T11:09:38.913Z",
      "hash": "qwX7tpRt36i5uohrkYRpL122eLs=",
      "skip": 0
    },
    {
      "type": "SET_OPERATION_SCHEMA",
      "input": {
        "id": "6oXxrcAEfugZg8uEIEWrmL/LHII=",
        "schema": "input UpdateScenarioInput {\n  name: String\n  parent: PHID! \n  content: String\n  masterStatus: [Status!]!\n  globalTags: [String]\n  references: [PHID!]!\n  findings: UpdateFindingInput # Optional inclusion for modularity\n  additionalGuidance: String\n}\n\ninput UpdateFindingInput {\n  isAligned: Boolean! # True if aligned, false if misaligned\n  comment: String # Optional context or explanation about the finding\n}\n\n\nenum AtlasType {\nSCENARIO\nSCENARIO_VARIATION\n}\n\nenum Status {\n  PLACEHOLDER\n  PROVISIONAL\n  APPROVED\n  DEFERRED\n  ARCHIVED\n}\n\nenum GlobalTag {\n  SCOPE_ADVISOR_\n  AVC_\n  CAIS_\n  ML___LOW_PRIORITY_\n  EXTERNAL_REFERENCE_\n  DAO_TOOLKIT_\n  ML___DEFER_\n  PURPOSE_SYSTEM_\n  NEWCHAIN_\n  ML___SUPPORT_DOCS_NEEDED_\n  TWO_STAGE_BRIDGE_\n  ECOSYSTEM_INTELLIGENCE_\n  RECURSIVE_IMPROVEMENT_\n  LEGACY_TERM___USE_APPROVED_\n}"
      },
      "scope": "global",
      "id": "9854385f-ff67-4870-acae-2c0e0e1bc3c0",
      "index": 51,
      "timestamp": "2024-12-17T11:09:46.297Z",
      "hash": "JpS6eHFOoYxW9Y6Uo+BvGvHoiSM=",
      "skip": 0
    },
    {
      "type": "SET_OPERATION_SCHEMA",
      "input": {
        "id": "6oXxrcAEfugZg8uEIEWrmL/LHII=",
        "schema": "input UpdateScenarioInput {\n  name: String\n  parent: PHID! \n  content: String\n  masterStatus: [Status!]\n  globalTags: [String]\n  references: [PHID!]!\n  findings: UpdateFindingInput # Optional inclusion for modularity\n  additionalGuidance: String\n}\n\ninput UpdateFindingInput {\n  isAligned: Boolean! # True if aligned, false if misaligned\n  comment: String # Optional context or explanation about the finding\n}\n\n\nenum AtlasType {\nSCENARIO\nSCENARIO_VARIATION\n}\n\nenum Status {\n  PLACEHOLDER\n  PROVISIONAL\n  APPROVED\n  DEFERRED\n  ARCHIVED\n}\n\nenum GlobalTag {\n  SCOPE_ADVISOR_\n  AVC_\n  CAIS_\n  ML___LOW_PRIORITY_\n  EXTERNAL_REFERENCE_\n  DAO_TOOLKIT_\n  ML___DEFER_\n  PURPOSE_SYSTEM_\n  NEWCHAIN_\n  ML___SUPPORT_DOCS_NEEDED_\n  TWO_STAGE_BRIDGE_\n  ECOSYSTEM_INTELLIGENCE_\n  RECURSIVE_IMPROVEMENT_\n  LEGACY_TERM___USE_APPROVED_\n}"
      },
      "scope": "global",
      "id": "286ce82a-ffe5-4a7d-87f3-a22106ab2051",
      "index": 52,
      "timestamp": "2024-12-17T11:09:58.767Z",
      "hash": "P0KMMmfkprXRVrw48wwiJVWRwBM=",
      "skip": 0
    },
    {
      "type": "SET_OPERATION_SCHEMA",
      "input": {
        "id": "6oXxrcAEfugZg8uEIEWrmL/LHII=",
        "schema": "input UpdateScenarioInput {\n  name: String\n  parent: PHID! \n  content: String\n  masterStatus: [Status!]\n  globalTags: [String]\n  references: [PHID!]\n  findings: UpdateFindingInput # Optional inclusion for modularity\n  additionalGuidance: String\n}\n\ninput UpdateFindingInput {\n  isAligned: Boolean! # True if aligned, false if misaligned\n  comment: String # Optional context or explanation about the finding\n}\n\n\nenum AtlasType {\nSCENARIO\nSCENARIO_VARIATION\n}\n\nenum Status {\n  PLACEHOLDER\n  PROVISIONAL\n  APPROVED\n  DEFERRED\n  ARCHIVED\n}\n\nenum GlobalTag {\n  SCOPE_ADVISOR_\n  AVC_\n  CAIS_\n  ML___LOW_PRIORITY_\n  EXTERNAL_REFERENCE_\n  DAO_TOOLKIT_\n  ML___DEFER_\n  PURPOSE_SYSTEM_\n  NEWCHAIN_\n  ML___SUPPORT_DOCS_NEEDED_\n  TWO_STAGE_BRIDGE_\n  ECOSYSTEM_INTELLIGENCE_\n  RECURSIVE_IMPROVEMENT_\n  LEGACY_TERM___USE_APPROVED_\n}"
      },
      "scope": "global",
      "id": "f2e4e815-b3e7-408d-bcf7-15377a58861d",
      "index": 53,
      "timestamp": "2024-12-17T11:10:00.000Z",
      "hash": "2u+I5lOu2uoo4pTahYfKl92A7yo=",
      "skip": 0
    },
    {
      "type": "ADD_OPERATION",
      "input": {
        "id": "S2c2js+Y2q1Cv4GJ36yM9TMi4EQ=",
        "moduleId": "Opt/cjHs4YyTf3vPyEBe6EzkGcA=",
        "name": "POPULATE_EXPLORATORY"
      },
      "scope": "global",
      "id": "9673daf1-ae83-421e-895e-9a22050098a5",
      "index": 54,
      "timestamp": "2024-12-17T11:10:45.575Z",
      "hash": "DpjrJJUveotVetELG5c2OrgtWqs=",
      "skip": 0
    },
    {
      "type": "SET_OPERATION_SCHEMA",
      "input": {
        "id": "S2c2js+Y2q1Cv4GJ36yM9TMi4EQ=",
        "schema": "input PopulateExploratoryInput {\n  \"Add your inputs here\"\n  _placeholder: String\n}"
      },
      "scope": "global",
      "id": "0ba66151-9407-4637-8712-2d1f63f2896b",
      "index": 55,
      "timestamp": "2024-12-17T11:10:45.603Z",
      "hash": "rE8TobiflET2WfpoA751dRwspmk=",
      "skip": 0
    },
    {
      "type": "SET_OPERATION_NAME",
      "input": {
        "id": "6oXxrcAEfugZg8uEIEWrmL/LHII=",
        "name": "UPDATE_EXPLORATORY"
      },
      "scope": "global",
      "id": "c9c24f1b-7d9c-4e81-af81-2706bab8b158",
      "index": 56,
      "timestamp": "2024-12-17T11:10:52.111Z",
      "hash": "h2qOaRrNU1E/t+ktPMqx3TthVp8=",
      "skip": 0
    },
    {
      "type": "SET_OPERATION_SCHEMA",
      "input": {
        "id": "S2c2js+Y2q1Cv4GJ36yM9TMi4EQ=",
        "schema": "input PopulateExploratoryInput {\n  name: String!\n  docNo: String!\n  parent: PHID!\n  atlasType: AtlasType! ###\n  content: String\n  masterStatus: Status!\n  globalTags: [GlobalTag!]!\n  references: [PHID!]!\n  provenance: URL\n  notionId: String\n  findings: Finding!\n  additionalGuidance: String\n}"
      },
      "scope": "global",
      "id": "2ae3a993-2581-48bd-aa40-d92f45d54149",
      "index": 57,
      "timestamp": "2024-12-17T11:11:05.546Z",
      "hash": "hJIwV/anly/pBLHA4Nndf2tdd4Y=",
      "skip": 0
    },
    {
      "type": "SET_OPERATION_SCHEMA",
      "input": {
        "id": "S2c2js+Y2q1Cv4GJ36yM9TMi4EQ=",
        "schema": "input PopulateExploratoryInput {\n  name: String!\n  docNo: String!\n  parent: PHID!\n  atlasType: AtlasType!\n  content: String\n  masterStatus: Status!\n  globalTags: [GlobalTag!]!\n  references: [PHID!]!\n  provenance: URL\n  notionId: String\n  findings: Finding!\n  additionalGuidance: String\n}"
      },
      "scope": "global",
      "id": "dc2056b9-3d76-4815-bce6-4da1caeaef8c",
      "index": 58,
      "timestamp": "2024-12-17T11:11:07.554Z",
      "hash": "5Pva8mNCAAerR7wqDlJGDol9dLM=",
      "skip": 0
    },
    {
      "type": "SET_OPERATION_SCHEMA",
      "input": {
        "id": "S2c2js+Y2q1Cv4GJ36yM9TMi4EQ=",
        "schema": "input PopulateExploratoryInput {\n  name: String!\n  docNo: String!\n  parent: PHID!\n  atlasType: AtlasType!\n  content: String\n  masterStatus: Status!\n  globalTags: [GlobalTag!]\n  references: [PHID!]!\n  provenance: URL\n  notionId: String\n  findings: Finding!\n  additionalGuidance: String\n}"
      },
      "scope": "global",
      "id": "93b75268-e687-4b26-b110-fcad0f580921",
      "index": 59,
      "timestamp": "2024-12-17T11:11:08.255Z",
      "hash": "2i87Eaz0xhwWxvvYQ1wYLDAHjFg=",
      "skip": 0
    },
    {
      "type": "SET_OPERATION_SCHEMA",
      "input": {
        "id": "S2c2js+Y2q1Cv4GJ36yM9TMi4EQ=",
        "schema": "input PopulateExploratoryInput {\n  name: String!\n  docNo: String!\n  parent: PHID!\n  atlasType: AtlasType!\n  content: String\n  masterStatus: Status!\n  globalTags: [GlobalTag!]\n  references: [PHID!]\n  provenance: URL\n  notionId: String\n  findings: Finding!\n  additionalGuidance: String\n}"
      },
      "scope": "global",
      "id": "42a57701-04b4-4414-bf78-132480f4efcc",
      "index": 60,
      "timestamp": "2024-12-17T11:11:08.908Z",
      "hash": "fy/+KZ984LLdxqO8Qsj04VWD328=",
      "skip": 0
    },
    {
      "type": "SET_OPERATION_SCHEMA",
      "input": {
        "id": "S2c2js+Y2q1Cv4GJ36yM9TMi4EQ=",
        "schema": "input PopulateExploratoryInput {\n  name: String!\n  docNo: String!\n  parent: PHID!\n  atlasType: AtlasType!\n  content: String\n  masterStatus: Status!\n  globalTags: [GlobalTag!]\n  references: [PHID!]\n  provenance: URL\n  notionId: String\n  findings: Finding!\n  additionalGuidance: String\n}\n\n\ninput UpdateFindingInput {\n  isAligned: Boolean! # True if aligned, false if misaligned\n  comment: String # Optional context or explanation about the finding\n}\n\n\nenum AtlasType {\nSCENARIO\nSCENARIO_VARIATION\n}\n\nenum Status {\n  PLACEHOLDER\n  PROVISIONAL\n  APPROVED\n  DEFERRED\n  ARCHIVED\n}\n\nenum GlobalTag {\n  SCOPE_ADVISOR_\n  AVC_\n  CAIS_\n  ML___LOW_PRIORITY_\n  EXTERNAL_REFERENCE_\n  DAO_TOOLKIT_\n  ML___DEFER_\n  PURPOSE_SYSTEM_\n  NEWCHAIN_\n  ML___SUPPORT_DOCS_NEEDED_\n  TWO_STAGE_BRIDGE_\n  ECOSYSTEM_INTELLIGENCE_\n  RECURSIVE_IMPROVEMENT_\n  LEGACY_TERM___USE_APPROVED_\n}"
      },
      "scope": "global",
      "id": "d266212b-13b1-4634-b16d-e5d8e9bc6197",
      "index": 61,
      "timestamp": "2024-12-17T11:11:27.934Z",
      "hash": "c4D+mfPOyYNktR5B7+5gO0pkR0E=",
      "skip": 0
    }
  ],
  "local": []
}